OBJECTID,ACCIDENT_NO,ABS_CODE,ACCIDENT_STATUS,ACCIDENT_DATE,ACCIDENT_TIME,ALCOHOLTIME,ACCIDENT_TYPE,DAY_OF_WEEK,DCA_CODE,HIT_RUN_FLAG,LIGHT_CONDITION,POLICE_ATTEND,ROAD_GEOMETRY,SEVERITY,SPEED_ZONE,RUN_OFFROAD,NODE_ID,LONGITUDE,LATITUDE,NODE_TYPE,LGA_NAME,REGION_NAME,VICGRID_X,VICGRID_Y,TOTAL_PERSONS,INJ_OR_FATAL,FATALITY,SERIOUSINJURY,OTHERINJURY,NONINJURED,MALES,FEMALES,BICYCLIST,PASSENGER,DRIVER,PEDESTRIAN,PILLION,MOTORIST,UNKNOWN,PED_CYCLIST_5_12,PED_CYCLIST_13_18,OLD_PEDESTRIAN,OLD_DRIVER,YOUNG_DRIVER,ALCOHOL_RELATED,UNLICENCSED,NO_OF_VEHICLES,HEAVYVEHICLE,PASSENGERVEHICLE,MOTORCYCLE,PUBLICVEHICLE,DEG_URBAN_NAME,DEG_URBAN_ALL,LGA_NAME_ALL,REGION_NAME_ALL,SRNS,SRNS_ALL,RMA,RMA_ALL,DIVIDED,DIVIDED_ALL,STAT_DIV_NAME
3401832,T20130014039,ABS to receive accident,Finished,6/7/2013,18.00.00,Yes,Struck Pedestrian,Saturday,PED NEAR SIDE. PED HIT BY VEHICLE FROM THE RIGHT.,Yes,Dark Street lights on,Yes,T intersection,Other injury accident,60 km/hr,No,241846,145.02954,-37.7232,Intersection,DAREBIN,METROPOLITAN NORTH WEST REGION,2502603.677,2419745.681,5,4,0,0,4,1,2,3,0,0,0,3,1,1,0,0,0,0,0,0,No,0,1,0,0,1,0,MELB_URBAN,MELB_URBAN,DAREBIN,METROPOLITAN NORTH WEST REGION,,,Arterial Highway,"Arterial Highway,Local Road",Divided,"Div,Undiv",Metro
3401833,T20130014042,ABS to receive accident,Finished,6/7/2013,19.15.00,Yes,Collision with vehicle,Saturday,REAR END(VEHICLES IN SAME LANE),No,Dark Street lights on,Yes,Not at intersection,Other injury accident,100 km/hr,No,263275,145.32047,-38.02752,Non-Intersection,CASEY,METROPOLITAN SOUTH EAST REGION,2528137.302,2385922.17,3,2,0,0,2,1,1,2,0,1,2,0,0,0,0,0,0,0,0,0,No,0,2,0,2,0,0,MELB_URBAN,MELB_URBAN,CASEY,METROPOLITAN SOUTH EAST REGION,M,M,Freeway,Freeway,Divided,Div,Metro
3401834,T20130014044,ABS to receive accident,Finished,6/7/2013,18.35.00,Yes,Collision with vehicle,Saturday,REAR END(VEHICLES IN SAME LANE),No,Dark Street lights on,Yes,T intersection,Other injury accident,80 km/hr,No,37362,144.77463,-37.696,Intersection,BRIMBANK,METROPOLITAN NORTH WEST REGION,2480125.043,2422740.985,4,1,0,0,1,3,1,3,0,0,4,0,0,0,0,0,0,0,0,1,No,0,4,0,4,0,0,MELB_URBAN,MELB_URBAN,BRIMBANK,METROPOLITAN NORTH WEST REGION,C,C,Arterial Other,"Arterial Other,Local Road",Divided,"Div,Undiv",Metro
3401835,T20130013894,ABS to receive accident,Finished,4/7/2013,14.10.00,No,Collision with vehicle,Thursday,LANE CHANGE RIGHT (NOT OVERTAKING),No,Day,Yes,Not at intersection,Other injury accident,60 km/hr,No,261571,145.0281,-37.80828,Non-Intersection,BOROONDARA,METROPOLITAN SOUTH EAST REGION,2502474.354,2410303.16,2,1,0,0,1,1,2,0,0,0,2,0,0,0,0,0,0,0,0,0,No,0,2,0,2,0,0,MELB_URBAN,MELB_URBAN,BOROONDARA,METROPOLITAN SOUTH EAST REGION,,,Arterial Other,Arterial Other,Undivided,Undiv,Metro
3401836,T20130013901,ABS to receive accident,Finished,4/7/2013,15.05.00,No,Collision with vehicle,Thursday,REAR END(VEHICLES IN SAME LANE),No,Day,Yes,Cross intersection,Other injury accident,80 km/hr,No,41745,145.14011,-37.91636,Intersection,MONASH,METROPOLITAN SOUTH EAST REGION,2512319.708,2398298.815,2,1,0,0,1,1,1,1,0,0,2,0,0,0,0,0,0,0,0,1,No,0,2,0,2,0,0,MELB_URBAN,MELB_URBAN,MONASH,METROPOLITAN SOUTH EAST REGION,,,Arterial Highway,"Arterial Highway,Arterial Other",Divided,Div,Metro
3401837,T20130013902,ABS to receive accident,Finished,4/7/2013,10.50.00,No,Struck Pedestrian,Thursday,PED NEAR SIDE. PED HIT BY VEHICLE FROM THE RIGHT.,No,Day,Yes,Cross intersection,Serious injury accident,50 km/hr,No,35355,144.96226,-37.81228,Intersection,MELBOURNE,METROPOLITAN NORTH WEST REGION,2496676.714,2409858.735,3,1,0,1,0,2,2,1,0,1,1,1,0,0,0,0,0,1,0,0,No,0,1,0,1,0,0,MELBOURNE_CBD,MELBOURNE_CBD,MELBOURNE,METROPOLITAN NORTH WEST REGION,,,Local Road,Local Road,Divided,"Div,Undiv",Metro
3401838,T20130013904,ABS to receive accident,Finished,4/7/2013,15.37.00,No,Collision with vehicle,Thursday,LANE CHANGE LEFT (NOT OVERTAKING),No,Day,Yes,Not at intersection,Other injury accident,40 km/hr,No,261659,144.98346,-37.80365,Non-Intersection,YARRA,METROPOLITAN NORTH WEST REGION,2498543.66,2410817.227,2,1,0,0,1,1,1,1,0,0,1,0,0,1,0,0,0,0,0,0,No,0,2,0,1,1,0,MELB_URBAN,MELB_URBAN,YARRA,METROPOLITAN NORTH WEST REGION,,,Local Road,Local Road,Undivided,Undiv,Metro
3401839,T20130013905,ABS to receive accident,Finished,4/7/2013,15.40.00,No,Struck Pedestrian,Thursday,PED ON FOOTHPATH STRUCK BY VEHENTERING/LEAVING DRIVEWAY.,No,Day,Yes,Not at intersection,Other injury accident,50 km/hr,No,261660,144.97452,-37.71082,Non-Intersection,MORELAND,METROPOLITAN NORTH WEST REGION,2497753.742,2421119.747,2,1,0,0,1,1,0,2,0,0,1,1,0,0,0,0,0,1,0,0,No,0,1,0,1,0,0,MELB_URBAN,MELB_URBAN,MORELAND,METROPOLITAN NORTH WEST REGION,,,Local Road,Local Road,Undivided,Undiv,Metro
3401840,T20130013909,ABS to receive accident,Finished,4/7/2013,16.22.00,No,Collision with vehicle,Thursday,RIGHT THROUGH,No,Dusk/Dawn,Yes,Cross intersection,Other injury accident,60 km/hr,No,29382,144.95118,-37.8318,Intersection,PORT PHILLIP,METROPOLITAN NORTH WEST REGION,2495702.405,2407691.831,2,1,0,0,1,1,1,1,0,0,1,0,0,1,0,0,0,0,0,0,No,0,2,0,1,1,0,MELB_URBAN,MELB_URBAN,PORT PHILLIP,METROPOLITAN NORTH WEST REGION,,,Arterial Other,"Arterial Other,Local Road",Undivided,Undiv,Metro
3401841,T20130013912,ABS to receive accident,Finished,4/7/2013,17.35.00,No,Vehicle overturned (no collision),Thursday,OUT OF CONTROL ON CARRIAGEWAY (ON STRAIGHT),No,Dark Street lights on,Yes,Not at intersection,Other injury accident,80 km/hr,No,261572,144.92746,-37.73498,Non-Intersection,MOONEE VALLEY,METROPOLITAN NORTH WEST REGION,2493606.183,2418436.245,1,1,0,0,1,0,0,1,1,0,0,0,0,0,0,0,0,0,0,0,No,0,1,0,0,0,0,MELB_URBAN,MELB_URBAN,MOONEE VALLEY,METROPOLITAN NORTH WEST REGION,M,M,Freeway,Freeway,Divided,Div,Metro
3401842,T20130013918,ABS to receive accident,Finished,4/7/2013,16.20.00,No,Collision with a fixed object,Thursday,LEFT OFF CARRIAGEWAY INTO OBJECT/PARKED VEHICLE,No,Day,Yes,Not at intersection,Serious injury accident,60 km/hr,Yes,263706,145.33968,-37.80663,Non-Intersection,YARRA RANGES,METROPOLITAN SOUTH EAST REGION,2529911.719,2410433.335,1,1,0,1,0,0,1,0,0,0,1,0,0,0,0,0,0,0,0,0,Yes,0,1,0,1,0,0,MELB_URBAN,MELB_URBAN,YARRA RANGES,METROPOLITAN SOUTH EAST REGION,,,Local Road,Local Road,Undivided,Undiv,Metro
3401843,T20130013919,ABS to receive accident,Finished,4/7/2013,18.50.00,Yes,Collision with vehicle,Thursday,RIGHT NEAR (INTERSECTIONS ONLY),No,Dark Street lights on,Yes,T intersection,Other injury accident,80 km/hr,No,37019,145.30474,-38.03874,Intersection,CASEY,METROPOLITAN SOUTH EAST REGION,2526752.337,2384680.943,2,2,0,0,2,0,1,1,0,0,2,0,0,0,0,0,0,0,0,1,No,0,2,0,2,0,0,MELB_URBAN,MELB_URBAN,CASEY,METROPOLITAN SOUTH EAST REGION,C,C,Arterial Other,"Arterial Other,Local Road",Divided,"Div,Undiv",Metro
3401844,T20130013923,ABS to receive accident,Finished,4/7/2013,18.30.00,Yes,Collision with vehicle,Thursday,REAR END(VEHICLES IN SAME LANE),No,Dark Street lights on,Yes,Not at intersection,Other injury accident,80 km/hr,No,260488,145.03968,-37.84453,Non-Intersection,STONNINGTON,METROPOLITAN SOUTH EAST REGION,2503492.702,2406279.534,3,2,0,0,2,1,1,2,0,1,2,0,0,0,0,0,0,0,0,1,No,0,2,0,2,0,0,MELB_URBAN,MELB_URBAN,STONNINGTON,METROPOLITAN SOUTH EAST REGION,M,M,Freeway,Freeway,Divided,Div,Metro
3401845,T20130013927,ABS to receive accident,Finished,4/7/2013,21.35.00,Yes,Collision with vehicle,Thursday,CROSS TRAFFIC(INTERSECTIONS ONLY),No,Dark Street lights on,Yes,Cross intersection,Other injury accident,60 km/hr,No,64810,145.32895,-37.78915,Intersection,YARRA RANGES,METROPOLITAN SOUTH EAST REGION,2528973.2,2412376.106,2,1,0,0,1,1,1,1,0,0,2,0,0,0,0,0,0,0,0,2,No,0,2,0,2,0,0,MELB_URBAN,MELB_URBAN,YARRA RANGES,METROPOLITAN SOUTH EAST REGION,,,Local Road,Local Road,Undivided,Undiv,Metro
3401846,T20130013929,ABS to receive accident,Finished,4/7/2013,18.25.00,Yes,Collision with vehicle,Thursday,U TURN,No,Dark Street lights on,Yes,T intersection,Fatal accident,80 km/hr,No,827,145.05987,-37.96829,Intersection,KINGSTON,METROPOLITAN SOUTH EAST REGION,2505260.892,2392542.529,4,1,1,0,0,3,2,2,0,2,1,0,0,1,0,0,0,0,0,0,No,0,2,0,1,1,0,MELB_URBAN,MELB_URBAN,KINGSTON,METROPOLITAN SOUTH EAST REGION,,,Arterial Highway,"Arterial Highway,Local Road",Divided,"Div,Undiv",Metro
3401847,T20130013930,ABS to receive accident,Finished,4/7/2013,19.00.00,Yes,Collision with vehicle,Wednesday,REAR END(VEHICLES IN SAME LANE),No,Dark Street lights on,Yes,Not at intersection,Other injury accident,100 km/hr,No,299111,145.19312,-37.93552,Non-Intersection,MONASH,METROPOLITAN SOUTH EAST REGION,2516976.637,2396163.862,2,1,0,0,1,1,0,2,0,0,2,0,0,0,0,0,0,0,0,1,No,0,2,0,2,0,0,MELB_URBAN,MELB_URBAN,MONASH,METROPOLITAN SOUTH EAST REGION,M,M,Freeway,Freeway,Undivided,Undiv,Metro
3401848,T20130013931,ABS to receive accident,Finished,4/7/2013,22.40.00,Yes,Collision with vehicle,Thursday,RIGHT NEAR (INTERSECTIONS ONLY),No,Dark Street lights on,Yes,T intersection,Serious injury accident,60 km/hr,No,38874,145.0242,-37.82131,Intersection,BOROONDARA,METROPOLITAN SOUTH EAST REGION,2502130.997,2408856.531,2,1,0,1,0,1,2,0,0,0,1,0,0,1,0,0,0,0,0,0,No,0,2,0,1,1,0,MELB_URBAN,MELB_URBAN,BOROONDARA,METROPOLITAN SOUTH EAST REGION,,,Arterial Other,"Arterial Other,Local Road",Undivided,Undiv,Metro
3401849,T20130013937,ABS to receive accident,Finished,5/7/2013,06.15.00,No,Struck Pedestrian,Friday,PED PLAYING/LYING/WORKING/STANDING ON CARRIAGEWAY.,Yes,Dusk/Dawn,Yes,Not at intersection,Other injury accident,50 km/hr,No,263273,145.28294,-38.09956,Non-Intersection,CASEY,METROPOLITAN SOUTH EAST REGION,2524818.502,2377936.229,2,1,0,0,1,1,1,1,0,0,1,1,0,0,0,0,0,0,0,0,No,0,1,0,1,0,0,MELB_URBAN,MELB_URBAN,CASEY,METROPOLITAN SOUTH EAST REGION,M,M,Arterial Highway,Arterial Highway,Divided,Div,Metro
3401850,T20130013939,ABS to receive accident,Finished,5/7/2013,07.50.00,No,Collision with vehicle,Friday,RIGHT THROUGH,No,Day,Yes,Cross intersection,Other injury accident,40 km/hr,No,36264,144.9629,-37.80666,Intersection,MELBOURNE,METROPOLITAN NORTH WEST REGION,2496732.808,2410483.013,2,1,0,0,1,1,2,0,1,0,1,0,0,0,0,0,0,0,0,0,No,0,2,0,1,0,0,MELB_URBAN,MELB_URBAN,MELBOURNE,METROPOLITAN NORTH WEST REGION,,,Arterial Other,"Arterial Other,Local Road",Divided,"Div,Undiv",Metro
3401851,T20130013941,ABS to receive accident,Finished,5/7/2013,07.25.00,No,Collision with vehicle,Friday,REAR END(VEHICLES IN SAME LANE),No,Day,Yes,T intersection,Other injury accident,60 km/hr,No,66037,144.89919,-37.81762,Intersection,MARIBYRNONG,METROPOLITAN NORTH WEST REGION,2491123.785,2409261.672,3,1,0,0,1,2,1,2,0,1,2,0,0,0,0,0,0,0,0,1,No,0,2,1,1,0,0,MELB_URBAN,MELB_URBAN,MARIBYRNONG,METROPOLITAN NORTH WEST REGION,,,Arterial Highway,"Arterial Highway,Local Road",Undivided,Undiv,Metro
3401852,T20130013943,ABS to receive accident,Finished,3/7/2013,17.15.00,No,Collision with vehicle,Wednesday,REAR END(VEHICLES IN SAME LANE),No,Day,No,T intersection,Other injury accident,60 km/hr,No,232134,144.88968,-38.3609,Intersection,MORNINGTON PENINSULA,METROPOLITAN SOUTH EAST REGION,2490356.894,2348956.435,2,1,0,0,1,1,0,2,0,0,2,0,0,0,0,0,0,0,0,0,No,0,2,0,2,0,0,MELB_URBAN,MELB_URBAN,MORNINGTON PENINSULA,METROPOLITAN SOUTH EAST REGION,C,C,Arterial Other,"Arterial Other,Local Road",Divided,"Div,Undiv",Metro
3401853,T20130013946,ABS to receive accident,Finished,5/7/2013,09.13.00,No,Struck Pedestrian,Friday,PED NEAR SIDE. PED HIT BY VEHICLE FROM THE RIGHT.,No,Day,Yes,Cross intersection,Serious injury accident,40 km/hr,No,216,144.96068,-37.81496,Intersection,MELBOURNE,METROPOLITAN NORTH WEST REGION,2496538.275,2409560.853,2,1,0,1,0,1,1,1,0,0,1,1,0,0,0,0,1,0,0,0,No,0,1,0,1,0,0,MELBOURNE_CBD,MELBOURNE_CBD,MELBOURNE,METROPOLITAN NORTH WEST REGION,,,Local Road,Local Road,Divided,"Div,Undiv",Metro
3401854,T20130013948,ABS to receive accident,Finished,5/7/2013,09.30.00,No,Collision with vehicle,Friday,RIGHT REAR.,No,Day,Yes,Not at intersection,Other injury accident,60 km/hr,No,261833,144.75662,-36.13868,Non-Intersection,CAMPASPE,NORTHERN REGION,2478095.057,2595541.409,2,1,0,0,1,1,1,1,0,0,2,0,0,0,0,0,0,0,0,0,No,0,2,0,2,0,0,SMALL_CITIES,SMALL_CITIES,CAMPASPE,NORTHERN REGION,,,Local Road,Local Road,Undivided,Undiv,Country
3401855,T20130013953,ABS to receive accident,Finished,5/7/2013,07.30.00,No,Collision with vehicle,Friday,REAR END(VEHICLES IN SAME LANE),No,Day,Yes,T intersection,Other injury accident,70 km/hr,No,261670,145.18901,-37.87682,Intersection,MONASH,METROPOLITAN SOUTH EAST REGION,2516628.116,2402679.748,2,1,0,0,1,1,0,2,0,0,2,0,0,0,0,0,0,0,0,0,No,0,2,0,2,0,0,MELB_URBAN,MELB_URBAN,MONASH,METROPOLITAN SOUTH EAST REGION,,,Arterial Other,"Arterial Other,Local Road",Divided,"Div,Undiv",Metro
3401856,T20130013955,ABS to receive accident,Finished,4/7/2013,21.58.00,Yes,collision with some other object,Thursday,STRUCK OBJECT ON CARRIAGEWAY,No,Dark No street lights,Yes,Not at intersection,Other injury accident,100 km/hr,No,261666,145.28061,-37.37391,Non-Intersection,MURRINDINDI,NORTH EASTERN REGION,2524851.278,2458472.779,2,1,0,0,1,1,1,1,0,1,1,0,0,0,0,0,0,0,0,0,No,0,1,0,1,0,0,RURAL_VICTORIA,RURAL_VICTORIA,"MURRINDINDI,MURRINDINDI",NORTH EASTERN REGION,C,C,Arterial Other,Arterial Other,Undivided,Undiv,Country
3401857,T20130013957,ABS to receive accident,Finished,5/7/2013,06.25.00,No,Collision with vehicle,Friday,RIGHT THROUGH,No,Dark Street lights on,Yes,Cross intersection,Fatal accident,60 km/hr,No,37962,145.00631,-37.74549,Intersection,DAREBIN,METROPOLITAN NORTH WEST REGION,2500555.69,2417271.773,2,1,1,0,0,1,2,0,0,0,2,0,0,0,0,0,0,0,0,0,No,0,2,0,2,0,0,MELB_URBAN,MELB_URBAN,DAREBIN,METROPOLITAN NORTH WEST REGION,,,Arterial Highway,"Arterial Highway,Local Road,Arterial Other",Divided,"Div,Undiv",Metro
3401858,T20130013958,ABS to receive accident,Finished,5/7/2013,11.00.00,No,Collision with vehicle,Friday,CROSS TRAFFIC(INTERSECTIONS ONLY),No,Day,Yes,Cross intersection,Serious injury accident,60 km/hr,No,52886,143.85294,-37.56366,Intersection,BALLARAT,WESTERN REGION,2398669.926,2436841.526,3,2,0,1,1,1,2,1,0,1,2,0,0,0,0,0,0,0,1,1,No,0,2,0,1,0,0,LARGE_PROVINCIAL_CITIES,LARGE_PROVINCIAL_CITIES,BALLARAT,WESTERN REGION,,,Local Road,Local Road,Undivided,Undiv,Country
3401859,T20130013963,ABS to receive accident,Finished,5/7/2013,13.00.00,No,Collision with vehicle,Friday,RIGHT THROUGH,No,Day,Yes,T intersection,Other injury accident,60 km/hr,No,29680,145.05902,-37.94763,Intersection,KINGSTON,METROPOLITAN SOUTH EAST REGION,2505187.854,2394835.13,5,1,0,0,1,4,2,3,0,3,2,0,0,0,0,0,0,0,0,0,No,0,2,0,2,0,0,MELB_URBAN,MELB_URBAN,KINGSTON,METROPOLITAN SOUTH EAST REGION,,,Arterial Other,Arterial Other,Undivided,Undiv,Metro
3401860,T20130013965,ABS to receive accident,Finished,5/7/2013,06.00.00,Yes,Collision with a fixed object,Friday,RIGHT OFF CARRIAGEWAY INTO OBJECT/PARKED VEHICLE,No,Dark No street lights,Yes,Not at intersection,Serious injury accident,110 km/hr,Yes,261777,144.98165,-37.43498,Non-Intersection,MITCHELL,NORTHERN REGION,2498375.949,2451731.929,1,1,0,1,0,0,1,0,0,0,1,0,0,0,0,0,0,0,0,0,Yes,0,1,0,1,0,0,RURAL_VICTORIA,RURAL_VICTORIA,MITCHELL,NORTHERN REGION,M,M,Freeway,Freeway,Divided,Div,Country
3401861,T20130013966,ABS to receive accident,Finished,5/7/2013,12.25.00,No,Collision with vehicle,Friday,VEHICLE OFF FOOTPATH STRIKES VEH ON CARRIAGEWAY,No,Day,Yes,Cross intersection,Other injury accident,60 km/hr,No,36395,144.97332,-37.79522,Intersection,MELBOURNE,METROPOLITAN NORTH WEST REGION,2497650.266,2411753.127,3,1,0,0,1,2,1,2,1,1,1,0,0,0,0,0,0,0,0,0,No,0,2,0,1,0,0,MELB_URBAN,MELB_URBAN,MELBOURNE,METROPOLITAN NORTH WEST REGION,,,Local Road,Local Road,Divided,Div,Metro
3401862,T20130013971,ABS to receive accident,Finished,4/7/2013,13.05.00,No,Vehicle overturned (no collision),Thursday,OFF CARRIAGEWAY TO LEFT,No,Day,Yes,Not at intersection,Serious injury accident,100 km/hr,Yes,263469,145.47124,-36.61907,Non-Intersection,STRATHBOGIE,NORTH EASTERN REGION,2542148.958,2542162.941,1,1,0,1,0,0,1,0,0,0,1,0,0,0,0,0,0,0,0,0,No,0,1,0,1,0,0,RURAL_VICTORIA,RURAL_VICTORIA,STRATHBOGIE,NORTH EASTERN REGION,C,C,Arterial Other,Arterial Other,Undivided,Undiv,Country
3401863,T20130013973,ABS to receive accident,Finished,5/7/2013,15.00.00,No,Collision with vehicle,Thursday,RIGHT THROUGH,No,Day,Yes,Multiple intersection,Serious injury accident,70 km/hr,No,328,145.02866,-37.68629,Non-Intersection,WHITTLESEA,METROPOLITAN NORTH WEST REGION,2502527.76,2423842.101,4,1,0,1,0,3,1,3,0,2,2,0,0,0,0,0,0,0,0,0,No,0,2,0,2,0,0,MELB_URBAN,MELB_URBAN,WHITTLESEA,METROPOLITAN NORTH WEST REGION,,,,,,,Metro
3401864,T20130013975,ABS to receive accident,Finished,5/7/2013,14.35.00,No,Collision with a fixed object,Friday,OFF LEFT BEND INTO OBJECT/PARKED VEHICLE,No,Day,Yes,Not at intersection,Other injury accident,100 km/hr,Yes,262507,145.3968,-37.94027,Non-Intersection,CARDINIA,METROPOLITAN SOUTH EAST REGION,2534879.48,2395580.682,1,1,0,0,1,0,0,1,0,0,1,0,0,0,0,0,0,0,0,1,No,0,1,0,1,0,0,RURAL_VICTORIA,RURAL_VICTORIA,CARDINIA,METROPOLITAN SOUTH EAST REGION,C,C,Arterial Other,Arterial Other,Undivided,Undiv,Metro
3401865,T20130013978,ABS to receive accident,Finished,5/7/2013,17.03.00,Yes,Collision with vehicle,Friday,RIGHT REAR.,No,Dusk/Dawn,Yes,T intersection,Other injury accident,60 km/hr,No,42959,145.18263,-37.99055,Intersection,DANDENONG,METROPOLITAN SOUTH EAST REGION,2516042.874,2390057.278,3,1,0,0,1,2,1,2,0,1,2,0,0,0,0,0,0,0,0,2,No,0,2,0,2,0,0,MELB_URBAN,MELB_URBAN,DANDENONG,METROPOLITAN SOUTH EAST REGION,,,Arterial Other,"Arterial Other,Local Road",Undivided,Undiv,Metro
3401866,T20130013979,ABS to receive accident,Finished,5/7/2013,15.00.00,No,Collision with vehicle,Friday,VEHICLE STRIKES DOOR OF PARKED/STATIONARY VEHICLE,No,Unk.,No,T intersection,Serious injury accident,60 km/hr,No,70910,145.09603,-38.00148,Intersection,KINGSTON,METROPOLITAN SOUTH EAST REGION,2508433.988,2388855.416,2,1,0,1,0,1,1,1,1,0,1,0,0,0,0,0,0,0,0,0,No,0,2,0,1,0,0,MELB_URBAN,MELB_URBAN,KINGSTON,METROPOLITAN SOUTH EAST REGION,,,Local Road,Local Road,Undivided,Undiv,Metro
3401867,T20130013980,ABS to receive accident,Finished,5/7/2013,16.30.00,Yes,Collision with vehicle,Friday,VEHICLE COLLIDES WITH VEHICLE PARKED ON LEFT OF ROAD,No,Dusk/Dawn,Yes,Not at intersection,Other injury accident,50 km/hr,No,262235,145.23967,-37.9313,Non-Intersection,KNOX,METROPOLITAN SOUTH EAST REGION,2521069.848,2396622.905,1,1,0,0,1,0,0,1,0,0,1,0,0,0,0,0,0,0,0,1,No,0,3,0,3,0,0,MELB_URBAN,MELB_URBAN,KNOX,METROPOLITAN SOUTH EAST REGION,,,Local Road,Local Road,Undivided,Undiv,Metro
3401868,T20130013983,ABS to receive accident,Finished,5/7/2013,15.50.00,No,Struck animal,Friday,STRUCK ANIMAL,No,Day,Yes,Not at intersection,Other injury accident,100 km/hr,No,261673,147.2275,-36.50448,Non-Intersection,TOWONG,NORTH EASTERN REGION,2699511.887,2552647.445,1,1,0,0,1,0,1,0,0,0,0,0,0,1,0,0,0,0,0,0,No,0,1,0,0,1,0,RURAL_VICTORIA,RURAL_VICTORIA,TOWONG,NORTH EASTERN REGION,,,Local Road,Local Road,Undivided,Undiv,Country
3401869,T20130013985,ABS to receive accident,Finished,5/7/2013,17.20.00,Yes,Collision with a fixed object,Friday,LEFT OFF CARRIAGEWAY INTO OBJECT/PARKED VEHICLE,No,Dusk/Dawn,Yes,Not at intersection,Other injury accident,100 km/hr,Yes,264991,146.29189,-36.42719,Non-Intersection,WANGARATTA,NORTH EASTERN REGION,2615835.078,2562771.438,1,1,0,0,1,0,1,0,0,0,1,0,0,0,0,0,0,0,0,0,No,0,1,0,1,0,0,RURAL_VICTORIA,RURAL_VICTORIA,WANGARATTA,NORTH EASTERN REGION,C,C,Arterial Other,Arterial Other,Undivided,Undiv,Country
3401870,T20130013986,ABS to receive accident,Finished,5/7/2013,17.30.00,Yes,Collision with vehicle,Friday,RIGHT NEAR (INTERSECTIONS ONLY),No,Dark No street lights,Yes,T intersection,Other injury accident,100 km/hr,No,262318,146.32071,-38.28256,Intersection,LATROBE,EASTERN REGION,2615561.956,2356857.202,4,1,0,0,1,3,2,2,0,2,2,0,0,0,0,0,0,0,1,0,No,0,2,0,2,0,0,RURAL_VICTORIA,RURAL_VICTORIA,LATROBE,"EASTERN REGION,EASTERN REGION",B,B,Arterial Highway,"Arterial Highway,Local Road",Undivided,Undiv,Country
3401871,T20130013991,ABS to receive accident,Finished,5/7/2013,16.20.00,Yes,Collision with a fixed object,Friday,OFF RIGHT BEND INTO OBJECT/PARKED VEHICLE,No,Day,Yes,Not at intersection,Other injury accident,60 km/hr,Yes,261677,144.58358,-37.71453,Non-Intersection,MELTON,METROPOLITAN NORTH WEST REGION,2463286.565,2420628.546,1,1,0,0,1,0,1,0,0,0,1,0,0,0,0,0,0,0,0,1,No,0,1,0,1,0,0,RURAL_VICTORIA,RURAL_VICTORIA,MELTON,METROPOLITAN NORTH WEST REGION,,,Local Road,Local Road,Undivided,Undiv,Metro
3401872,T20130013992,ABS to receive accident,Finished,5/7/2013,18.45.00,Yes,Collision with a fixed object,Friday,LEFT OFF CARRIAGEWAY INTO OBJECT/PARKED VEHICLE,No,Dark No street lights,Yes,Not at intersection,Other injury accident,70 km/hr,Yes,261678,144.90354,-37.63759,Non-Intersection,HUME,METROPOLITAN NORTH WEST REGION,2491486.916,2429242.822,1,1,0,0,1,0,1,0,0,0,1,0,0,0,0,0,0,0,0,1,No,0,1,0,1,0,0,MELB_URBAN,"RURAL_VICTORIA,MELB_URBAN",HUME,METROPOLITAN NORTH WEST REGION,,,Arterial Other,Arterial Other,Undivided,Undiv,Metro
3401873,T20130013993,ABS to receive accident,Finished,5/7/2013,19.35.00,Yes,Collision with vehicle,Friday,RIGHT THROUGH,No,Dark Street lights on,Yes,Cross intersection,Other injury accident,60 km/hr,No,1275,144.86441,-37.78661,Intersection,MARIBYRNONG,METROPOLITAN NORTH WEST REGION,2488057.013,2412700.429,7,1,0,0,1,6,3,4,0,5,2,0,0,0,0,0,0,0,0,1,No,0,2,0,2,0,0,MELB_URBAN,MELB_URBAN,MARIBYRNONG,METROPOLITAN NORTH WEST REGION,,,Arterial Other,"Arterial Other,Local Road",Divided,"Div,Undiv",Metro
3401874,T20130013997,ABS to receive accident,Finished,5/7/2013,22.45.00,Yes,Collision with vehicle,Friday,RIGHT THROUGH,No,Dark Street lights on,Yes,Cross intersection,Other injury accident,50 km/hr,No,51040,145.39973,-36.37907,Intersection,SHEPPARTON,NORTH EASTERN REGION,2535864.316,2568821.885,2,1,0,0,1,1,1,1,0,0,2,0,0,0,0,0,0,0,0,1,No,0,2,0,2,0,0,SMALL_CITIES,SMALL_CITIES,SHEPPARTON,NORTH EASTERN REGION,A,A,Arterial Highway,"Arterial Highway,Local Road",Divided,Div,Country
3401875,T20130014003,ABS to receive accident,Finished,6/7/2013,02.10.00,Yes,Collision with a fixed object,Saturday,OFF RIGHT BEND INTO OBJECT/PARKED VEHICLE,No,Dark Street lights on,Yes,T intersection,Serious injury accident,60 km/hr,Yes,479,145.02533,-37.82729,Intersection,BOROONDARA,METROPOLITAN SOUTH EAST REGION,2502229.539,2408193.39,1,1,0,1,0,0,0,1,0,0,1,0,0,0,0,0,0,0,0,0,Yes,0,1,0,1,0,0,MELB_URBAN,MELB_URBAN,BOROONDARA,METROPOLITAN SOUTH EAST REGION,,,Arterial Other,Arterial Other,Undivided,Undiv,Metro