OBJECTID,ACCIDENT_NO,ABS_CODE,ACCIDENT_STATUS,ACCIDENT_DATE,ACCIDENT_TIME,ALCOHOLTIME,ACCIDENT_TYPE,DAY_OF_WEEK,DCA_CODE,HIT_RUN_FLAG,LIGHT_CONDITION,POLICE_ATTEND,ROAD_GEOMETRY,SEVERITY,SPEED_ZONE,RUN_OFFROAD,NODE_ID,LONGITUDE,LATITUDE,NODE_TYPE,LGA_NAME,REGION_NAME,VICGRID_X,VICGRID_Y,TOTAL_PERSONS,INJ_OR_FATAL,FATALITY,SERIOUSINJURY,OTHERINJURY,NONINJURED,MALES,FEMALES,BICYCLIST,PASSENGER,DRIVER,PEDESTRIAN,PILLION,MOTORIST,UNKNOWN,PED_CYCLIST_5_12,PED_CYCLIST_13_18,OLD_PEDESTRIAN,OLD_DRIVER,YOUNG_DRIVER,ALCOHOL_RELATED,UNLICENCSED,NO_OF_VEHICLES,HEAVYVEHICLE,PASSENGERVEHICLE,MOTORCYCLE,PUBLICVEHICLE,DEG_URBAN_NAME,DEG_URBAN_ALL,LGA_NAME_ALL,REGION_NAME_ALL,SRNS,SRNS_ALL,RMA,RMA_ALL,DIVIDED,DIVIDED_ALL,STAT_DIV_NAME
3401876,T20130014004,ABS to receive accident,Finished,6/7/2013,00.47.00,Yes,Collision with vehicle,Saturday,HEAD ON (NOT OVERTAKING),No,Dark Street lights on,Yes,Not at intersection,Serious injury accident,60 km/hr,No,262022,145.02465,-37.93345,Non-Intersection,BAYSIDE,METROPOLITAN SOUTH EAST REGION,2502167.143,2396410.592,3,3,0,3,0,0,3,0,0,1,2,0,0,0,0,0,0,0,0,0,Yes,0,2,0,2,0,0,MELB_URBAN,MELB_URBAN,BAYSIDE,METROPOLITAN SOUTH EAST REGION,,,Arterial Other,Arterial Other,Undivided,Undiv,Metro
3401877,T20130014005,ABS to receive accident,Finished,5/7/2013,23.03.00,Yes,Collision with a fixed object,Friday,RIGHT OFF CARRIAGEWAY INTO OBJECT/PARKED VEHICLE,No,Dark No street lights,Yes,Not at intersection,Serious injury accident,80 km/hr,Yes,261713,145.03286,-37.57619,Non-Intersection,WHITTLESEA,METROPOLITAN NORTH WEST REGION,2502902.159,2436060.801,1,1,0,1,0,0,0,1,0,0,1,0,0,0,0,0,0,0,0,1,Yes,0,1,0,1,0,0,RURAL_VICTORIA,RURAL_VICTORIA,WHITTLESEA,METROPOLITAN NORTH WEST REGION,C,C,Arterial Other,Arterial Other,Undivided,Undiv,Metro
3401878,T20130014009,ABS to receive accident,Finished,5/7/2013,21.05.00,Yes,Collision with a fixed object,Friday,OFF RIGHT BEND INTO OBJECT/PARKED VEHICLE,No,Dark No street lights,Yes,Not at intersection,Serious injury accident,80 km/hr,Yes,261643,145.7217,-37.72149,Non-Intersection,YARRA RANGES,METROPOLITAN SOUTH EAST REGION,2563622.421,2419694.919,1,1,0,1,0,0,1,0,0,0,1,0,0,0,0,0,0,0,0,1,No,0,1,0,1,0,0,RURAL_VICTORIA,RURAL_VICTORIA,YARRA RANGES,METROPOLITAN SOUTH EAST REGION,C,C,Arterial Other,Arterial Other,Undivided,Undiv,Metro
3401879,T20130014011,ABS to receive accident,Finished,6/7/2013,10.00.00,No,Struck Pedestrian,Saturday,ANY MANOEUVRE INVOLVING PED NOT INCLUDED IN DCAs 100-108.,No,Day,Yes,Not at intersection,Serious injury accident,Not known,No,264401,144.99994,-37.74042,Non-Intersection,DAREBIN,METROPOLITAN NORTH WEST REGION,2499994.729,2417834.981,2,1,0,1,0,1,0,2,0,0,1,1,0,0,0,0,0,1,0,0,No,0,1,0,1,0,0,MELB_URBAN,MELB_URBAN,DAREBIN,METROPOLITAN NORTH WEST REGION,,,Local Road,Local Road,Undivided,Undiv,Metro
3401880,T20130014012,ABS to receive accident,Finished,6/7/2013,05.40.00,Yes,Collision with vehicle,Saturday,VEHICLE COLLIDES WITH VEHICLE PARKED ON LEFT OF ROAD,No,Dark No street lights,Yes,Not at intersection,Serious injury accident,100 km/hr,No,262152,145.15941,-37.90772,Non-Intersection,MONASH,METROPOLITAN SOUTH EAST REGION,2514018.226,2399254.669,3,3,0,2,1,0,1,1,0,1,2,0,0,0,0,0,0,0,0,0,Yes,0,2,0,2,0,0,MELB_URBAN,MELB_URBAN,MONASH,METROPOLITAN SOUTH EAST REGION,M,M,Freeway,Freeway,Divided,Div,Metro
3401881,T20130014013,ABS to receive accident,Finished,5/7/2013,17.00.00,No,Collision with vehicle,Thursday,REAR END(VEHICLES IN SAME LANE),No,Dusk/Dawn,No,Cross intersection,Other injury accident,60 km/hr,No,29867,145.22735,-37.81584,Intersection,MAROONDAH,METROPOLITAN SOUTH EAST REGION,2520017.442,2409440.234,2,1,0,0,1,1,1,1,0,0,2,0,0,0,0,0,0,0,0,2,No,0,2,0,2,0,0,MELB_URBAN,MELB_URBAN,MAROONDAH,METROPOLITAN SOUTH EAST REGION,,,Arterial Highway,"Arterial Highway,Local Road,Arterial Other",Divided,"Div,Undiv",Metro
3401882,T20130014015,ABS to receive accident,Finished,6/7/2013,09.45.00,No,Collision with a fixed object,Saturday,OFF RIGHT BEND INTO OBJECT/PARKED VEHICLE,No,Day,Yes,Not at intersection,Serious injury accident,100 km/hr,Yes,262236,145.36741,-37.30047,Non-Intersection,MURRINDINDI,NORTH EASTERN REGION,2532570.167,2466595.507,6,4,0,1,3,2,2,0,0,5,1,0,0,0,0,0,0,0,0,0,No,0,1,0,1,0,0,RURAL_VICTORIA,RURAL_VICTORIA,"MURRINDINDI,MURRINDINDI",NORTH EASTERN REGION,C,C,Arterial Other,Arterial Other,Undivided,Undiv,Country
3401883,T20130014017,ABS to receive accident,Finished,6/7/2013,08.39.00,No,Collision with vehicle,Saturday,CROSS TRAFFIC(INTERSECTIONS ONLY),No,Day,Yes,Cross intersection,Other injury accident,40 km/hr,No,205,144.95732,-37.81371,Intersection,MELBOURNE,METROPOLITAN NORTH WEST REGION,2496242.303,2409699.743,4,3,0,0,3,1,1,3,0,2,2,0,0,0,0,0,0,0,0,0,No,0,2,0,2,0,0,MELBOURNE_CBD,MELBOURNE_CBD,MELBOURNE,METROPOLITAN NORTH WEST REGION,,,Local Road,Local Road,Undivided,Undiv,Metro
3401884,T20130014018,ABS to receive accident,Finished,6/7/2013,11.19.00,No,Collision with vehicle,Saturday,LANE SIDE SWIPE (VEHICLES IN PARALLEL LANES),No,Day,Yes,Cross intersection,Serious injury accident,60 km/hr,No,29648,145.04817,-37.87598,Intersection,STONNINGTON,METROPOLITAN SOUTH EAST REGION,2504238.236,2402789.05,4,1,0,1,0,3,3,1,0,2,1,0,0,1,0,0,0,0,0,0,No,0,2,0,1,1,0,MELB_URBAN,MELB_URBAN,STONNINGTON,METROPOLITAN SOUTH EAST REGION,,,Arterial Other,Arterial Other,Undivided,Undiv,Metro
3401885,T20130014020,ABS to receive accident,Finished,6/7/2013,12.30.00,No,Vehicle overturned (no collision),Saturday,OFF CARRIAGEWAY TO LEFT,No,Day,Yes,Not at intersection,Other injury accident,80 km/hr,Yes,261924,145.05802,-37.30128,Non-Intersection,MITCHELL,NORTHERN REGION,2505143.299,2466566.831,3,1,0,0,1,2,2,1,0,0,3,0,0,0,0,0,0,0,0,3,No,0,3,0,2,0,0,RURAL_VICTORIA,RURAL_VICTORIA,MITCHELL,NORTHERN REGION,,,Local Road,Local Road,Undivided,Undiv,Country
3401886,T20130014021,ABS to receive accident,Finished,3/7/2013,14.45.00,No,Struck Pedestrian,Wednesday,PED NEAR SIDE. PED HIT BY VEHICLE FROM THE RIGHT.,Not known,Day,No,Cross intersection,Other injury accident,50 km/hr,No,63547,145.06714,-37.75634,Intersection,BANYULE,METROPOLITAN NORTH WEST REGION,2505915.72,2416066.275,2,1,0,0,1,1,1,0,0,0,0,1,0,0,1,0,0,0,0,0,No,0,1,0,0,0,0,MELB_URBAN,MELB_URBAN,BANYULE,METROPOLITAN NORTH WEST REGION,,,Arterial Other,"Arterial Other,Local Road",Divided,"Div,Undiv",Metro
3401887,T20130013778,ABS to receive accident,Finished,3/7/2013,08.25.00,No,Collision with vehicle,Wednesday,CROSS TRAFFIC(INTERSECTIONS ONLY),No,Day,Yes,Cross intersection,Other injury accident,40 km/hr,No,29361,144.97507,-37.78492,Intersection,YARRA,METROPOLITAN NORTH WEST REGION,2497804.033,2412896.164,2,1,0,0,1,1,1,1,1,0,1,0,0,0,0,0,0,0,0,1,No,0,2,0,1,0,0,MELB_URBAN,MELB_URBAN,YARRA,METROPOLITAN NORTH WEST REGION,,,Local Road,Local Road,Undivided,Undiv,Metro
3401888,T20130013779,ABS to receive accident,Finished,3/7/2013,08.35.00,No,Collision with vehicle,Wednesday,RIGHT THROUGH,No,Day,Yes,Cross intersection,Other injury accident,60 km/hr,No,29486,144.99745,-37.7446,Intersection,DAREBIN,METROPOLITAN NORTH WEST REGION,2499775.487,2417370.77,2,1,0,0,1,1,2,0,0,0,2,0,0,0,0,0,0,0,0,0,No,0,2,0,2,0,0,MELB_URBAN,MELB_URBAN,DAREBIN,METROPOLITAN NORTH WEST REGION,,,Arterial Highway,"Arterial Highway,Arterial Other",Divided,Div,Metro
3401889,T20130013781,ABS to receive accident,Finished,2/7/2013,15.50.00,No,Collision with vehicle,Tuesday,LANE CHANGE RIGHT (NOT OVERTAKING),No,Day,No,T intersection,Other injury accident,40 km/hr,No,65162,144.96747,-37.79764,Intersection,MELBOURNE,METROPOLITAN NORTH WEST REGION,2497135.382,2411484.325,3,1,0,0,1,2,0,2,1,0,1,0,0,0,1,0,0,0,0,1,No,0,3,0,1,0,0,MELB_URBAN,MELB_URBAN,MELBOURNE,METROPOLITAN NORTH WEST REGION,,,Local Road,Local Road,Divided,"Div,Undiv",Metro
3401890,T20130013782,ABS to receive accident,Finished,2/7/2013,22.00.00,Yes,No collision and no object struck,Tuesday,OFF CARRIAGEWAY TO LEFT,No,Dark Street lights on,Yes,Not at intersection,Serious injury accident,50 km/hr,Yes,261639,145.34317,-37.76089,Non-Intersection,YARRA RANGES,METROPOLITAN SOUTH EAST REGION,2530237.034,2415508.422,1,1,0,1,0,0,1,0,0,0,0,0,0,1,0,0,0,0,0,0,No,1,1,0,0,1,0,MELB_URBAN,MELB_URBAN,YARRA RANGES,METROPOLITAN SOUTH EAST REGION,,,Local Road,Local Road,Undivided,Undiv,Metro
3401891,T20130013783,ABS to receive accident,Finished,3/7/2013,09.55.00,No,No collision and no object struck,Wednesday,OUT OF CONTROL ON CARRIAGEWAY (ON STRAIGHT),No,Day,Yes,Not at intersection,Other injury accident,50 km/hr,No,261537,145.25324,-37.89798,Non-Intersection,KNOX,METROPOLITAN SOUTH EAST REGION,2522272.46,2400318.13,2,1,0,0,1,1,1,1,1,0,1,0,0,0,0,0,0,0,0,1,No,0,2,0,1,0,0,MELB_URBAN,MELB_URBAN,KNOX,METROPOLITAN SOUTH EAST REGION,,,Local Road,Local Road,Undivided,Undiv,Metro
3401892,T20130013785,ABS to receive accident,Finished,3/7/2013,08.20.00,No,Collision with vehicle,Wednesday,CROSS TRAFFIC(INTERSECTIONS ONLY),No,Day,Yes,Cross intersection,Other injury accident,100 km/hr,No,50324,144.2651,-38.30868,Intersection,SURF COAST,SOUTH WESTERN REGION,2435717.363,2354510.663,2,1,0,0,1,1,1,1,0,0,2,0,0,0,0,0,0,0,0,0,No,0,2,0,2,0,0,RURAL_VICTORIA,RURAL_VICTORIA,SURF COAST,SOUTH WESTERN REGION,C,C,Arterial Other,"Arterial Other,Local Road",Undivided,Undiv,Country
3401893,T20130013793,ABS to receive accident,Finished,2/7/2013,16.00.00,No,Collision with vehicle,Tuesday,REAR END(VEHICLES IN SAME LANE),No,Day,No,Not at intersection,Serious injury accident,80 km/hr,No,262343,145.23838,-37.97392,Non-Intersection,CASEY,METROPOLITAN SOUTH EAST REGION,2520944.327,2391892.71,2,1,0,1,0,1,0,2,0,0,2,0,0,0,0,0,0,0,0,0,No,0,2,0,2,0,0,MELB_URBAN,MELB_URBAN,CASEY,METROPOLITAN SOUTH EAST REGION,M,M,Freeway,Freeway,Undivided,Undiv,Metro
3401894,T20130013798,ABS to receive accident,Finished,3/7/2013,10.20.00,No,Collision with vehicle,Wednesday,LANE CHANGE LEFT (NOT OVERTAKING),No,Day,Yes,Not at intersection,Other injury accident,60 km/hr,No,261536,145.08238,-37.9244,Non-Intersection,KINGSTON,METROPOLITAN SOUTH EAST REGION,2507242.576,2397412.31,2,1,0,0,1,1,2,0,0,0,2,0,0,0,0,0,0,0,0,0,No,0,2,1,1,0,0,MELB_URBAN,MELB_URBAN,"KINGSTON,GLEN EIRA",METROPOLITAN SOUTH EAST REGION,,,Arterial Highway,Arterial Highway,Undivided,Undiv,Metro
3401895,T20130013800,ABS to receive accident,Finished,3/7/2013,12.12.00,No,Collision with vehicle,Wednesday,LEFT OFF CARRIAGEWAY INTO OBJECT/PARKED VEHICLE,No,Day,Yes,Not at intersection,Other injury accident,50 km/hr,Yes,261667,145.48831,-38.06346,Non-Intersection,CARDINIA,METROPOLITAN SOUTH EAST REGION,2542853.107,2381870.356,2,2,0,0,2,0,2,0,0,1,1,0,0,0,0,0,0,0,0,1,No,0,3,0,3,0,0,SMALL_CITIES,SMALL_CITIES,CARDINIA,METROPOLITAN SOUTH EAST REGION,,,Local Road,Local Road,Undivided,Undiv,Metro
3401896,T20130013805,ABS to receive accident,Finished,3/7/2013,12.08.00,No,Collision with a fixed object,Wednesday,LEFT OFF CARRIAGEWAY INTO OBJECT/PARKED VEHICLE,No,Day,Yes,Not at intersection,Other injury accident,110 km/hr,Yes,261668,145.07755,-37.16454,Non-Intersection,MITCHELL,NORTHERN REGION,2506886.556,2481739.487,1,1,0,0,1,0,0,1,0,0,1,0,0,0,0,0,0,0,1,0,No,0,1,0,1,0,0,RURAL_VICTORIA,RURAL_VICTORIA,MITCHELL,NORTHERN REGION,M,M,Freeway,Freeway,Divided,Div,Country
3401897,T20130013807,ABS to receive accident,Finished,1/7/2013,22.00.00,Yes,Collision with vehicle,Monday,OTHER ON PATH,No,Dark Street lights on,No,Not at intersection,Other injury accident,50 km/hr,No,261538,144.88831,-37.80106,Non-Intersection,MARIBYRNONG,METROPOLITAN NORTH WEST REGION,2490164.185,2411098.923,1,1,0,0,1,0,0,1,0,0,1,0,0,0,0,0,0,0,0,1,No,0,2,0,2,0,0,MELB_URBAN,MELB_URBAN,MARIBYRNONG,METROPOLITAN NORTH WEST REGION,,,Arterial Highway,Arterial Highway,Divided,Div,Metro
3401898,T20130013810,ABS to receive accident,Finished,3/7/2013,13.35.00,No,Collision with vehicle,Wednesday,REAR END(VEHICLES IN SAME LANE),No,Day,Yes,Not at intersection,Other injury accident,60 km/hr,No,261535,144.9705,-37.82413,Non-Intersection,MELBOURNE,METROPOLITAN NORTH WEST REGION,2497403.016,2408544.003,2,1,0,0,1,1,1,1,0,0,2,0,0,0,0,0,0,0,0,1,No,0,2,0,2,0,0,MELB_URBAN,MELB_URBAN,MELBOURNE,METROPOLITAN NORTH WEST REGION,,,Arterial Other,Arterial Other,Divided,Div,Metro
3401899,T20130013815,ABS to receive accident,Finished,3/7/2013,13.50.00,No,Collision with vehicle,Wednesday,LEFT TURN SIDESWIPE,No,Day,Yes,Cross intersection,Serious injury accident,60 km/hr,No,36033,144.97198,-37.76995,Intersection,MORELAND,METROPOLITAN NORTH WEST REGION,2497531.489,2414557.673,2,1,0,1,0,1,2,0,1,0,1,0,0,0,0,0,0,0,0,0,No,0,2,0,1,0,0,MELB_URBAN,MELB_URBAN,MORELAND,METROPOLITAN NORTH WEST REGION,,,Local Road,Local Road,Undivided,Undiv,Metro
3401900,T20130013817,ABS to receive accident,Finished,3/7/2013,12.30.00,No,Collision with a fixed object,Wednesday,REVERSING INTO FIXED OBJECT/PARKED VEHICLE,No,Day,Yes,Not at intersection,Serious injury accident,50 km/hr,No,262151,144.96034,-37.76404,Non-Intersection,MORELAND,METROPOLITAN NORTH WEST REGION,2496505.686,2415213.021,1,1,0,1,0,0,1,0,0,0,1,0,0,0,0,0,0,0,1,0,No,0,1,0,1,0,0,MELB_URBAN,MELB_URBAN,MORELAND,METROPOLITAN NORTH WEST REGION,,,Local Road,Local Road,Undivided,Undiv,Metro
3401901,T20130013818,ABS to receive accident,Finished,3/7/2013,15.43.00,No,Collision with vehicle,Wednesday,RIGHT THROUGH,No,Day,Yes,T intersection,Other injury accident,60 km/hr,No,66182,145.01851,-37.82062,Intersection,BOROONDARA,METROPOLITAN SOUTH EAST REGION,2501629.417,2408933.336,2,2,0,0,2,0,2,0,1,0,1,0,0,0,0,0,0,0,1,0,No,0,2,0,1,0,0,MELB_URBAN,MELB_URBAN,BOROONDARA,METROPOLITAN SOUTH EAST REGION,,,Arterial Other,"Arterial Other,Local Road",Undivided,Undiv,Metro
3401902,T20130013820,ABS to receive accident,Finished,3/7/2013,15.00.00,No,Collision with vehicle,Wednesday,RIGHT REAR.,No,Day,Yes,T intersection,Serious injury accident,80 km/hr,No,73707,144.79008,-38.37955,Intersection,MORNINGTON PENINSULA,METROPOLITAN SOUTH EAST REGION,2481655.543,2346870.723,2,2,0,1,1,0,1,1,0,0,2,0,0,0,0,0,0,0,1,1,No,0,2,0,2,0,0,MELB_URBAN,MELB_URBAN,MORNINGTON PENINSULA,METROPOLITAN SOUTH EAST REGION,,,Local Road,Local Road,Undivided,Undiv,Metro
3401903,T20130013825,ABS to receive accident,Finished,3/7/2013,16.00.00,No,Struck Pedestrian,Wednesday,FAR SIDE. PED HIT BY VEHICLE FROM THE LEFT,No,Day,Yes,Not at intersection,Serious injury accident,60 km/hr,No,261555,144.91813,-37.67915,Non-Intersection,HUME,METROPOLITAN NORTH WEST REGION,2492778.101,2424632.063,2,1,0,1,0,1,1,1,0,0,1,1,0,0,0,0,0,0,0,1,No,0,1,0,1,0,0,MELB_URBAN,MELB_URBAN,HUME,METROPOLITAN NORTH WEST REGION,,,Local Road,Local Road,Divided,Div,Metro
3401904,T20130013826,ABS to receive accident,Finished,3/7/2013,13.15.00,No,Collision with a fixed object,Wednesday,RIGHT OFF CARRIAGEWAY INTO OBJECT/PARKED VEHICLE,No,Day,Yes,Not at intersection,Fatal accident,100 km/hr,Yes,261945,144.89064,-37.72837,Non-Intersection,MOONEE VALLEY,METROPOLITAN NORTH WEST REGION,2490359.749,2419166.851,2,1,1,0,0,1,2,0,0,0,2,0,0,0,0,0,0,0,1,0,No,0,2,0,2,0,0,MELB_URBAN,MELB_URBAN,MOONEE VALLEY,METROPOLITAN NORTH WEST REGION,M,M,Freeway,Freeway,Divided,Div,Metro
3401905,T20130013827,ABS to receive accident,Finished,2/7/2013,12.50.00,No,Vehicle overturned (no collision),Tuesday,OUT OF CONTROL ON CARRIAGEWAY (ON BEND),No,Day,Yes,Not at intersection,Other injury accident,100 km/hr,No,261569,145.96619,-38.84992,Non-Intersection,SOUTH GIPPSLAND,EASTERN REGION,2583903.522,2294238.098,2,2,0,0,2,0,1,1,0,1,1,0,0,0,0,0,0,0,0,0,No,0,1,0,1,0,0,RURAL_VICTORIA,RURAL_VICTORIA,SOUTH GIPPSLAND,"EASTERN REGION,EASTERN REGION",,,Local Road,Local Road,Undivided,Undiv,Country
3401906,T20130013828,ABS to receive accident,Finished,3/7/2013,15.50.00,No,No collision and no object struck,Wednesday,OFF CARRIAGEWAY ON LEFT BEND,No,Day,Yes,T intersection,Other injury accident,80 km/hr,Yes,261794,146.37249,-38.23519,Non-Intersection,LATROBE,EASTERN REGION,2620168.382,2362051.509,1,1,0,0,1,0,1,0,0,0,0,0,0,1,0,0,0,0,0,0,No,0,1,0,0,1,0,RURAL_VICTORIA,RURAL_VICTORIA,LATROBE,"EASTERN REGION,EASTERN REGION",B,B,Arterial Highway,Arterial Highway,Undivided,Undiv,Country
3401907,T20130013829,ABS to receive accident,Finished,2/7/2013,06.30.00,No,Collision with vehicle,Tuesday,CROSS TRAFFIC(INTERSECTIONS ONLY),Yes,Dusk/Dawn,No,Cross intersection,Serious injury accident,80 km/hr,No,900,145.1945,-38.0722,Intersection,FRANKSTON,METROPOLITAN SOUTH EAST REGION,2517067.028,2380992.676,2,2,0,1,1,0,1,1,0,0,2,0,0,0,0,0,0,0,0,1,No,0,2,0,2,0,0,MELB_URBAN,MELB_URBAN,FRANKSTON,METROPOLITAN SOUTH EAST REGION,,,,,,,Metro
3401908,T20130013830,ABS to receive accident,Finished,1/7/2013,19.40.00,Yes,collision with some other object,Monday,LOAD OR MISSILE STRUCK VEHICLE,No,Dark Street lights on,No,T intersection,Serious injury accident,60 km/hr,No,41026,145.28582,-37.85891,Intersection,KNOX,METROPOLITAN SOUTH EAST REGION,2525151.569,2404645.888,1,1,0,1,0,0,1,0,0,0,0,0,0,1,0,0,0,0,0,0,No,0,1,0,0,1,0,MELB_URBAN,MELB_URBAN,KNOX,METROPOLITAN SOUTH EAST REGION,,,Arterial Other,"Arterial Other,Local Road",Undivided,Undiv,Metro
3401909,T20130013831,ABS to receive accident,Finished,3/7/2013,16.35.00,No,Collision with vehicle,Wednesday,RIGHT THROUGH,No,Day,Yes,Cross intersection,Serious injury accident,60 km/hr,No,38437,145.31054,-37.76134,Intersection,YARRA RANGES,METROPOLITAN SOUTH EAST REGION,2527362.204,2415468.362,3,1,0,1,0,2,1,2,0,1,2,0,0,0,0,0,0,0,1,0,No,0,2,0,2,0,0,MELB_URBAN,MELB_URBAN,YARRA RANGES,METROPOLITAN SOUTH EAST REGION,,,Arterial Highway,"Arterial Highway,Local Road",Divided,"Div,Undiv",Metro
3401910,T20130013832,ABS to receive accident,Finished,3/7/2013,17.45.00,No,Collision with vehicle,Wednesday,CROSS TRAFFIC(INTERSECTIONS ONLY),No,Dark Street lights on,Yes,Cross intersection,Other injury accident,70 km/hr,No,52992,143.80758,-37.58451,Intersection,BALLARAT,WESTERN REGION,2394692.384,2434477.946,4,2,0,0,2,2,1,3,0,2,2,0,0,0,0,0,0,0,0,0,No,0,2,0,2,0,0,LARGE_PROVINCIAL_CITIES,LARGE_PROVINCIAL_CITIES,BALLARAT,WESTERN REGION,C,C,Arterial Other,"Arterial Other,Local Road",Undivided,Undiv,Country
3401911,T20130013835,ABS to receive accident,Finished,3/7/2013,16.45.00,No,Collision with vehicle,Wednesday,RIGHT NEAR (INTERSECTIONS ONLY),No,Dusk/Dawn,Yes,T intersection,Serious injury accident,60 km/hr,No,42312,145.07543,-37.96036,Intersection,KINGSTON,METROPOLITAN SOUTH EAST REGION,2506628.812,2393421.182,4,1,0,1,0,3,1,1,0,2,1,0,0,1,0,0,0,0,0,0,No,0,2,0,1,1,0,MELB_URBAN,MELB_URBAN,KINGSTON,METROPOLITAN SOUTH EAST REGION,,,Arterial Highway,"Arterial Highway,Local Road",Undivided,Undiv,Metro
3401912,T20130013836,ABS to receive accident,Finished,3/7/2013,17.30.00,No,Collision with vehicle,Wednesday,CROSS TRAFFIC(INTERSECTIONS ONLY),No,Day,Yes,Cross intersection,Other injury accident,50 km/hr,No,29575,145.24963,-37.81463,Intersection,MAROONDAH,METROPOLITAN SOUTH EAST REGION,2521979.982,2409570.124,2,1,0,0,1,1,1,1,0,0,2,0,0,0,0,0,0,0,0,0,No,0,2,0,2,0,0,MELB_URBAN,MELB_URBAN,MAROONDAH,METROPOLITAN SOUTH EAST REGION,,,Local Road,Local Road,Undivided,Undiv,Metro
3401913,T20130014222,ABS to receive accident,Finished,1/7/2013,08.40.00,No,Collision with vehicle,Monday,RIGHT TURN SIDESWIPE,No,Day,No,Cross intersection,Other injury accident,80 km/hr,No,39785,145.28759,-37.826,Intersection,MAROONDAH,METROPOLITAN SOUTH EAST REGION,2525317.698,2408298.503,2,1,0,0,1,1,1,1,0,0,2,0,0,0,0,0,0,0,0,1,No,0,2,0,2,0,0,MELB_URBAN,MELB_URBAN,MAROONDAH,METROPOLITAN SOUTH EAST REGION,,,Arterial Other,Arterial Other,Divided,Div,Metro
3401914,T20130014225,ABS to receive accident,Finished,9/7/2013,10.15.00,No,Collision with a fixed object,Tuesday,RIGHT OFF CARRIAGEWAY INTO OBJECT/PARKED VEHICLE,No,Day,Yes,T intersection,Serious injury accident,60 km/hr,Yes,63703,144.86129,-37.76053,Intersection,MOONEE VALLEY,METROPOLITAN NORTH WEST REGION,2487777.868,2415594.107,1,1,0,1,0,0,1,0,0,0,1,0,0,0,0,0,0,0,0,0,No,0,1,0,1,0,0,MELB_URBAN,MELB_URBAN,MOONEE VALLEY,METROPOLITAN NORTH WEST REGION,,,Arterial Other,"Arterial Other,Local Road",Undivided,Undiv,Metro
3401915,T20130014227,ABS to receive accident,Finished,9/7/2013,08.20.00,No,Collision with vehicle,Tuesday,HEAD ON (NOT OVERTAKING),No,Day,Yes,T intersection,Fatal accident,100 km/hr,No,262667,143.87403,-37.4521,Intersection,HEPBURN,WESTERN REGION,2400386.111,2449242.854,2,2,1,1,0,0,1,1,0,0,2,0,0,0,0,0,0,0,0,1,No,0,2,0,2,0,0,RURAL_VICTORIA,RURAL_VICTORIA,HEPBURN,WESTERN REGION,A,A,Arterial Highway,"Arterial Highway,Local Road",Undivided,Undiv,Country
3401916,T20130014228,ABS to receive accident,Finished,8/7/2013,08.25.00,No,Collision with vehicle,Monday,RIGHT FAR (INTERSECTIONS ONLY),No,Day,No,T intersection,Other injury accident,60 km/hr,No,261989,142.03333,-37.75143,Intersection,SOUTHERN GRAMPIANS,SOUTH WESTERN REGION,2238612.611,2412540.263,3,1,0,0,1,2,0,3,0,1,2,0,0,0,0,0,0,0,0,2,No,0,2,0,2,0,0,TOWNS,TOWNS,SOUTHERN GRAMPIANS,SOUTH WESTERN REGION,,,Local Road,Local Road,Undivided,Undiv,Country
3401917,T20130014230,ABS to receive accident,Finished,9/7/2013,16.07.00,No,Collision with vehicle,Tuesday,REAR END(VEHICLES IN SAME LANE),No,Day,Yes,Not at intersection,Other injury accident,60 km/hr,No,262237,144.34102,-38.14603,Non-Intersection,GEELONG,SOUTH WESTERN REGION,2442232.773,2372614.479,3,1,0,0,1,2,1,2,0,0,3,0,0,0,0,0,0,0,0,2,No,0,3,0,3,0,0,LARGE_PROVINCIAL_CITIES,LARGE_PROVINCIAL_CITIES,GEELONG,SOUTH WESTERN REGION,B,B,Arterial Highway,Arterial Highway,Undivided,Undiv,Country
3401918,T20130014232,ABS to receive accident,Finished,9/7/2013,15.40.00,No,Collision with vehicle,Tuesday,U TURN,No,Day,Yes,T intersection,Other injury accident,80 km/hr,No,42853,145.10665,-37.99339,Intersection,KINGSTON,METROPOLITAN SOUTH EAST REGION,2509367.875,2389752.179,2,1,0,0,1,1,2,0,0,0,2,0,0,0,0,0,0,0,0,0,No,0,2,0,1,0,0,MELB_URBAN,MELB_URBAN,KINGSTON,METROPOLITAN SOUTH EAST REGION,,,Arterial Other,"Arterial Other,Local Road",Divided,"Div,Undiv",Metro
3401919,T20130014235,ABS to receive accident,Finished,8/7/2013,11.20.00,No,Collision with a fixed object,Monday,LEFT OFF CARRIAGEWAY INTO OBJECT/PARKED VEHICLE,No,Day,Yes,Not at intersection,Other injury accident,100 km/hr,Yes,298176,144.77754,-36.28721,Non-Intersection,CAMPASPE,NORTHERN REGION,2480016.342,2579065.704,2,1,0,0,1,1,2,0,0,0,2,0,0,0,0,0,0,0,0,0,No,0,2,2,0,0,0,RURAL_VICTORIA,RURAL_VICTORIA,CAMPASPE,NORTHERN REGION,,,Local Road,Local Road,Undivided,Undiv,Country