OBJECTID,ACCIDENT_NO,ABS_CODE,ACCIDENT_STATUS,ACCIDENT_DATE,ACCIDENT_TIME,ALCOHOLTIME,ACCIDENT_TYPE,DAY_OF_WEEK,DCA_CODE,HIT_RUN_FLAG,LIGHT_CONDITION,POLICE_ATTEND,ROAD_GEOMETRY,SEVERITY,SPEED_ZONE,RUN_OFFROAD,NODE_ID,LONGITUDE,LATITUDE,NODE_TYPE,LGA_NAME,REGION_NAME,VICGRID_X,VICGRID_Y,TOTAL_PERSONS,INJ_OR_FATAL,FATALITY,SERIOUSINJURY,OTHERINJURY,NONINJURED,MALES,FEMALES,BICYCLIST,PASSENGER,DRIVER,PEDESTRIAN,PILLION,MOTORIST,UNKNOWN,PED_CYCLIST_5_12,PED_CYCLIST_13_18,OLD_PEDESTRIAN,OLD_DRIVER,YOUNG_DRIVER,ALCOHOL_RELATED,UNLICENCSED,NO_OF_VEHICLES,HEAVYVEHICLE,PASSENGERVEHICLE,MOTORCYCLE,PUBLICVEHICLE,DEG_URBAN_NAME,DEG_URBAN_ALL,LGA_NAME_ALL,REGION_NAME_ALL,SRNS,SRNS_ALL,RMA,RMA_ALL,DIVIDED,DIVIDED_ALL,STAT_DIV_NAME
3401920,T20130014236,ABS to receive accident,Finished,9/7/2013,15.18.00,No,Collision with vehicle,Tuesday,U TURN,No,Day,Yes,Multiple intersection,Serious injury accident,100 km/hr,No,54262,144.86162,-37.6757,Intersection,HUME,METROPOLITAN NORTH WEST REGION,2487793.469,2425008.8,3,2,0,2,0,1,2,1,0,1,2,0,0,0,0,0,0,0,0,0,No,0,2,1,1,0,0,MELB_URBAN,MELB_URBAN,HUME,METROPOLITAN NORTH WEST REGION,M,M,Freeway,Freeway,Divided,"Div,Undiv",Metro
3401921,T20130014237,ABS to receive accident,Finished,9/7/2013,16.30.00,No,Collision with a fixed object,Tuesday,RIGHT OFF CARRIAGEWAY INTO OBJECT/PARKED VEHICLE,No,Day,Yes,Cross intersection,Other injury accident,70 km/hr,Yes,19364,144.73497,-36.14051,Intersection,CAMPASPE,NORTHERN REGION,2476147.537,2595333.328,3,1,0,0,1,2,2,1,0,1,2,0,0,0,0,0,0,0,0,1,No,1,2,0,2,0,0,SMALL_CITIES,SMALL_CITIES,CAMPASPE,NORTHERN REGION,B,B,Arterial Highway,"Arterial Highway,Local Road",Divided,"Div,Undiv",Country
3401922,T20130014241,ABS to receive accident,Finished,9/7/2013,13.49.00,No,Collision with vehicle,Tuesday,RIGHT THROUGH,No,Day,Yes,Cross intersection,Serious injury accident,60 km/hr,No,41385,145.04392,-37.90444,Intersection,GLEN EIRA,METROPOLITAN SOUTH EAST REGION,2503862.272,2399629.867,2,1,0,1,0,1,1,1,0,0,1,0,0,1,0,0,0,0,0,0,No,0,2,0,1,1,0,MELB_URBAN,MELB_URBAN,GLEN EIRA,METROPOLITAN SOUTH EAST REGION,,,Arterial Highway,"Arterial Highway,Arterial Other",Divided,"Div,Undiv",Metro
3401923,T20130014243,ABS to receive accident,Finished,9/7/2013,17.10.00,No,No collision and no object struck,Tuesday,OUT OF CONTROL ON CARRIAGEWAY (ON STRAIGHT),No,Dusk/Dawn,Yes,Not at intersection,Serious injury accident,60 km/hr,No,261785,144.73249,-37.83822,Non-Intersection,WYNDHAM,METROPOLITAN NORTH WEST REGION,2476453.526,2406947.597,1,1,0,1,0,0,1,0,0,0,0,0,0,1,0,0,0,0,0,0,No,0,1,0,0,1,0,RURAL_VICTORIA,RURAL_VICTORIA,WYNDHAM,METROPOLITAN NORTH WEST REGION,,,Local Road,Local Road,Undivided,Undiv,Metro
3401924,T20130014244,ABS to receive accident,Finished,9/7/2013,18.10.00,Yes,Collision with vehicle,Tuesday,REAR END(VEHICLES IN SAME LANE),Yes,Dark Street lights unknown,No,T intersection,Other injury accident,50 km/hr,No,1259,144.8324,-37.78303,Intersection,BRIMBANK,METROPOLITAN NORTH WEST REGION,2485236.721,2413093.458,3,1,0,0,1,2,1,1,0,1,2,0,0,0,0,0,0,0,0,0,No,0,2,0,2,0,0,MELB_URBAN,MELB_URBAN,BRIMBANK,METROPOLITAN NORTH WEST REGION,,,Local Road,Local Road,Undivided,Undiv,Metro
3401925,T20130014245,ABS to receive accident,Finished,9/7/2013,17.35.00,No,Collision with vehicle,Monday,LANE SIDE SWIPE (VEHICLES IN PARALLEL LANES),No,Dusk/Dawn,Yes,Not at intersection,Other injury accident,60 km/hr,No,261749,144.80678,-37.74506,Non-Intersection,BRIMBANK,METROPOLITAN NORTH WEST REGION,2482971.649,2417303.104,2,1,0,0,1,1,2,0,1,0,1,0,0,0,0,0,0,0,0,0,No,0,2,0,1,0,0,MELB_URBAN,MELB_URBAN,BRIMBANK,METROPOLITAN NORTH WEST REGION,,,Arterial Other,Arterial Other,Undivided,Undiv,Metro
3401926,T20130014045,ABS to receive accident,Finished,6/7/2013,18.25.00,Yes,Vehicle overturned (no collision),Saturday,OFF CARRIAGEWAY TO LEFT,No,Dark No street lights,Yes,Not at intersection,Other injury accident,100 km/hr,Yes,261925,146.38156,-36.20674,Non-Intersection,WANGARATTA,NORTH EASTERN REGION,2624228.865,2587116.347,2,1,0,0,1,1,2,0,0,0,1,1,0,0,0,0,0,1,0,0,No,0,1,0,1,0,0,RURAL_VICTORIA,RURAL_VICTORIA,WANGARATTA,NORTH EASTERN REGION,C,C,Arterial Other,Arterial Other,Undivided,Undiv,Country
3401927,T20130014046,ABS to receive accident,Finished,6/7/2013,19.35.00,Yes,Collision with vehicle,Saturday,REAR END(VEHICLES IN SAME LANE),No,Dark Street lights on,Yes,Not at intersection,Other injury accident,60 km/hr,No,91589,145.03771,-37.84457,Non-Intersection,STONNINGTON,METROPOLITAN SOUTH EAST REGION,2503318.975,2406274.957,4,2,0,0,2,2,3,1,0,0,4,0,0,0,0,0,0,0,0,1,No,0,4,0,4,0,0,MELB_URBAN,MELB_URBAN,STONNINGTON,METROPOLITAN SOUTH EAST REGION,,,Arterial Other,Arterial Other,Undivided,Undiv,Metro
3401928,T20130014047,ABS to receive accident,Finished,6/7/2013,18.20.00,Yes,Collision with vehicle,Saturday,LANE CHANGE RIGHT (NOT OVERTAKING),No,Dark Street lights on,Yes,Not at intersection,Other injury accident,60 km/hr,No,261727,144.92821,-37.60852,Non-Intersection,HUME,METROPOLITAN NORTH WEST REGION,2493661.569,2432471.035,3,2,0,0,2,1,2,1,0,0,3,0,0,0,0,0,0,0,0,2,No,0,6,0,6,0,0,MELB_URBAN,MELB_URBAN,HUME,METROPOLITAN NORTH WEST REGION,,,Local Road,Local Road,Divided,Div,Metro
3401929,T20130014051,ABS to receive accident,Finished,6/7/2013,20.00.00,Yes,Collision with a fixed object,Saturday,OFF RIGHT BEND INTO OBJECT/PARKED VEHICLE,No,Dark Street lights on,Yes,Not at intersection,Other injury accident,100 km/hr,Yes,261060,144.81663,-37.82761,Non-Intersection,WYNDHAM,METROPOLITAN NORTH WEST REGION,2483857.218,2408142.558,5,1,0,0,1,4,3,2,0,4,1,0,0,0,0,0,0,0,0,0,No,0,1,0,1,0,0,MELB_URBAN,MELB_URBAN,WYNDHAM,METROPOLITAN NORTH WEST REGION,M,M,Freeway,Freeway,Undivided,Undiv,Metro
3401930,T20130014053,ABS to receive accident,Finished,6/7/2013,03.45.00,Yes,Struck Pedestrian,Saturday,ANY MANOEUVRE INVOLVING PED NOT INCLUDED IN DCAs 100-108.,No,Dark Street lights on,Yes,Not at intersection,Other injury accident,50 km/hr,No,261927,145.39772,-36.37857,Non-Intersection,SHEPPARTON,NORTH EASTERN REGION,2535684.675,2568877.621,2,1,0,0,1,1,1,1,0,0,1,1,0,0,0,0,0,0,0,0,No,0,1,0,1,0,0,SMALL_CITIES,SMALL_CITIES,SHEPPARTON,NORTH EASTERN REGION,,,Local Road,Local Road,Undivided,Undiv,Country
3401931,T20130014055,ABS to receive accident,Finished,6/7/2013,05.25.00,Yes,Collision with vehicle,Friday,RIGHT THROUGH,No,Dark Street lights on,Yes,T intersection,Other injury accident,60 km/hr,No,278486,144.74699,-37.88618,Intersection,WYNDHAM,METROPOLITAN NORTH WEST REGION,2477743.712,2401627.849,3,1,0,0,1,2,3,0,0,1,2,0,0,0,0,0,0,0,0,1,No,0,2,0,2,0,0,MELB_URBAN,MELB_URBAN,WYNDHAM,METROPOLITAN NORTH WEST REGION,,,Arterial Other,"Arterial Other,Local Road",Divided,"Div,Undiv",Metro
3401932,T20130014056,ABS to receive accident,Finished,6/7/2013,22.15.00,Yes,Collision with a fixed object,Saturday,OFF END OF ROAD/T-INTERSECTION.,No,Dark No street lights,Yes,T intersection,Other injury accident,100 km/hr,No,246122,145.98034,-36.69597,Intersection,BENALLA,NORTH EASTERN REGION,2587594.119,2533284.117,1,1,0,0,1,0,1,0,0,0,1,0,0,0,0,0,0,0,0,0,No,0,1,0,1,0,0,RURAL_VICTORIA,RURAL_VICTORIA,BENALLA,NORTH EASTERN REGION,B,B,Arterial Highway,"Arterial Highway,Local Road",Undivided,Undiv,Country
3401933,T20130014057,ABS to receive accident,Finished,6/7/2013,20.00.00,Yes,Vehicle overturned (no collision),Saturday,OFF CARRIAGEWAY ON LEFT BEND,No,Dark No street lights,Yes,Not at intersection,Other injury accident,80 km/hr,Yes,262272,145.56577,-37.78786,Non-Intersection,YARRA RANGES,METROPOLITAN SOUTH EAST REGION,2549832.521,2412421.62,1,1,0,0,1,0,0,1,0,0,1,0,0,0,0,0,0,0,0,0,No,0,1,0,1,0,0,RURAL_VICTORIA,RURAL_VICTORIA,YARRA RANGES,METROPOLITAN SOUTH EAST REGION,,,Local Road,Local Road,Undivided,Undiv,Metro
3401934,T20130014058,ABS to receive accident,Finished,6/7/2013,19.11.00,Yes,Collision with vehicle,Saturday,REAR END(VEHICLES IN SAME LANE),No,Dark Street lights on,Yes,Cross intersection,Other injury accident,60 km/hr,No,1248,144.8824,-37.6881,Intersection,HUME,METROPOLITAN NORTH WEST REGION,2489627.772,2423635.352,2,2,0,0,2,0,0,2,0,0,2,0,0,0,0,0,0,0,0,0,No,0,2,0,2,0,0,MELB_URBAN,MELB_URBAN,HUME,METROPOLITAN NORTH WEST REGION,,,Arterial Other,"Arterial Other,Local Road",Divided,"Div,Undiv",Metro
3401935,T20130014059,ABS to receive accident,Finished,6/7/2013,19.13.00,Yes,Collision with vehicle,Saturday,REAR END(VEHICLES IN SAME LANE),No,Dark Street lights on,Yes,Not at intersection,Serious injury accident,100 km/hr,No,263097,145.32038,-38.02772,Non-Intersection,CASEY,METROPOLITAN SOUTH EAST REGION,2528129.192,2385899.889,5,3,0,1,2,2,1,4,0,2,3,0,0,0,0,0,0,0,0,1,No,0,3,0,3,0,0,MELB_URBAN,MELB_URBAN,CASEY,METROPOLITAN SOUTH EAST REGION,M,M,Freeway,Freeway,Divided,Div,Metro
3401936,T20130014063,ABS to receive accident,Finished,6/7/2013,19.35.00,Yes,Struck Pedestrian,Saturday,PED PLAYING/LYING/WORKING/STANDING ON CARRIAGEWAY.,No,Dark Street lights off,Yes,T intersection,Serious injury accident,70 km/hr,No,70180,145.10238,-37.96132,Intersection,KINGSTON,METROPOLITAN SOUTH EAST REGION,2508997.138,2393312.639,2,1,0,1,0,1,2,0,0,0,1,1,0,0,0,0,0,0,0,0,No,0,1,0,1,0,0,MELB_URBAN,MELB_URBAN,KINGSTON,METROPOLITAN SOUTH EAST REGION,,,Arterial Other,"Arterial Other,Local Road",Undivided,Undiv,Metro
3401937,T20130014064,ABS to receive accident,Finished,7/7/2013,06.20.00,Yes,Collision with a fixed object,Sunday,LEFT OFF CARRIAGEWAY INTO OBJECT/PARKED VEHICLE,No,Dark Street lights on,Yes,T intersection,Other injury accident,80 km/hr,Yes,42880,145.14937,-37.96677,Intersection,DANDENONG,METROPOLITAN SOUTH EAST REGION,2513125.486,2392702.568,1,1,0,0,1,0,1,0,0,0,1,0,0,0,0,0,0,0,0,0,No,0,1,0,1,0,0,MELB_URBAN,MELB_URBAN,DANDENONG,METROPOLITAN SOUTH EAST REGION,,,Arterial Highway,"Arterial Highway,Local Road",Divided,"Div,Undiv",Metro
3401938,T20130014065,ABS to receive accident,Finished,7/7/2013,05.50.00,Yes,Collision with a fixed object,Sunday,LEFT OFF CARRIAGEWAY INTO OBJECT/PARKED VEHICLE,No,Dark Street lights on,Yes,Not at intersection,Serious injury accident,60 km/hr,Yes,237550,145.10139,-38.00045,Non-Intersection,KINGSTON,METROPOLITAN SOUTH EAST REGION,2508905.215,2388969.103,1,1,0,1,0,0,1,0,0,0,1,0,0,0,0,0,0,0,0,0,Yes,0,1,0,1,0,0,MELB_URBAN,MELB_URBAN,KINGSTON,METROPOLITAN SOUTH EAST REGION,,,Arterial Other,Arterial Other,Undivided,Undiv,Metro
3401939,T20130014069,ABS to receive accident,Finished,7/7/2013,07.55.00,Yes,Collision with vehicle,Sunday,VEHICLE COLLIDES WITH VEHICLE PARKED ON LEFT OF ROAD,No,Day,Yes,T intersection,Serious injury accident,60 km/hr,No,262173,144.97962,-37.87548,Non-Intersection,PORT PHILLIP,METROPOLITAN NORTH WEST REGION,2498206.853,2402844.913,1,1,0,1,0,0,1,0,0,0,1,0,0,0,0,0,0,0,0,1,No,0,3,0,3,0,0,MELB_URBAN,MELB_URBAN,PORT PHILLIP,METROPOLITAN NORTH WEST REGION,,,Arterial Other,Arterial Other,Undivided,Undiv,Metro
3401940,T20130014071,ABS to receive accident,Finished,7/7/2013,10.15.00,No,Collision with vehicle,Sunday,RIGHT NEAR (INTERSECTIONS ONLY),No,Day,Yes,T intersection,Other injury accident,60 km/hr,No,67660,145.02202,-37.86156,Intersection,STONNINGTON,METROPOLITAN SOUTH EAST REGION,2501937.625,2404389.834,2,2,0,0,2,0,1,1,0,0,2,0,0,0,0,0,0,0,0,0,No,0,2,0,2,0,0,MELB_URBAN,MELB_URBAN,STONNINGTON,METROPOLITAN SOUTH EAST REGION,,,,,,,Metro
3401941,T20130014075,ABS to receive accident,Finished,6/7/2013,20.00.00,Yes,Struck Pedestrian,Saturday,FAR SIDE. PED HIT BY VEHICLE FROM THE LEFT,No,Dark Street lights on,Yes,T intersection,Serious injury accident,50 km/hr,No,263276,145.16924,-37.8956,Intersection,MONASH,METROPOLITAN SOUTH EAST REGION,2514885.161,2400598.964,2,1,0,1,0,1,2,0,0,0,1,1,0,0,0,0,0,1,0,0,No,0,1,0,1,0,0,MELB_URBAN,MELB_URBAN,MONASH,METROPOLITAN SOUTH EAST REGION,,,Local Road,Local Road,Undivided,Undiv,Metro
3401942,T20130014077,ABS to receive accident,Finished,1/7/2013,17.00.00,No,No collision and no object struck,Monday,OUT OF CONTROL ON CARRIAGEWAY (ON STRAIGHT),No,Dusk/Dawn,No,T intersection,Serious injury accident,60 km/hr,No,38891,145.02508,-37.82141,Intersection,BOROONDARA,METROPOLITAN SOUTH EAST REGION,2502208.17,2408845.449,1,1,0,1,0,0,0,1,0,0,0,0,0,1,0,0,0,0,0,0,No,0,1,0,0,1,0,MELB_URBAN,MELB_URBAN,BOROONDARA,METROPOLITAN SOUTH EAST REGION,,,Arterial Other,"Arterial Other,Local Road",Undivided,Undiv,Metro
3401943,T20130014078,ABS to receive accident,Finished,7/7/2013,10.35.00,No,No collision and no object struck,Sunday,OUT OF CONTROL ON CARRIAGEWAY (ON STRAIGHT),No,Day,Yes,Not at intersection,Serious injury accident,80 km/hr,No,261816,145.15941,-37.49091,Non-Intersection,WHITTLESEA,METROPOLITAN NORTH WEST REGION,2514095.904,2445513.69,1,1,0,1,0,0,0,1,1,0,0,0,0,0,0,0,0,0,0,0,No,0,1,0,0,0,0,RURAL_VICTORIA,RURAL_VICTORIA,WHITTLESEA,METROPOLITAN NORTH WEST REGION,C,C,Arterial Other,Arterial Other,Undivided,Undiv,Metro
3401944,T20130014083,ABS to receive accident,Finished,7/7/2013,13.00.00,No,Collision with vehicle,Sunday,LEFT FAR (INTERSECTIONS ONLY),No,Day,Yes,Cross intersection,Serious injury accident,60 km/hr,No,44574,145.04913,-37.73446,Intersection,BANYULE,METROPOLITAN NORTH WEST REGION,2504330.618,2418495.033,4,4,0,2,2,0,2,2,0,2,2,0,0,0,0,0,0,0,0,0,No,0,2,0,2,0,0,MELB_URBAN,MELB_URBAN,BANYULE,METROPOLITAN NORTH WEST REGION,,,Arterial Other,"Arterial Other,Local Road",Undivided,Undiv,Metro
3401945,T20130014084,ABS to receive accident,Finished,4/7/2013,12.45.00,No,Collision with vehicle,Thursday,LANE CHANGE RIGHT (NOT OVERTAKING),No,Day,No,Not at intersection,Serious injury accident,Not known,No,263713,144.90217,-37.80452,Non-Intersection,MARIBYRNONG,METROPOLITAN NORTH WEST REGION,2491384.946,2410716.085,2,1,0,1,0,1,2,0,0,0,1,0,0,1,0,0,0,0,0,0,No,0,2,0,1,1,0,MELB_URBAN,MELB_URBAN,MARIBYRNONG,METROPOLITAN NORTH WEST REGION,,,Arterial Other,Arterial Other,Divided,Div,Metro
3401946,T20130014085,ABS to receive accident,Finished,7/7/2013,08.00.00,Yes,Collision with a fixed object,Sunday,OFF LEFT BEND INTO OBJECT/PARKED VEHICLE,No,Day,Yes,Not at intersection,Other injury accident,60 km/hr,Yes,261798,147.62332,-37.81162,Non-Intersection,EAST GIPPSLAND,EASTERN REGION,2730959.194,2406751.003,1,1,0,0,1,0,1,0,0,0,1,0,0,0,0,0,0,0,0,0,No,0,1,0,1,0,0,SMALL_CITIES,SMALL_CITIES,EAST GIPPSLAND,"EASTERN REGION,EASTERN REGION",,,Local Road,Local Road,Divided,Div,Country
3401947,T20130014095,ABS to receive accident,Finished,7/7/2013,16.00.00,Yes,Collision with vehicle,Sunday,VEHICLE STRIKES ANOTHER VEH WHILE EMERGING FROM DRIVEWAY,No,Day,Yes,Not at intersection,Other injury accident,50 km/hr,No,261734,145.08287,-37.82647,Non-Intersection,BOROONDARA,METROPOLITAN SOUTH EAST REGION,2507295.433,2408281.476,2,1,0,0,1,1,1,1,1,0,1,0,0,0,0,1,0,0,0,0,No,0,2,0,1,0,0,MELB_URBAN,MELB_URBAN,BOROONDARA,METROPOLITAN SOUTH EAST REGION,,,Local Road,Local Road,Undivided,Undiv,Metro
3401948,T20130014096,ABS to receive accident,Finished,7/7/2013,15.28.00,No,Collision with a fixed object,Sunday,LEFT OFF CARRIAGEWAY INTO OBJECT/PARKED VEHICLE,No,Day,Yes,T intersection,Fatal accident,100 km/hr,Yes,263149,145.44401,-37.23424,Non-Intersection,MURRINDINDI,NORTH EASTERN REGION,2539394.401,2473915.922,1,1,1,0,0,0,1,0,0,0,1,0,0,0,0,0,0,0,0,0,No,0,1,0,1,0,0,RURAL_VICTORIA,RURAL_VICTORIA,"MURRINDINDI,MURRINDINDI",NORTH EASTERN REGION,B,B,Arterial Highway,Arterial Highway,Undivided,Undiv,Country
3401949,T20130014101,ABS to receive accident,Finished,7/7/2013,18.29.00,Yes,Collision with vehicle,Sunday,REAR END(VEHICLES IN SAME LANE),No,Dusk/Dawn,Yes,T intersection,Other injury accident,60 km/hr,No,44189,145.00838,-37.71207,Intersection,DAREBIN,METROPOLITAN NORTH WEST REGION,2500738.651,2420980.857,6,1,0,0,1,5,5,1,0,2,4,0,0,0,0,0,0,0,0,1,No,0,4,0,4,0,0,MELB_URBAN,MELB_URBAN,DAREBIN,METROPOLITAN NORTH WEST REGION,,,Arterial Other,"Arterial Other,Local Road",Undivided,Undiv,Metro
3401950,T20130014103,ABS to receive accident,Finished,7/7/2013,20.25.00,Yes,Collision with vehicle,Sunday,RIGHT REAR.,No,Dark Street lights on,Yes,T intersection,Other injury accident,60 km/hr,No,41934,145.28446,-37.88253,Intersection,KNOX,METROPOLITAN SOUTH EAST REGION,2525023.472,2402025.404,6,1,0,0,1,5,4,2,0,3,3,0,0,0,0,0,0,0,0,2,No,0,3,0,3,0,0,MELB_URBAN,MELB_URBAN,KNOX,METROPOLITAN SOUTH EAST REGION,,,Arterial Other,"Arterial Other,Local Road",Undivided,Undiv,Metro
3401951,T20130014104,ABS to receive accident,Finished,7/7/2013,20.30.00,Yes,Collision with a fixed object,Sunday,LEFT OFF CARRIAGEWAY INTO OBJECT/PARKED VEHICLE,No,Dark Street lights unknown,Yes,Not at intersection,Other injury accident,60 km/hr,Yes,261735,144.93896,-37.58366,Non-Intersection,HUME,METROPOLITAN NORTH WEST REGION,2494609.397,2435230.529,1,1,0,0,1,0,1,0,0,0,1,0,0,0,0,0,0,0,0,1,No,0,1,0,1,0,0,MELB_URBAN,MELB_URBAN,HUME,METROPOLITAN NORTH WEST REGION,,,Local Road,Local Road,Undivided,Undiv,Metro
3401952,T20130014106,ABS to receive accident,Finished,3/7/2013,16.10.00,No,Collision with vehicle,Wednesday,VEHICLE STRIKES DOOR OF PARKED/STATIONARY VEHICLE,No,Day,No,Not at intersection,Other injury accident,50 km/hr,No,261669,144.3602,-38.14846,Non-Intersection,GEELONG,SOUTH WESTERN REGION,2443916.052,2372356.568,2,1,0,0,1,1,1,0,1,0,1,0,0,0,0,0,0,0,0,0,No,0,2,0,1,0,0,LARGE_PROVINCIAL_CITIES,LARGE_PROVINCIAL_CITIES,GEELONG,SOUTH WESTERN REGION,,,Local Road,Local Road,Undivided,Undiv,Country
3401953,T20130014108,ABS to receive accident,Finished,7/7/2013,03.10.00,Yes,No collision and no object struck,Sunday,OUT OF CONTROL ON CARRIAGEWAY (ON STRAIGHT),No,Dark Street lights on,Yes,T intersection,Serious injury accident,60 km/hr,No,45390,144.92088,-37.77224,Intersection,MOONEE VALLEY,METROPOLITAN NORTH WEST REGION,2493029.745,2414300.601,1,1,0,1,0,0,1,0,1,0,0,0,0,0,0,0,0,0,0,0,No,0,1,0,0,0,0,MELB_URBAN,MELB_URBAN,MOONEE VALLEY,METROPOLITAN NORTH WEST REGION,,,Arterial Other,"Arterial Other,Local Road",Undivided,Undiv,Metro
3401954,T20130014111,ABS to receive accident,Finished,8/7/2013,00.12.00,Yes,Collision with a fixed object,Monday,OFF RIGHT BEND INTO OBJECT/PARKED VEHICLE,No,Dark Street lights on,Yes,Not at intersection,Other injury accident,80 km/hr,Yes,262650,144.96454,-37.82772,Non-Intersection,MELBOURNE,METROPOLITAN NORTH WEST REGION,2496878.544,2408145.347,1,1,0,0,1,0,0,1,0,0,1,0,0,0,0,0,0,0,0,0,No,0,1,0,1,0,0,MELB_URBAN,MELB_URBAN,MELBOURNE,METROPOLITAN NORTH WEST REGION,M,M,Freeway,Freeway,Undivided,Undiv,Metro
3401955,T20130014112,ABS to receive accident,Finished,8/7/2013,00.50.00,Yes,Struck Pedestrian,Sunday,PED PLAYING/LYING/WORKING/STANDING ON CARRIAGEWAY.,No,Dark Street lights on,Yes,T intersection,Other injury accident,50 km/hr,No,278614,144.91962,-37.61768,Intersection,HUME,METROPOLITAN NORTH WEST REGION,2492904.154,2431454.114,3,1,0,0,1,2,2,1,0,1,1,1,0,0,0,0,0,0,0,0,No,0,1,0,0,0,0,RURAL_VICTORIA,RURAL_VICTORIA,HUME,METROPOLITAN NORTH WEST REGION,,,Local Road,Local Road,Undivided,Undiv,Metro
3401956,T20130014114,ABS to receive accident,Finished,8/7/2013,07.00.00,No,Collision with a fixed object,Monday,OFF RIGHT BEND INTO OBJECT/PARKED VEHICLE,No,Dusk/Dawn,Yes,Not at intersection,Other injury accident,80 km/hr,Yes,261738,143.9204,-37.55964,Non-Intersection,BALLARAT,WESTERN REGION,2404623.779,2437357.009,1,1,0,0,1,0,1,0,0,0,1,0,0,0,0,0,0,0,0,0,No,0,1,0,1,0,0,RURAL_VICTORIA,RURAL_VICTORIA,BALLARAT,WESTERN REGION,C,C,Arterial Other,Arterial Other,Divided,Div,Country
3401957,T20130014115,ABS to receive accident,Finished,8/7/2013,07.22.00,No,Struck animal,Monday,STRUCK ANIMAL,No,Dusk/Dawn,Yes,Not at intersection,Other injury accident,100 km/hr,No,261739,142.42082,-38.20908,Non-Intersection,MOYNE,SOUTH WESTERN REGION,2274120.669,2362755.878,1,1,0,0,1,0,1,0,0,0,1,0,0,0,0,0,0,0,0,0,No,0,1,0,1,0,0,RURAL_VICTORIA,RURAL_VICTORIA,MOYNE,SOUTH WESTERN REGION,C,C,Arterial Other,Arterial Other,Undivided,Undiv,Country
3401958,T20130014118,ABS to receive accident,Finished,8/7/2013,07.35.00,No,Collision with vehicle,Monday,HEAD ON (NOT OVERTAKING),No,Day,Yes,Not at intersection,Other injury accident,100 km/hr,No,262732,142.85536,-38.28626,Non-Intersection,CORANGAMITE,SOUTH WESTERN REGION,2312362.641,2355134.454,2,2,0,0,2,0,2,0,0,0,2,0,0,0,0,0,0,0,0,1,No,0,2,0,2,0,0,RURAL_VICTORIA,RURAL_VICTORIA,CORANGAMITE,SOUTH WESTERN REGION,A,A,Arterial Highway,Arterial Highway,Undivided,Undiv,Country
3401959,T20130014119,ABS to receive accident,Finished,8/7/2013,09.00.00,No,Collision with vehicle,Monday,RIGHT THROUGH,No,Day,Yes,Cross intersection,Other injury accident,60 km/hr,No,50626,143.58441,-38.3494,Intersection,COLAC OTWAY,SOUTH WESTERN REGION,2376246.221,2349318.813,3,1,0,0,1,2,3,0,0,1,2,0,0,0,0,0,0,0,0,0,No,0,2,1,1,0,0,SMALL_CITIES,SMALL_CITIES,COLAC OTWAY,SOUTH WESTERN REGION,C,C,Arterial Other,"Arterial Other,Local Road",Undivided,Undiv,Country
3401960,T20130014120,ABS to receive accident,Finished,8/7/2013,09.15.00,No,Collision with vehicle,Monday,VEHICLE STRIKES DOOR OF PARKED/STATIONARY VEHICLE,No,Day,No,Not at intersection,Other injury accident,60 km/hr,No,261835,144.97155,-37.77237,Non-Intersection,MORELAND,METROPOLITAN NORTH WEST REGION,2497493.672,2414288.642,2,1,0,0,1,1,1,1,1,0,1,0,0,0,0,0,0,0,0,0,No,0,2,0,1,0,0,MELB_URBAN,MELB_URBAN,MORELAND,METROPOLITAN NORTH WEST REGION,,,Local Road,Local Road,Undivided,Undiv,Metro
3401961,T20130014121,ABS to receive accident,Finished,8/7/2013,07.40.00,No,Collision with a fixed object,Monday,OFF RIGHT BEND INTO OBJECT/PARKED VEHICLE,No,Day,Yes,Not at intersection,Other injury accident,80 km/hr,Yes,261740,144.52582,-37.33781,Non-Intersection,MACEDON RANGES,NORTHERN REGION,2457985.683,2462410.39,1,1,0,0,1,0,0,1,0,0,1,0,0,0,0,0,0,0,0,1,No,0,1,0,1,0,0,TOWNS,"TOWNS,RURAL_VICTORIA",MACEDON RANGES,NORTHERN REGION,C,C,Arterial Other,Arterial Other,Undivided,Undiv,Country
3401962,T20130014122,ABS to receive accident,Finished,8/7/2013,08.35.00,No,Collision with a fixed object,Monday,RIGHT OFF CARRIAGEWAY INTO OBJECT/PARKED VEHICLE,No,Day,Yes,Not at intersection,Other injury accident,60 km/hr,Yes,261741,144.47217,-37.25758,Non-Intersection,MACEDON RANGES,NORTHERN REGION,2453182.954,2471288.563,2,1,0,0,1,1,1,1,0,1,1,0,0,0,0,0,0,0,0,0,No,0,1,0,1,0,0,RURAL_VICTORIA,RURAL_VICTORIA,MACEDON RANGES,NORTHERN REGION,C,C,Arterial Other,Arterial Other,Undivided,Undiv,Country