OBJECTID,ACCIDENT_NO,ABS_CODE,ACCIDENT_STATUS,ACCIDENT_DATE,ACCIDENT_TIME,ALCOHOLTIME,ACCIDENT_TYPE,DAY_OF_WEEK,DCA_CODE,HIT_RUN_FLAG,LIGHT_CONDITION,POLICE_ATTEND,ROAD_GEOMETRY,SEVERITY,SPEED_ZONE,RUN_OFFROAD,NODE_ID,LONGITUDE,LATITUDE,NODE_TYPE,LGA_NAME,REGION_NAME,VICGRID_X,VICGRID_Y,TOTAL_PERSONS,INJ_OR_FATAL,FATALITY,SERIOUSINJURY,OTHERINJURY,NONINJURED,MALES,FEMALES,BICYCLIST,PASSENGER,DRIVER,PEDESTRIAN,PILLION,MOTORIST,UNKNOWN,PED_CYCLIST_5_12,PED_CYCLIST_13_18,OLD_PEDESTRIAN,OLD_DRIVER,YOUNG_DRIVER,ALCOHOL_RELATED,UNLICENCSED,NO_OF_VEHICLES,HEAVYVEHICLE,PASSENGERVEHICLE,MOTORCYCLE,PUBLICVEHICLE,DEG_URBAN_NAME,DEG_URBAN_ALL,LGA_NAME_ALL,REGION_NAME_ALL,SRNS,SRNS_ALL,RMA,RMA_ALL,DIVIDED,DIVIDED_ALL,STAT_DIV_NAME
3401963,T20130014123,ABS to receive accident,Finished,8/7/2013,09.12.00,No,Struck Pedestrian,Monday,PED NEAR SIDE. PED HIT BY VEHICLE FROM THE RIGHT.,No,Day,Yes,Cross intersection,Serious injury accident,60 km/hr,No,54854,145.93945,-38.16142,Intersection,BAW BAW,EASTERN REGION,2582336.351,2370700.256,2,1,0,1,0,1,1,1,0,0,1,1,0,0,0,0,0,1,0,1,No,0,1,0,1,0,0,SMALL_CITIES,SMALL_CITIES,BAW BAW,"EASTERN REGION,EASTERN REGION",,,Local Road,Local Road,Undivided,Undiv,Country
3401964,T20130014125,ABS to receive accident,Finished,8/7/2013,09.20.00,No,Collision with vehicle,Monday,CROSS TRAFFIC(INTERSECTIONS ONLY),No,Day,Yes,Cross intersection,Other injury accident,60 km/hr,No,610,145.09561,-37.85039,Intersection,WHITEHORSE,METROPOLITAN SOUTH EAST REGION,2508414.457,2405625.938,3,1,0,0,1,2,1,2,0,0,3,0,0,0,0,0,0,0,0,0,No,0,3,0,3,0,0,MELB_URBAN,MELB_URBAN,"WHITEHORSE,BOROONDARA",METROPOLITAN SOUTH EAST REGION,,,Arterial Highway,"Arterial Highway,Arterial Other",Undivided,Undiv,Metro
3401965,T20130014128,ABS to receive accident,Finished,8/7/2013,10.00.00,No,Struck Pedestrian,Monday,PED NEAR SIDE. PED HIT BY VEHICLE FROM THE RIGHT.,No,Day,Yes,Not at intersection,Other injury accident,40 km/hr,No,261744,144.96179,-37.76903,Non-Intersection,MORELAND,METROPOLITAN NORTH WEST REGION,2496633.285,2414659.087,2,1,0,0,1,1,1,1,0,0,1,1,0,0,0,0,0,0,1,0,No,0,1,0,1,0,0,MELB_URBAN,MELB_URBAN,MORELAND,METROPOLITAN NORTH WEST REGION,,,Arterial Other,Arterial Other,Undivided,Undiv,Metro
3401966,T20130014129,ABS to receive accident,Finished,8/7/2013,08.22.00,No,Collision with vehicle,Monday,REVERSING IN STREAM OF TRAFFIC,No,Day,Yes,T intersection,Other injury accident,50 km/hr,No,261745,145.26088,-38.02898,Intersection,CASEY,METROPOLITAN SOUTH EAST REGION,2522904.936,2385775.638,2,1,0,0,1,1,1,1,0,0,2,0,0,0,0,0,0,0,1,0,No,0,2,0,2,0,0,MELB_URBAN,MELB_URBAN,CASEY,METROPOLITAN SOUTH EAST REGION,,,Local Road,Local Road,Undivided,Undiv,Metro
3401967,T20130014131,ABS to receive accident,Finished,8/7/2013,07.05.00,No,Collision with vehicle,Monday,HEAD ON (NOT OVERTAKING),No,Dusk/Dawn,Yes,T intersection,Other injury accident,80 km/hr,No,261746,144.17784,-38.04509,Intersection,GOLDEN PLAINS,SOUTH WESTERN REGION,2427831.798,2383707.887,3,1,0,0,1,2,2,1,0,0,2,1,0,0,0,0,0,0,0,0,No,0,2,0,2,0,0,TOWNS,TOWNS,GOLDEN PLAINS,SOUTH WESTERN REGION,C,C,Arterial Other,"Arterial Other,Local Road",Undivided,Undiv,Country
3401968,T20130014136,ABS to receive accident,Finished,8/7/2013,10.40.00,No,Collision with vehicle,Monday,REAR END(VEHICLES IN SAME LANE),No,Day,Yes,Not at intersection,Other injury accident,70 km/hr,No,261747,145.24372,-37.81082,Non-Intersection,MAROONDAH,METROPOLITAN SOUTH EAST REGION,2521460.178,2409994.206,3,2,0,0,2,1,2,1,0,0,3,0,0,0,0,0,0,0,0,0,No,0,3,0,3,0,0,MELB_URBAN,MELB_URBAN,MAROONDAH,METROPOLITAN SOUTH EAST REGION,,,Arterial Other,Arterial Other,Divided,Div,Metro
3401969,T20130014138,ABS to receive accident,Finished,7/7/2013,16.00.00,Yes,Collision with vehicle,Sunday,REAR END(VEHICLES IN SAME LANE),No,Day,No,Not at intersection,Other injury accident,80 km/hr,No,208459,144.94183,-37.82555,Non-Intersection,MELBOURNE,METROPOLITAN NORTH WEST REGION,2494878.912,2408384.786,3,1,0,0,1,2,1,2,0,1,2,0,0,0,0,0,0,0,0,1,No,0,2,0,2,0,0,MELB_URBAN,MELB_URBAN,MELBOURNE,METROPOLITAN NORTH WEST REGION,M,M,Freeway,Freeway,Divided,Div,Metro
3401970,T20130014139,ABS to receive accident,Finished,8/7/2013,10.05.00,No,Struck Pedestrian,Monday,PED NEAR SIDE. PED HIT BY VEHICLE FROM THE RIGHT.,No,Day,Yes,T intersection,Serious injury accident,70 km/hr,No,41788,145.16636,-37.87686,Intersection,MONASH,METROPOLITAN SOUTH EAST REGION,2514635.724,2402679.232,3,1,0,1,0,2,1,2,0,1,1,1,0,0,0,0,0,1,0,0,No,0,1,0,1,0,0,MELB_URBAN,MELB_URBAN,MONASH,METROPOLITAN SOUTH EAST REGION,,,Arterial Highway,"Arterial Highway,Local Road",Divided,"Div,Undiv",Metro
3401971,T20130014143,ABS to receive accident,Finished,8/7/2013,06.11.00,No,Collision with a fixed object,Monday,LEFT OFF CARRIAGEWAY INTO OBJECT/PARKED VEHICLE,No,Dark Street lights on,Yes,Not at intersection,Other injury accident,60 km/hr,Yes,261748,144.8472,-37.83742,Non-Intersection,HOBSONS BAY,METROPOLITAN NORTH WEST REGION,2486550.337,2407058.524,1,1,0,0,1,0,1,0,0,0,1,0,0,0,0,0,0,0,0,1,No,0,1,0,1,0,0,MELB_URBAN,MELB_URBAN,HOBSONS BAY,METROPOLITAN NORTH WEST REGION,,,Arterial Other,Arterial Other,Divided,Div,Metro
3401972,T20130014147,ABS to receive accident,Finished,8/7/2013,12.25.00,No,Collision with vehicle,Monday,RIGHT REAR.,No,Day,Yes,T intersection,Serious injury accident,100 km/hr,No,60581,145.08689,-37.46076,Intersection,WHITTLESEA,METROPOLITAN NORTH WEST REGION,2507686.09,2448867.877,2,1,0,1,0,1,2,0,0,0,2,0,0,0,0,0,0,0,0,1,No,1,2,0,2,0,0,RURAL_VICTORIA,RURAL_VICTORIA,WHITTLESEA,METROPOLITAN NORTH WEST REGION,C,C,Arterial Other,"Arterial Other,Local Road",Undivided,Undiv,Metro
3401973,T20130014149,ABS to receive accident,Finished,8/7/2013,13.20.00,No,Collision with vehicle,Monday,CROSS TRAFFIC(INTERSECTIONS ONLY),No,Day,Yes,Cross intersection,Other injury accident,80 km/hr,No,50414,145.46147,-38.50013,Intersection,BASS COAST,EASTERN REGION,2540262.638,2333406.758,3,2,0,0,2,1,2,1,0,1,2,0,0,0,0,0,0,0,2,0,No,0,2,0,2,0,0,RURAL_VICTORIA,RURAL_VICTORIA,BASS COAST,"EASTERN REGION,EASTERN REGION",M,M,Arterial Highway,"Arterial Highway,Local Road",Divided,"Div,Undiv",Country
3401974,T20130014154,ABS to receive accident,Finished,6/7/2013,13.20.00,No,Vehicle overturned (no collision),Saturday,OUT OF CONTROL ON CARRIAGEWAY (ON BEND),No,Day,Yes,T intersection,Other injury accident,50 km/hr,No,261988,145.27313,-37.90466,Intersection,KNOX,METROPOLITAN SOUTH EAST REGION,2524020.397,2399571.68,2,1,0,0,1,1,2,0,0,0,1,0,0,1,0,0,0,0,0,1,No,0,2,0,1,1,0,MELB_URBAN,MELB_URBAN,KNOX,METROPOLITAN SOUTH EAST REGION,,,Local Road,Local Road,Undivided,Undiv,Metro
3401975,T20130014155,ABS to receive accident,Finished,8/7/2013,15.00.00,No,Collision with vehicle,Monday,CROSS TRAFFIC(INTERSECTIONS ONLY),No,Day,Yes,Cross intersection,Other injury accident,50 km/hr,No,63401,144.8957,-37.75181,Intersection,MOONEE VALLEY,METROPOLITAN NORTH WEST REGION,2490808.967,2416565.43,3,2,0,0,2,1,0,3,0,1,2,0,0,0,0,0,0,0,0,1,No,0,2,0,2,0,0,MELB_URBAN,MELB_URBAN,MOONEE VALLEY,METROPOLITAN NORTH WEST REGION,,,Local Road,Local Road,Undivided,Undiv,Metro
3401976,T20130014157,ABS to receive accident,Finished,8/7/2013,11.00.00,No,Vehicle overturned (no collision),Monday,OUT OF CONTROL ON CARRIAGEWAY (ON BEND),No,Day,Yes,Cross intersection,Serious injury accident,100 km/hr,No,50805,145.43188,-35.92545,Intersection,MOIRA,NORTH EASTERN REGION,2538976.847,2619140.245,2,2,0,2,0,0,2,0,0,1,1,0,0,0,0,0,0,0,0,0,No,0,1,1,0,0,0,RURAL_VICTORIA,RURAL_VICTORIA,MOIRA,NORTH EASTERN REGION,A,"A,B",Arterial Highway,"Arterial Highway,Local Road",Undivided,Undiv,Country
3401977,T20130014168,ABS to receive accident,Finished,8/7/2013,16.30.00,No,Collision with vehicle,Monday,REAR END(VEHICLES IN SAME LANE),No,Day,Yes,T intersection,Other injury accident,80 km/hr,No,41877,145.23644,-37.9107,Intersection,KNOX,METROPOLITAN SOUTH EAST REGION,2520791.573,2398910.502,7,4,0,0,4,3,2,5,0,4,3,0,0,0,0,0,0,0,0,0,No,0,3,0,3,0,0,MELB_URBAN,MELB_URBAN,KNOX,METROPOLITAN SOUTH EAST REGION,,,Arterial Highway,"Arterial Highway,Arterial Other",Divided,Div,Metro
3401978,T20130014169,ABS to receive accident,Finished,8/7/2013,18.45.00,Yes,Struck Pedestrian,Monday,PED NEAR SIDE. PED HIT BY VEHICLE FROM THE RIGHT.,No,Dark Street lights on,Yes,T intersection,Other injury accident,60 km/hr,No,38904,145.02909,-37.8055,Intersection,BOROONDARA,METROPOLITAN SOUTH EAST REGION,2502561.924,2410611.381,2,1,0,0,1,1,1,1,0,0,1,1,0,0,0,0,0,0,0,0,No,0,1,0,1,0,0,MELB_URBAN,MELB_URBAN,BOROONDARA,METROPOLITAN SOUTH EAST REGION,,,Arterial Other,"Arterial Other,Local Road",Undivided,Undiv,Metro
3401979,T20130014171,ABS to receive accident,Finished,8/7/2013,18.20.00,Yes,Collision with vehicle,Monday,REAR END(VEHICLES IN SAME LANE),No,Dark Street lights on,Yes,Multiple intersection,Serious injury accident,60 km/hr,No,61359,145.51329,-37.66259,Intersection,YARRA RANGES,METROPOLITAN SOUTH EAST REGION,2545285.498,2426350.331,3,1,0,1,0,2,1,2,0,1,2,0,0,0,0,0,0,0,0,1,No,0,2,0,2,0,0,TOWNS,TOWNS,YARRA RANGES,METROPOLITAN SOUTH EAST REGION,B,B,Arterial Highway,"Arterial Highway,Local Road",Undivided,Undiv,Metro
3401980,T20130014172,ABS to receive accident,Finished,8/7/2013,17.30.00,No,Collision with a fixed object,Monday,LEFT OFF CARRIAGEWAY INTO OBJECT/PARKED VEHICLE,No,Dark No street lights,Yes,Not at intersection,Other injury accident,100 km/hr,Yes,262038,144.60615,-37.0382,Non-Intersection,MITCHELL,NORTHERN REGION,2464965.696,2495688.813,1,1,0,0,1,0,0,1,0,0,1,0,0,0,0,0,0,0,0,0,No,1,1,0,1,0,0,RURAL_VICTORIA,RURAL_VICTORIA,MITCHELL,NORTHERN REGION,,,Local Road,Local Road,Undivided,Undiv,Country
3401981,T20130014174,ABS to receive accident,Finished,7/7/2013,16.50.00,Yes,Collision with vehicle,Sunday,RIGHT THROUGH,No,Day,No,T intersection,Serious injury accident,80 km/hr,No,261716,145.22411,-38.20946,Intersection,CASEY,METROPOLITAN SOUTH EAST REGION,2519628.961,2365750.428,2,2,0,2,0,0,0,2,0,0,2,0,0,0,0,0,0,0,0,1,No,0,2,0,2,0,0,MELB_URBAN,"RURAL_VICTORIA,MELB_URBAN",CASEY,METROPOLITAN SOUTH EAST REGION,,,Local Road,Local Road,Undivided,Undiv,Metro
3401982,T20130014176,ABS to receive accident,Finished,8/7/2013,20.15.00,Yes,Collision with vehicle,Monday,RIGHT NEAR (INTERSECTIONS ONLY),No,Dark Street lights on,Yes,T intersection,Other injury accident,40 km/hr,No,46942,145.03771,-37.91832,Intersection,GLEN EIRA,METROPOLITAN SOUTH EAST REGION,2503315.358,2398089.096,3,1,0,0,1,2,3,0,0,1,2,0,0,0,0,0,0,0,0,1,No,0,2,0,2,0,0,MELB_URBAN,MELB_URBAN,GLEN EIRA,METROPOLITAN SOUTH EAST REGION,,,Arterial Other,"Arterial Other,Local Road",Undivided,Undiv,Metro
3401983,T20130014177,ABS to receive accident,Finished,8/7/2013,08.20.00,No,Vehicle overturned (no collision),Monday,OUT OF CONTROL ON CARRIAGEWAY (ON STRAIGHT),No,Day,No,Cross intersection,Other injury accident,50 km/hr,No,52755,143.82355,-37.53222,Intersection,BALLARAT,WESTERN REGION,2396030.852,2440298.417,1,1,0,0,1,0,1,0,0,0,0,0,0,1,0,0,0,0,0,0,No,0,1,0,0,1,0,LARGE_PROVINCIAL_CITIES,LARGE_PROVINCIAL_CITIES,BALLARAT,WESTERN REGION,C,C,Arterial Other,"Arterial Other,Local Road",Divided,"Div,Undiv",Country
3401984,T20130014182,ABS to receive accident,Finished,3/7/2013,21.40.00,Yes,Collision with vehicle,Wednesday,LEFT FAR (INTERSECTIONS ONLY),Yes,Dark Street lights on,Yes,T intersection,Serious injury accident,50 km/hr,No,263567,145.29454,-38.07881,Intersection,CASEY,METROPOLITAN SOUTH EAST REGION,2525843.241,2380236.438,2,1,0,1,0,1,1,1,0,0,1,0,0,1,0,0,0,0,0,0,No,0,2,0,0,1,0,MELB_URBAN,MELB_URBAN,CASEY,METROPOLITAN SOUTH EAST REGION,,,Local Road,Local Road,Undivided,Undiv,Metro
3401985,T20130014184,ABS to receive accident,Finished,9/7/2013,05.00.00,Yes,Collision with vehicle,Tuesday,RIGHT THROUGH,No,Dark Street lights on,Yes,T intersection,Other injury accident,70 km/hr,No,57595,145.09073,-37.9697,Intersection,KINGSTON,METROPOLITAN SOUTH EAST REGION,2507972.123,2392383.342,2,1,0,0,1,1,2,0,0,0,2,0,0,0,0,0,0,0,0,1,No,0,2,0,1,0,0,MELB_URBAN,MELB_URBAN,KINGSTON,METROPOLITAN SOUTH EAST REGION,,,Arterial Other,"Arterial Other,Local Road",Undivided,Undiv,Metro
3401986,T20130014186,ABS to receive accident,Finished,8/7/2013,13.10.00,No,Collision with vehicle,Monday,CROSS TRAFFIC(INTERSECTIONS ONLY),No,Day,Yes,Cross intersection,Other injury accident,50 km/hr,No,50612,143.58108,-38.34147,Intersection,COLAC OTWAY,SOUTH WESTERN REGION,2375942.418,2350194.628,2,1,0,0,1,1,1,1,1,0,1,0,0,0,0,0,0,0,0,0,No,0,2,0,1,0,0,SMALL_CITIES,SMALL_CITIES,COLAC OTWAY,SOUTH WESTERN REGION,,,Local Road,Local Road,Undivided,Undiv,Country
3401987,T20130014187,ABS to receive accident,Finished,9/7/2013,08.12.00,No,Collision with vehicle,Tuesday,LEFT NEAR (INTERSECTIONS ONLY),No,Day,Yes,T intersection,Serious injury accident,80 km/hr,No,70435,145.06668,-37.97673,Intersection,KINGSTON,METROPOLITAN SOUTH EAST REGION,2505858.661,2391604.993,3,1,0,1,0,2,2,1,1,1,1,0,0,0,0,0,0,0,0,0,No,0,2,0,1,0,0,MELB_URBAN,MELB_URBAN,KINGSTON,METROPOLITAN SOUTH EAST REGION,,,Arterial Highway,"Arterial Highway,Local Road",Divided,"Div,Undiv",Metro
3401988,T20130014188,ABS to receive accident,Finished,9/7/2013,09.00.00,No,Struck Pedestrian,Tuesday,ANY MANOEUVRE INVOLVING PED NOT INCLUDED IN DCAs 100-108.,Yes,Day,Yes,Not at intersection,Other injury accident,40 km/hr,No,262039,144.9253,-37.76842,Non-Intersection,MOONEE VALLEY,METROPOLITAN NORTH WEST REGION,2493418.476,2414724.753,2,1,0,0,1,1,1,1,0,0,1,1,0,0,0,0,0,0,0,0,No,0,1,0,1,0,0,MELB_URBAN,MELB_URBAN,MOONEE VALLEY,METROPOLITAN NORTH WEST REGION,,,Arterial Other,Arterial Other,Undivided,Undiv,Metro
3401989,T20130014189,ABS to receive accident,Finished,9/7/2013,06.50.00,No,Collision with vehicle,Tuesday,HEAD ON (NOT OVERTAKING),No,Dusk/Dawn,Yes,Not at intersection,Serious injury accident,100 km/hr,No,261730,145.06372,-37.44271,Non-Intersection,MITCHELL,NORTHERN REGION,2505637.896,2450872.333,3,1,0,1,0,2,1,2,0,0,3,0,0,0,0,0,0,0,0,1,No,1,3,0,2,0,0,RURAL_VICTORIA,RURAL_VICTORIA,MITCHELL,NORTHERN REGION,C,C,Arterial Other,Arterial Other,Undivided,Undiv,Country
3401990,T20130014191,ABS to receive accident,Finished,9/7/2013,10.30.00,No,Collision with vehicle,Tuesday,RIGHT NEAR (INTERSECTIONS ONLY),No,Day,Yes,Cross intersection,Other injury accident,60 km/hr,No,38820,144.92296,-37.78918,Intersection,MELBOURNE,METROPOLITAN NORTH WEST REGION,2493214.242,2412420.275,3,1,0,0,1,2,2,1,0,1,2,0,0,0,0,0,0,0,0,1,No,0,2,0,2,0,0,MELB_URBAN,MELB_URBAN,MELBOURNE,METROPOLITAN NORTH WEST REGION,,,Arterial Highway,"Arterial Highway,Local Road,Arterial Other",Undivided,Undiv,Metro
3401991,T20130014192,ABS to receive accident,Finished,9/7/2013,08.50.00,No,Collision with vehicle,Monday,VEHICLE COLLIDES WITH VEHICLE PARKED ON LEFT OF ROAD,No,Day,Yes,Not at intersection,Other injury accident,70 km/hr,No,278615,145.32749,-38.10314,Non-Intersection,CASEY,METROPOLITAN SOUTH EAST REGION,2528724.889,2377526.13,1,1,0,0,1,0,0,1,0,0,1,0,0,0,0,0,0,0,0,1,No,0,2,1,1,0,0,MELB_URBAN,MELB_URBAN,CASEY,METROPOLITAN SOUTH EAST REGION,,,Local Road,Local Road,Undivided,Undiv,Metro
3401992,T20130014201,ABS to receive accident,Finished,8/7/2013,22.05.00,Yes,Collision with vehicle,Monday,CROSS TRAFFIC(INTERSECTIONS ONLY),No,Dark Street lights on,No,Cross intersection,Other injury accident,50 km/hr,No,43747,144.58575,-37.68301,Intersection,MELTON,METROPOLITAN NORTH WEST REGION,2463462.176,2424127.466,2,1,0,0,1,1,2,0,0,0,2,0,0,0,0,0,0,0,0,0,No,0,2,0,2,0,0,SMALL_CITIES,SMALL_CITIES,MELTON,METROPOLITAN NORTH WEST REGION,C,C,Arterial Other,"Arterial Other,Local Road",Divided,"Div,Undiv",Metro
3401993,T20130014206,ABS to receive accident,Finished,9/7/2013,11.30.00,No,Collision with vehicle,Tuesday,HEAD ON (NOT OVERTAKING),No,Day,Yes,T intersection,Serious injury accident,60 km/hr,No,42785,145.06968,-37.96711,Intersection,KINGSTON,METROPOLITAN SOUTH EAST REGION,2506122.406,2392672.145,7,2,0,2,0,5,3,4,0,2,5,0,0,0,0,0,0,0,0,0,Yes,0,5,0,5,0,0,MELB_URBAN,MELB_URBAN,KINGSTON,METROPOLITAN SOUTH EAST REGION,,,Arterial Other,"Arterial Other,Local Road",Undivided,Undiv,Metro
3401994,T20130014208,ABS to receive accident,Finished,9/7/2013,11.45.00,No,Collision with vehicle,Tuesday,PULLING OUT (OVERTAKING),No,Day,Yes,T intersection,Serious injury accident,60 km/hr,No,71734,145.13403,-38.12415,Intersection,FRANKSTON,METROPOLITAN SOUTH EAST REGION,2511752.355,2375235.83,2,1,0,1,0,1,2,0,0,0,1,0,0,1,0,0,0,0,0,0,No,0,2,0,1,1,0,MELB_URBAN,MELB_URBAN,FRANKSTON,METROPOLITAN SOUTH EAST REGION,,,Arterial Other,"Arterial Other,Local Road",Undivided,Undiv,Metro
3401995,T20130014210,ABS to receive accident,Finished,6/7/2013,00.30.00,Yes,Vehicle overturned (no collision),Saturday,OUT OF CONTROL ON CARRIAGEWAY (ON STRAIGHT),No,Dark No street lights,No,Not at intersection,Serious injury accident,Not known,No,261717,147.26383,-37.5377,Non-Intersection,WELLINGTON,EASTERN REGION,2700039.08,2437954.124,2,1,0,1,0,1,2,0,0,1,1,0,0,0,0,0,0,0,0,0,Yes,0,1,0,1,0,0,RURAL_VICTORIA,RURAL_VICTORIA,WELLINGTON,"EASTERN REGION,EASTERN REGION",,,Local Road,Local Road,Undivided,Undiv,Country
3401996,T20130014212,ABS to receive accident,Finished,4/7/2013,01.00.00,Yes,Collision with a fixed object,Thursday,LEFT OFF CARRIAGEWAY INTO OBJECT/PARKED VEHICLE,No,Dark Street lights on,Yes,Not at intersection,Other injury accident,80 km/hr,Yes,261864,147.84067,-37.87477,Non-Intersection,EAST GIPPSLAND,EASTERN REGION,2749880.733,2399195.657,1,1,0,0,1,0,1,0,0,0,1,0,0,0,0,0,0,0,0,0,No,0,1,0,1,0,0,RURAL_VICTORIA,RURAL_VICTORIA,EAST GIPPSLAND,"EASTERN REGION,EASTERN REGION",,,Local Road,Local Road,Undivided,Undiv,Country
3401997,T20130014213,ABS to receive accident,Finished,9/7/2013,07.55.00,No,Collision with a fixed object,Tuesday,LEFT OFF CARRIAGEWAY INTO OBJECT/PARKED VEHICLE,No,Day,Yes,Not at intersection,Serious injury accident,100 km/hr,Yes,263645,145.71989,-38.37476,Non-Intersection,SOUTH GIPPSLAND,EASTERN REGION,2562914.635,2347185.38,1,1,0,1,0,0,0,1,0,0,1,0,0,0,0,0,0,0,0,1,No,0,1,0,1,0,0,RURAL_VICTORIA,RURAL_VICTORIA,SOUTH GIPPSLAND,"EASTERN REGION,EASTERN REGION",A,A,Arterial Highway,Arterial Highway,Undivided,Undiv,Country
3401998,T20130014214,ABS to receive accident,Finished,7/7/2013,10.00.00,Yes,Collision with vehicle,Sunday,REAR END(VEHICLES IN SAME LANE),No,Day,No,Not at intersection,Other injury accident,Not known,No,261737,144.77417,-37.77801,Non-Intersection,BRIMBANK,METROPOLITAN NORTH WEST REGION,2480106.365,2413639.465,3,2,0,0,2,1,1,2,0,1,2,0,0,0,0,0,0,0,1,0,No,0,2,0,2,0,0,MELB_URBAN,MELB_URBAN,BRIMBANK,METROPOLITAN NORTH WEST REGION,,,Local Road,Local Road,Undivided,Undiv,Metro
3401999,T20130014215,ABS to receive accident,Finished,8/7/2013,15.40.00,No,Collision with vehicle,Monday,VEHICLE STRIKES DOOR OF PARKED/STATIONARY VEHICLE,No,Day,No,Cross intersection,Other injury accident,50 km/hr,No,216,144.96068,-37.81496,Intersection,MELBOURNE,METROPOLITAN NORTH WEST REGION,2496538.275,2409560.853,2,1,0,0,1,1,1,1,1,0,1,0,0,0,0,0,0,0,0,0,No,0,2,0,1,0,0,MELBOURNE_CBD,MELBOURNE_CBD,MELBOURNE,METROPOLITAN NORTH WEST REGION,,,Local Road,Local Road,Divided,"Div,Undiv",Metro
3402000,T20130014216,ABS to receive accident,Finished,9/7/2013,09.40.00,No,Collision with vehicle,Tuesday,VEHICLE STRIKES ANOTHER VEH WHILE EMERGING FROM DRIVEWAY,No,Day,Yes,Not at intersection,Serious injury accident,70 km/hr,No,261742,147.87042,-37.82299,Non-Intersection,EAST GIPPSLAND,EASTERN REGION,2752670.216,2404861.526,7,7,0,3,4,0,2,5,0,5,2,0,0,0,0,0,0,0,0,0,No,0,2,0,2,0,0,RURAL_VICTORIA,RURAL_VICTORIA,EAST GIPPSLAND,"EASTERN REGION,EASTERN REGION",A,A,Arterial Highway,Arterial Highway,Undivided,Undiv,Country
3402001,T20130014218,ABS to receive accident,Finished,5/7/2013,18.50.00,Yes,Struck Pedestrian,Friday,ANY MANOEUVRE INVOLVING PED NOT INCLUDED IN DCAs 100-108.,No,Dark Street lights unknown,No,T intersection,Other injury accident,50 km/hr,No,261865,144.74588,-37.87674,Intersection,WYNDHAM,METROPOLITAN NORTH WEST REGION,2477643.526,2402675.101,2,1,0,0,1,1,1,1,0,0,1,1,0,0,0,0,0,0,0,1,No,0,1,0,1,0,0,MELB_URBAN,MELB_URBAN,WYNDHAM,METROPOLITAN NORTH WEST REGION,,,Local Road,Local Road,Undivided,Undiv,Metro
3402002,T20130014219,ABS to receive accident,Finished,9/7/2013,13.15.00,No,Collision with a fixed object,Tuesday,RIGHT OFF CARRIAGEWAY INTO OBJECT/PARKED VEHICLE,No,Day,Yes,Not at intersection,Serious injury accident,80 km/hr,Yes,261874,145.17905,-37.95324,Non-Intersection,DANDENONG,METROPOLITAN SOUTH EAST REGION,2515736.261,2394199.631,1,1,0,1,0,0,1,0,0,0,1,0,0,0,0,0,0,0,1,0,No,0,1,0,1,0,0,MELB_URBAN,MELB_URBAN,DANDENONG,METROPOLITAN SOUTH EAST REGION,,,Arterial Highway,Arterial Highway,Divided,Div,Metro
3402003,T20130014220,ABS to receive accident,Finished,9/7/2013,13.00.00,No,Collision with vehicle,Tuesday,TWO RIGHT TURNING (INTERSECTIONS ONLY),No,Day,Yes,Multiple intersection,Other injury accident,50 km/hr,No,39758,145.28121,-37.79445,Intersection,MAROONDAH,METROPOLITAN SOUTH EAST REGION,2524766.43,2411802.366,3,1,0,0,1,2,2,1,0,1,2,0,0,0,0,0,0,0,0,0,No,0,2,0,2,0,0,MELB_URBAN,MELB_URBAN,MAROONDAH,METROPOLITAN SOUTH EAST REGION,,,Arterial Other,"Arterial Other,Local Road",Undivided,Undiv,Metro
3402004,T20130014309,ABS to receive accident,Finished,10/7/2013,13.40.00,No,Collision with vehicle,Wednesday,REVERSING INTO FIXED OBJECT/PARKED VEHICLE,No,Day,Yes,Not at intersection,Serious injury accident,50 km/hr,No,263010,145.01735,-37.67324,Non-Intersection,WHITTLESEA,METROPOLITAN NORTH WEST REGION,2501530.859,2425290.597,6,6,0,3,3,0,3,3,0,0,1,5,0,0,0,0,0,2,1,0,No,0,2,0,2,0,0,MELB_URBAN,MELB_URBAN,WHITTLESEA,METROPOLITAN NORTH WEST REGION,,,Local Road,Local Road,Divided,Div,Metro
3402005,T20130014312,ABS to receive accident,Finished,9/7/2013,16.00.00,No,Vehicle overturned (no collision),Tuesday,OUT OF CONTROL ON CARRIAGEWAY (ON STRAIGHT),No,Day,No,Not at intersection,Other injury accident,100 km/hr,No,261751,145.64954,-37.30403,Non-Intersection,MURRINDINDI,NORTH EASTERN REGION,2557577.484,2466067.143,1,1,0,0,1,0,1,0,0,0,0,0,0,1,0,0,0,0,0,0,No,0,1,0,0,1,0,RURAL_VICTORIA,RURAL_VICTORIA,"MURRINDINDI,MURRINDINDI",NORTH EASTERN REGION,,,Local Road,Local Road,Undivided,Undiv,Country
3402006,T20130014315,ABS to receive accident,Finished,10/7/2013,15.24.00,No,Collision with vehicle,Wednesday,REAR END(VEHICLES IN SAME LANE),No,Day,Yes,Not at intersection,Serious injury accident,80 km/hr,No,262120,144.93117,-37.82262,Non-Intersection,MELBOURNE,METROPOLITAN NORTH WEST REGION,2493939.93,2408709.849,3,1,0,1,0,2,1,1,0,0,2,0,0,0,1,0,0,0,0,0,No,0,3,1,1,0,0,MELB_URBAN,MELB_URBAN,MELBOURNE,METROPOLITAN NORTH WEST REGION,M,M,Freeway,Freeway,Divided,Div,Metro