OBJECTID,ACCIDENT_NO,ABS_CODE,ACCIDENT_STATUS,ACCIDENT_DATE,ACCIDENT_TIME,ALCOHOLTIME,ACCIDENT_TYPE,DAY_OF_WEEK,DCA_CODE,HIT_RUN_FLAG,LIGHT_CONDITION,POLICE_ATTEND,ROAD_GEOMETRY,SEVERITY,SPEED_ZONE,RUN_OFFROAD,NODE_ID,LONGITUDE,LATITUDE,NODE_TYPE,LGA_NAME,REGION_NAME,VICGRID_X,VICGRID_Y,TOTAL_PERSONS,INJ_OR_FATAL,FATALITY,SERIOUSINJURY,OTHERINJURY,NONINJURED,MALES,FEMALES,BICYCLIST,PASSENGER,DRIVER,PEDESTRIAN,PILLION,MOTORIST,UNKNOWN,PED_CYCLIST_5_12,PED_CYCLIST_13_18,OLD_PEDESTRIAN,OLD_DRIVER,YOUNG_DRIVER,ALCOHOL_RELATED,UNLICENCSED,NO_OF_VEHICLES,HEAVYVEHICLE,PASSENGERVEHICLE,MOTORCYCLE,PUBLICVEHICLE,DEG_URBAN_NAME,DEG_URBAN_ALL,LGA_NAME_ALL,REGION_NAME_ALL,SRNS,SRNS_ALL,RMA,RMA_ALL,DIVIDED,DIVIDED_ALL,STAT_DIV_NAME
3402007,T20130014317,ABS to receive accident,Finished,10/7/2013,16.10.00,No,Collision with vehicle,Wednesday,REAR END(VEHICLES IN SAME LANE),Yes,Day,Yes,Not at intersection,Other injury accident,100 km/hr,No,261753,145.16967,-37.91628,Non-Intersection,MONASH,METROPOLITAN SOUTH EAST REGION,2514919.348,2398303.554,4,3,0,0,3,1,1,3,0,2,2,0,0,0,0,0,0,0,0,1,No,0,2,0,2,0,0,MELB_URBAN,MELB_URBAN,MONASH,METROPOLITAN SOUTH EAST REGION,M,M,Freeway,Freeway,Divided,Div,Metro
3402008,T20130014319,ABS to receive accident,Finished,10/7/2013,17.31.00,No,Collision with vehicle,Wednesday,REAR END(VEHICLES IN SAME LANE),No,Dusk/Dawn,No,Cross intersection,Other injury accident,60 km/hr,No,44593,143.83663,-37.57275,Intersection,BALLARAT,WESTERN REGION,2397241.485,2435815.017,2,1,0,0,1,1,2,0,0,0,2,0,0,0,0,0,0,0,0,1,No,0,2,0,2,0,0,LARGE_PROVINCIAL_CITIES,LARGE_PROVINCIAL_CITIES,BALLARAT,WESTERN REGION,C,C,Arterial Other,"Arterial Other,Local Road",Undivided,Undiv,Country
3402009,T20130014320,ABS to receive accident,Finished,10/7/2013,16.05.00,No,Collision with vehicle,Wednesday,REAR END(VEHICLES IN SAME LANE),No,Day,No,Not at intersection,Serious injury accident,100 km/hr,No,262153,145.1884,-37.93192,Non-Intersection,MONASH,METROPOLITAN SOUTH EAST REGION,2516562.53,2396564.279,2,1,0,1,0,1,0,2,0,0,2,0,0,0,0,0,0,0,0,0,No,0,2,0,2,0,0,MELB_URBAN,MELB_URBAN,MONASH,METROPOLITAN SOUTH EAST REGION,M,M,Freeway,Freeway,Divided,Div,Metro
3402010,T20130014321,ABS to receive accident,Finished,10/7/2013,09.25.00,No,Collision with vehicle,Wednesday,REAR END(VEHICLES IN SAME LANE),No,Day,No,Not at intersection,Other injury accident,70 km/hr,No,263170,145.18827,-37.83645,Non-Intersection,WHITEHORSE,METROPOLITAN SOUTH EAST REGION,2516572.487,2407160.614,2,1,0,0,1,1,1,1,0,0,2,0,0,0,0,0,0,0,0,0,No,0,2,0,2,0,0,MELB_URBAN,MELB_URBAN,WHITEHORSE,METROPOLITAN SOUTH EAST REGION,,,Local Road,Local Road,Undivided,Undiv,Metro
3402011,T20130014322,ABS to receive accident,Finished,10/7/2013,15.55.00,No,Collision with vehicle,Wednesday,CROSS TRAFFIC(INTERSECTIONS ONLY),No,Day,Yes,Cross intersection,Other injury accident,50 km/hr,No,52923,143.85216,-37.5678,Intersection,BALLARAT,WESTERN REGION,2398606.501,2436380.645,4,2,0,0,2,2,1,3,0,2,2,0,0,0,0,0,0,0,0,0,No,0,2,0,2,0,0,LARGE_PROVINCIAL_CITIES,LARGE_PROVINCIAL_CITIES,BALLARAT,WESTERN REGION,,,Local Road,Local Road,Undivided,Undiv,Country
3402012,T20130014323,ABS to receive accident,Finished,10/7/2013,16.00.00,No,Collision with vehicle,Wednesday,REAR END(VEHICLES IN SAME LANE),No,Day,Yes,T intersection,Other injury accident,70 km/hr,No,41552,145.08938,-37.887,Intersection,MONASH,METROPOLITAN SOUTH EAST REGION,2507862.451,2401563.184,5,3,0,0,3,2,2,3,0,2,3,0,0,0,0,0,0,0,0,0,No,0,3,0,2,0,1,MELB_URBAN,MELB_URBAN,"STONNINGTON,MONASH",METROPOLITAN SOUTH EAST REGION,,,Arterial Highway,"Arterial Highway,Local Road",Divided,"Div,Undiv",Metro
3402013,T20130014324,ABS to receive accident,Finished,10/7/2013,17.40.00,No,Collision with vehicle,Wednesday,RIGHT THROUGH,No,Dark Street lights on,Yes,Cross intersection,Other injury accident,60 km/hr,No,46674,144.80404,-37.81486,Non-Intersection,BRIMBANK,METROPOLITAN NORTH WEST REGION,2482745.918,2409555.861,2,1,0,0,1,1,2,0,0,0,2,0,0,0,0,0,0,0,0,0,No,0,2,1,1,0,0,MELB_URBAN,MELB_URBAN,BRIMBANK,METROPOLITAN NORTH WEST REGION,,,Arterial Other,Arterial Other,Divided,Div,Metro
3402014,T20130014325,ABS to receive accident,Finished,10/7/2013,11.20.00,No,Collision with vehicle,Wednesday,HEAD ON (NOT OVERTAKING),No,Day,Yes,Not at intersection,Fatal accident,100 km/hr,No,263771,142.90031,-38.19719,Non-Intersection,CORANGAMITE,SOUTH WESTERN REGION,2316077.113,2365107.338,2,2,1,1,0,0,2,0,0,0,2,0,0,0,0,0,0,0,1,0,No,1,2,0,2,0,0,RURAL_VICTORIA,RURAL_VICTORIA,CORANGAMITE,SOUTH WESTERN REGION,,,Local Road,Local Road,Undivided,Undiv,Country
3402015,T20130014328,ABS to receive accident,Finished,9/7/2013,13.15.00,No,No collision and no object struck,Tuesday,OUT OF CONTROL ON CARRIAGEWAY (ON STRAIGHT),No,Unk.,No,T intersection,Other injury accident,40 km/hr,No,37938,145.0011,-37.75556,Intersection,DAREBIN,METROPOLITAN NORTH WEST REGION,2500097.36,2416154.206,1,1,0,0,1,0,0,1,1,0,0,0,0,0,0,0,0,0,0,0,No,0,1,0,0,0,0,MELB_URBAN,MELB_URBAN,DAREBIN,METROPOLITAN NORTH WEST REGION,,,Local Road,Local Road,Undivided,Undiv,Metro
3402016,T20130014329,ABS to receive accident,Finished,10/7/2013,17.18.00,No,Collision with vehicle,Wednesday,CROSS TRAFFIC(INTERSECTIONS ONLY),No,Day,Yes,Cross intersection,Serious injury accident,60 km/hr,No,59239,141.24103,-36.37897,Intersection,WEST WIMMERA,WESTERN REGION,2162825.336,2562249.797,2,1,0,1,0,1,1,1,0,0,2,0,0,0,0,0,0,0,1,0,No,0,2,1,1,0,0,SMALL_TOWNS,SMALL_TOWNS,WEST WIMMERA,WESTERN REGION,A,A,Arterial Highway,"Arterial Highway,Local Road",Undivided,Undiv,Country
3402017,T20130014430,ABS to receive accident,Finished,11/7/2013,07.24.00,No,Struck Pedestrian,Thursday,FAR SIDE. PED HIT BY VEHICLE FROM THE LEFT,No,Day,No,Cross intersection,Other injury accident,Not known,No,241,144.97297,-37.80924,Intersection,MELBOURNE,METROPOLITAN NORTH WEST REGION,2497619.96,2410196.096,2,1,0,0,1,1,0,2,0,0,0,1,0,1,0,0,0,0,0,0,No,0,1,0,0,1,0,MELB_URBAN,MELB_URBAN,MELBOURNE,METROPOLITAN NORTH WEST REGION,,,Local Road,Local Road,Divided,"Div,Undiv",Metro
3402018,T20130014431,ABS to receive accident,Finished,10/7/2013,18.00.00,Yes,Collision with vehicle,Wednesday,RIGHT THROUGH,No,Dark Street lights on,No,T intersection,Other injury accident,60 km/hr,No,40053,144.96458,-37.85569,Intersection,PORT PHILLIP,METROPOLITAN NORTH WEST REGION,2496883.236,2405041.219,2,1,0,0,1,1,2,0,1,0,1,0,0,0,0,0,0,0,0,0,No,0,2,0,1,0,0,MELB_URBAN,MELB_URBAN,PORT PHILLIP,METROPOLITAN NORTH WEST REGION,,,Arterial Other,"Arterial Other,Local Road",Divided,"Div,Undiv",Metro
3402019,T20130014435,ABS to receive accident,Finished,12/7/2013,13.59.00,No,Collision with vehicle,Friday,CROSS TRAFFIC(INTERSECTIONS ONLY),No,Day,Yes,Cross intersection,Serious injury accident,90 km/hr,No,44092,145.1456,-38.33882,Intersection,MORNINGTON PENINSULA,METROPOLITAN SOUTH EAST REGION,2512730.649,2351403.539,3,3,0,2,1,0,1,2,0,1,2,0,0,0,0,0,0,0,0,0,No,0,2,0,2,0,0,RURAL_VICTORIA,RURAL_VICTORIA,MORNINGTON PENINSULA,METROPOLITAN SOUTH EAST REGION,C,C,Arterial Other,"Arterial Other,Local Road",Undivided,Undiv,Metro
3402020,T20130014437,ABS to receive accident,Finished,12/7/2013,08.36.00,No,Struck Pedestrian,Friday,PED NEAR SIDE. PED HIT BY VEHICLE FROM THE RIGHT.,No,Day,Yes,Cross intersection,Serious injury accident,50 km/hr,No,64042,144.86237,-37.7703,Intersection,MOONEE VALLEY,METROPOLITAN NORTH WEST REGION,2487874.636,2414510.231,2,1,0,1,0,1,1,1,0,0,1,1,0,0,0,0,0,1,0,1,No,0,1,0,1,0,0,MELB_URBAN,MELB_URBAN,MOONEE VALLEY,METROPOLITAN NORTH WEST REGION,,,Local Road,Local Road,Undivided,Undiv,Metro
3402021,T20130014438,ABS to receive accident,Finished,10/7/2013,08.40.00,No,Collision with a fixed object,Wednesday,OFF LEFT BEND INTO OBJECT/PARKED VEHICLE,No,Day,No,Not at intersection,Other injury accident,100 km/hr,Yes,262364,143.46266,-38.6536,Non-Intersection,COLAC OTWAY,SOUTH WESTERN REGION,2366149.062,2315383.408,3,3,0,0,3,0,1,2,0,2,1,0,0,0,0,0,0,0,0,0,No,0,1,0,1,0,0,RURAL_VICTORIA,RURAL_VICTORIA,COLAC OTWAY,SOUTH WESTERN REGION,C,C,Arterial Other,Arterial Other,Undivided,Undiv,Country
3402022,T20130014443,ABS to receive accident,Finished,10/7/2013,16.15.00,No,Struck Pedestrian,Tuesday,FAR SIDE. PED HIT BY VEHICLE FROM THE LEFT,Yes,Day,No,Cross intersection,Other injury accident,60 km/hr,No,37447,144.94761,-37.83453,Intersection,PORT PHILLIP,METROPOLITAN NORTH WEST REGION,2495387.957,2407388.644,2,1,0,0,1,1,1,0,0,0,1,1,0,0,0,0,0,0,0,0,No,0,1,0,1,0,0,MELB_URBAN,MELB_URBAN,PORT PHILLIP,METROPOLITAN NORTH WEST REGION,,,Arterial Other,"Arterial Other,Local Road",Divided,Div,Metro
3402023,T20130014445,ABS to receive accident,Finished,12/7/2013,14.00.00,No,Collision with vehicle,Friday,LANE CHANGE LEFT (NOT OVERTAKING),Yes,Day,No,T intersection,Other injury accident,Not known,No,42935,145.17221,-37.99098,Intersection,DANDENONG,METROPOLITAN SOUTH EAST REGION,2515127.147,2390012.057,2,1,0,0,1,1,1,0,1,0,0,0,0,0,1,0,0,0,0,0,No,0,2,0,0,0,0,MELB_URBAN,MELB_URBAN,DANDENONG,METROPOLITAN SOUTH EAST REGION,,,Local Road,Local Road,Undivided,Undiv,Metro
3402024,T20130014449,ABS to receive accident,Finished,12/7/2013,15.45.00,No,Collision with vehicle,Friday,CROSS TRAFFIC(INTERSECTIONS ONLY),No,Day,Yes,Cross intersection,Serious injury accident,100 km/hr,No,50264,144.37017,-38.22333,Intersection,GEELONG,SOUTH WESTERN REGION,2444844.954,2364051.781,3,2,0,1,1,1,3,0,0,1,2,0,0,0,0,0,0,0,0,1,No,0,2,0,2,0,0,RURAL_VICTORIA,RURAL_VICTORIA,GEELONG,SOUTH WESTERN REGION,C,C,Arterial Other,"Arterial Other,Local Road",Undivided,Undiv,Country
3402025,T20130014453,ABS to receive accident,Finished,12/7/2013,18.00.00,Yes,Collision with vehicle,Friday,RIGHT NEAR (INTERSECTIONS ONLY),No,Dark No street lights,Yes,T intersection,Other injury accident,60 km/hr,No,20786,147.06762,-38.1173,Non-Intersection,WELLINGTON,EASTERN REGION,2681307.393,2374034.928,6,6,0,0,6,0,4,2,0,4,2,0,0,0,0,0,0,0,0,1,No,0,2,0,2,0,0,SMALL_CITIES,SMALL_CITIES,WELLINGTON,"EASTERN REGION,EASTERN REGION",A,A,Arterial Highway,Arterial Highway,Undivided,Undiv,Country
3402026,T20130014455,ABS to receive accident,Finished,12/7/2013,18.24.00,Yes,Struck Pedestrian,Friday,FAR SIDE. PED HIT BY VEHICLE FROM THE LEFT,No,Dark Street lights on,Yes,T intersection,Other injury accident,60 km/hr,No,42736,145.05435,-37.97246,Intersection,KINGSTON,METROPOLITAN SOUTH EAST REGION,2504775.844,2392079.303,2,1,0,0,1,1,1,1,0,0,1,1,0,0,0,0,0,0,0,1,No,0,1,0,1,0,0,MELB_URBAN,MELB_URBAN,"KINGSTON,BAYSIDE",METROPOLITAN SOUTH EAST REGION,,,Local Road,Local Road,Undivided,Undiv,Metro
3402027,T20130014458,ABS to receive accident,Finished,12/7/2013,16.15.00,Yes,Collision with vehicle,Friday,RIGHT THROUGH,Yes,Day,Yes,T intersection,Other injury accident,60 km/hr,No,40134,144.99125,-37.86343,Intersection,PORT PHILLIP,METROPOLITAN NORTH WEST REGION,2499229.892,2404182.155,2,1,0,0,1,1,1,0,1,0,0,0,0,0,1,0,0,0,0,0,No,0,2,0,0,0,0,MELB_URBAN,MELB_URBAN,PORT PHILLIP,METROPOLITAN NORTH WEST REGION,,,Local Road,Local Road,Undivided,Undiv,Metro
3402028,T20130014462,ABS to receive accident,Finished,12/7/2013,19.30.00,Yes,Fall from or in moving vehicle,Friday,FELL IN/FROM VEHICLE,No,Dark Street lights on,Yes,Not at intersection,Other injury accident,50 km/hr,No,263302,145.84856,-38.13137,Non-Intersection,BAW BAW,EASTERN REGION,2574400.329,2374110.407,2,1,0,0,1,1,0,2,0,2,0,0,0,0,0,0,0,0,0,0,No,0,1,0,1,0,0,TOWNS,TOWNS,BAW BAW,"EASTERN REGION,EASTERN REGION",,,Local Road,Local Road,Undivided,Undiv,Country
3402029,T20130014466,ABS to receive accident,Finished,12/7/2013,23.02.00,Yes,Collision with a fixed object,Friday,LEFT OFF CARRIAGEWAY INTO OBJECT/PARKED VEHICLE,No,Dark No street lights,Yes,Not at intersection,Other injury accident,100 km/hr,Yes,263405,146.04364,-37.0445,Non-Intersection,MANSFIELD,NORTH EASTERN REGION,2592825.944,2494552.981,1,1,0,0,1,0,0,1,0,0,1,0,0,0,0,0,0,0,0,0,No,0,1,0,1,0,0,RURAL_VICTORIA,RURAL_VICTORIA,MANSFIELD,NORTH EASTERN REGION,B,B,Arterial Highway,Arterial Highway,Undivided,Undiv,Country
3402030,T20130014330,ABS to receive accident,Finished,10/7/2013,10.45.00,No,Struck Pedestrian,Wednesday,PED ON FOOTHPATH STRUCK BY VEHENTERING/LEAVING DRIVEWAY.,No,Day,No,T intersection,Other injury accident,50 km/hr,No,263278,145.31278,-37.75561,Intersection,YARRA RANGES,METROPOLITAN SOUTH EAST REGION,2527561.307,2416103.857,2,1,0,0,1,1,0,1,0,0,1,1,0,0,0,0,0,0,0,0,No,0,1,0,1,0,0,MELB_URBAN,MELB_URBAN,YARRA RANGES,METROPOLITAN SOUTH EAST REGION,,,,,,,Metro
3402031,T20130014334,ABS to receive accident,Finished,10/7/2013,16.25.00,No,Collision with vehicle,Wednesday,REAR END(VEHICLES IN SAME LANE),No,Day,Yes,Not at intersection,Other injury accident,80 km/hr,No,261754,144.95168,-37.64671,Non-Intersection,HUME,METROPOLITAN NORTH WEST REGION,2495736.249,2428234.045,4,1,0,0,1,3,4,0,0,0,4,0,0,0,0,0,0,0,0,0,No,0,4,0,4,0,0,MELB_URBAN,MELB_URBAN,HUME,METROPOLITAN NORTH WEST REGION,,,Arterial Other,Arterial Other,Divided,Div,Metro
3402032,T20130014335,ABS to receive accident,Finished,10/7/2013,22.10.00,Yes,Collision with vehicle,Wednesday,RIGHT THROUGH,No,Dark Street lights on,Yes,Cross intersection,Other injury accident,60 km/hr,No,39697,145.25404,-37.79788,Intersection,MAROONDAH,METROPOLITAN SOUTH EAST REGION,2522373.208,2411428.47,3,2,0,0,2,1,1,2,0,1,2,0,0,0,0,0,0,0,0,1,No,0,2,0,2,0,0,MELB_URBAN,MELB_URBAN,MAROONDAH,METROPOLITAN SOUTH EAST REGION,,,Arterial Highway,"Arterial Highway,Local Road",Divided,"Div,Undiv",Metro
3402033,T20130014337,ABS to receive accident,Finished,10/7/2013,19.30.00,Yes,Struck Pedestrian,Wednesday,PED WALKING WITH TRAFFIC,Yes,Dark Street lights on,Yes,Not at intersection,Serious injury accident,50 km/hr,No,275907,144.40751,-38.17176,Non-Intersection,GEELONG,SOUTH WESTERN REGION,2448078.995,2369797.086,3,2,0,2,0,1,1,2,0,0,1,2,0,0,0,0,2,0,0,0,No,0,1,0,1,0,0,LARGE_PROVINCIAL_CITIES,LARGE_PROVINCIAL_CITIES,GEELONG,SOUTH WESTERN REGION,,,Local Road,Local Road,Undivided,Undiv,Country
3402034,T20130014338,ABS to receive accident,Finished,10/7/2013,23.56.00,Yes,Collision with a fixed object,Wednesday,LEFT OFF CARRIAGEWAY INTO OBJECT/PARKED VEHICLE,No,Dark Street lights on,Yes,Not at intersection,Other injury accident,100 km/hr,Yes,261755,145.06449,-37.87021,Non-Intersection,STONNINGTON,METROPOLITAN SOUTH EAST REGION,2505673.873,2403427.984,1,1,0,0,1,0,1,0,0,0,1,0,0,0,0,0,0,0,0,0,No,0,1,1,0,0,0,MELB_URBAN,MELB_URBAN,STONNINGTON,METROPOLITAN SOUTH EAST REGION,M,M,Freeway,Freeway,Divided,Div,Metro
3402035,T20130014340,ABS to receive accident,Finished,10/7/2013,23.55.00,Yes,Collision with vehicle,Tuesday,UNKNOWN-NO DETAILS ON MANOEUVRES OF ROAD-USERS IN ACCIDENT,No,Dark Street lights on,Yes,Cross intersection,Other injury accident,80 km/hr,No,24378,145.45527,-38.06193,Intersection,CARDINIA,METROPOLITAN SOUTH EAST REGION,2539954.538,2382053.996,3,1,0,0,1,2,1,0,0,1,1,0,0,1,0,0,0,0,0,0,No,0,2,0,1,1,0,SMALL_CITIES,SMALL_CITIES,CARDINIA,METROPOLITAN SOUTH EAST REGION,C,C,Arterial Other,"Arterial Other,Local Road",Divided,Div,Metro
3402036,T20130014341,ABS to receive accident,Finished,10/7/2013,23.30.00,Yes,Vehicle overturned (no collision),Wednesday,OUT OF CONTROL ON CARRIAGEWAY (ON STRAIGHT),No,Dark No street lights,Yes,Not at intersection,Serious injury accident,50 km/hr,No,262087,144.76909,-37.71179,Non-Intersection,BRIMBANK,METROPOLITAN NORTH WEST REGION,2479641.007,2420987.526,1,1,0,1,0,0,1,0,0,0,0,0,0,1,0,0,0,0,0,0,No,0,1,0,0,1,0,MELB_URBAN,MELB_URBAN,BRIMBANK,METROPOLITAN NORTH WEST REGION,,,Local Road,Local Road,Undivided,Undiv,Metro
3402037,T20130014343,ABS to receive accident,Finished,11/7/2013,04.10.00,Yes,Collision with a fixed object,Thursday,OFF RIGHT BEND INTO OBJECT/PARKED VEHICLE,No,Dark No street lights,Yes,Not at intersection,Serious injury accident,100 km/hr,Yes,261830,143.80213,-36.75777,Non-Intersection,LODDON,NORTHERN REGION,2393056.222,2526204.442,1,1,0,1,0,0,1,0,0,0,1,0,0,0,0,0,0,0,0,0,No,0,1,1,0,0,0,RURAL_VICTORIA,RURAL_VICTORIA,LODDON,NORTHERN REGION,B,B,Arterial Highway,Arterial Highway,Undivided,Undiv,Country
3402038,T20130014344,ABS to receive accident,Finished,10/7/2013,14.36.00,No,Collision with vehicle,Wednesday,LEFT NEAR (INTERSECTIONS ONLY),No,Day,Yes,T intersection,Other injury accident,60 km/hr,No,46046,144.99361,-37.79598,Non-Intersection,YARRA,METROPOLITAN NORTH WEST REGION,2499437.61,2411668.57,5,3,0,0,3,2,5,0,0,2,3,0,0,0,0,0,0,0,0,0,No,0,3,0,2,0,1,MELB_URBAN,MELB_URBAN,YARRA,METROPOLITAN NORTH WEST REGION,,,Arterial Highway,Arterial Highway,Divided,Div,Metro
3402039,T20130014345,ABS to receive accident,Finished,10/7/2013,14.25.00,No,Collision with vehicle,Wednesday,LEAVING PARKING,No,Day,Yes,Not at intersection,Other injury accident,40 km/hr,No,261839,145.16259,-37.8818,Non-Intersection,MONASH,METROPOLITAN SOUTH EAST REGION,2514303.04,2402131.182,2,1,0,0,1,1,2,0,0,0,2,0,0,0,0,0,0,0,0,0,No,0,2,0,2,0,0,MELB_URBAN,MELB_URBAN,MONASH,METROPOLITAN SOUTH EAST REGION,,,Local Road,Local Road,Undivided,Undiv,Metro
3402040,T20130014347,ABS to receive accident,Finished,11/7/2013,07.20.00,No,Collision with vehicle,Thursday,REAR END(VEHICLES IN SAME LANE),No,Day,Yes,Not at intersection,Other injury accident,100 km/hr,No,263279,144.80846,-37.8161,Non-Intersection,WYNDHAM,METROPOLITAN NORTH WEST REGION,2483135.849,2409418.68,4,1,0,0,1,3,2,2,0,0,4,0,0,0,0,0,0,0,0,2,No,0,4,0,4,0,0,MELB_URBAN,MELB_URBAN,WYNDHAM,METROPOLITAN NORTH WEST REGION,M,M,Freeway,Freeway,Divided,Div,Metro
3402041,T20130014349,ABS to receive accident,Finished,10/7/2013,20.00.00,Yes,Collision with vehicle,Wednesday,LEFT TURN SIDESWIPE,No,Unk.,No,T intersection,Other injury accident,70 km/hr,No,40121,144.98622,-37.86571,Intersection,PORT PHILLIP,METROPOLITAN NORTH WEST REGION,2498787.241,2403928.998,2,1,0,0,1,1,1,1,1,0,1,0,0,0,0,0,0,0,0,0,No,0,2,0,1,0,0,MELB_URBAN,MELB_URBAN,PORT PHILLIP,METROPOLITAN NORTH WEST REGION,,,Arterial Highway,"Arterial Highway,Local Road",Divided,"Div,Undiv",Metro
3402042,T20130014350,ABS to receive accident,Finished,11/7/2013,09.53.00,No,Struck Pedestrian,Thursday,PED NEAR SIDE. PED HIT BY VEHICLE FROM THE RIGHT.,No,Day,Yes,Not at intersection,Serious injury accident,60 km/hr,No,261875,145.00124,-37.75964,Non-Intersection,DAREBIN,METROPOLITAN NORTH WEST REGION,2500109.21,2415701.483,2,1,0,1,0,1,1,1,0,0,1,1,0,0,0,0,0,1,0,0,No,0,1,0,1,0,0,MELB_URBAN,MELB_URBAN,DAREBIN,METROPOLITAN NORTH WEST REGION,,,Local Road,Local Road,Undivided,Undiv,Metro
3402043,T20130014351,ABS to receive accident,Finished,11/7/2013,08.54.00,No,Collision with vehicle,Thursday,RIGHT THROUGH,No,Day,Yes,Not at intersection,Other injury accident,60 km/hr,No,261757,144.93268,-37.79473,Non-Intersection,MELBOURNE,METROPOLITAN NORTH WEST REGION,2494071.053,2411805.601,2,1,0,0,1,1,2,0,1,0,1,0,0,0,0,0,0,0,0,0,No,0,2,0,1,0,0,MELB_URBAN,MELB_URBAN,MELBOURNE,METROPOLITAN NORTH WEST REGION,,,Local Road,Local Road,Undivided,Undiv,Metro
3402044,T20130014352,ABS to receive accident,Finished,11/7/2013,07.20.00,No,Collision with a fixed object,Thursday,OFF RIGHT BEND INTO OBJECT/PARKED VEHICLE,No,Day,Yes,Not at intersection,Other injury accident,100 km/hr,Yes,262238,143.85695,-37.51392,Non-Intersection,BALLARAT,WESTERN REGION,2398957.792,2442365.217,2,2,0,0,2,0,1,1,0,1,1,0,0,0,0,0,0,0,0,0,No,0,1,0,1,0,0,RURAL_VICTORIA,RURAL_VICTORIA,BALLARAT,WESTERN REGION,,,Local Road,Local Road,Undivided,Undiv,Country
3402045,T20130014353,ABS to receive accident,Finished,11/7/2013,09.30.00,No,Collision with vehicle,Thursday,REAR END(VEHICLES IN SAME LANE),No,Day,Yes,Not at intersection,Other injury accident,60 km/hr,No,262560,144.73704,-37.74033,Non-Intersection,MELTON,METROPOLITAN NORTH WEST REGION,2476824.159,2417812.865,2,1,0,0,1,1,1,1,0,0,2,0,0,0,0,0,0,0,0,0,No,0,2,0,2,0,0,MELB_URBAN,MELB_URBAN,MELTON,METROPOLITAN NORTH WEST REGION,,,Local Road,Local Road,Divided,Div,Metro
3402046,T20130014354,ABS to receive accident,Finished,10/7/2013,16.18.00,No,Collision with vehicle,Wednesday,VEHICLE COLLIDES WITH VEHICLE PARKED ON LEFT OF ROAD,No,Day,Yes,Not at intersection,Serious injury accident,60 km/hr,No,263392,145.18476,-37.97949,Non-Intersection,DANDENONG,METROPOLITAN SOUTH EAST REGION,2516232.675,2391284.92,3,2,0,1,1,1,3,0,0,0,1,2,0,0,0,0,0,0,0,0,No,0,2,0,2,0,0,MELB_URBAN,MELB_URBAN,DANDENONG,METROPOLITAN SOUTH EAST REGION,,,Arterial Other,Arterial Other,Undivided,Undiv,Metro
3402047,T20130014355,ABS to receive accident,Finished,11/7/2013,10.48.00,No,Collision with vehicle,Thursday,RIGHT NEAR (INTERSECTIONS ONLY),No,Day,Yes,T intersection,Serious injury accident,90 km/hr,No,50755,143.6274,-38.32491,Intersection,COLAC OTWAY,SOUTH WESTERN REGION,2379965.636,2352092.038,3,3,0,1,2,0,1,2,0,1,2,0,0,0,0,0,0,0,0,0,No,0,2,0,2,0,0,RURAL_VICTORIA,RURAL_VICTORIA,COLAC OTWAY,SOUTH WESTERN REGION,A,"A,C",Arterial Highway,"Arterial Highway,Arterial Other",Undivided,Undiv,Country
3402048,T20130014356,ABS to receive accident,Finished,11/7/2013,06.45.00,No,Collision with vehicle,Thursday,LEFT NEAR (INTERSECTIONS ONLY),No,Dusk/Dawn,No,Cross intersection,Other injury accident,50 km/hr,No,19436,144.28611,-36.76384,Intersection,BENDIGO,NORTHERN REGION,2436269.463,2525965.507,2,1,0,0,1,1,2,0,1,0,1,0,0,0,0,0,0,0,0,1,No,0,2,0,1,0,0,LARGE_PROVINCIAL_CITIES,LARGE_PROVINCIAL_CITIES,BENDIGO,NORTHERN REGION,,,Local Road,Local Road,Undivided,Undiv,Country
3402049,T20130014357,ABS to receive accident,Finished,11/7/2013,12.13.00,No,Struck Pedestrian,Thursday,PED ON FOOTHPATH STRUCK BY VEHENTERING/LEAVING DRIVEWAY.,No,Day,Yes,Not at intersection,Other injury accident,Camping grounds or off road,No,261801,144.93853,-37.70497,Non-Intersection,MORELAND,METROPOLITAN NORTH WEST REGION,2494579.842,2421767.919,3,1,0,0,1,2,2,1,0,1,1,1,0,0,0,0,0,0,0,0,No,0,1,0,1,0,0,MELB_URBAN,MELB_URBAN,MORELAND,METROPOLITAN NORTH WEST REGION,,,Local Road,Local Road,Undivided,Undiv,Metro
3402050,T20130014358,ABS to receive accident,Finished,11/7/2013,10.40.00,No,Collision with vehicle,Thursday,CROSS TRAFFIC(INTERSECTIONS ONLY),No,Day,Yes,Cross intersection,Other injury accident,60 km/hr,No,30022,143.87035,-37.56205,Intersection,BALLARAT,WESTERN REGION,2400205.922,2437037.968,2,2,0,0,2,0,1,1,0,0,2,0,0,0,0,0,0,0,0,0,No,0,2,0,2,0,0,LARGE_PROVINCIAL_CITIES,LARGE_PROVINCIAL_CITIES,BALLARAT,WESTERN REGION,C,C,Arterial Other,"Arterial Other,Local Road",Divided,"Div,Undiv",Country