OBJECTID,ACCIDENT_NO,ABS_CODE,ACCIDENT_STATUS,ACCIDENT_DATE,ACCIDENT_TIME,ALCOHOLTIME,ACCIDENT_TYPE,DAY_OF_WEEK,DCA_CODE,HIT_RUN_FLAG,LIGHT_CONDITION,POLICE_ATTEND,ROAD_GEOMETRY,SEVERITY,SPEED_ZONE,RUN_OFFROAD,NODE_ID,LONGITUDE,LATITUDE,NODE_TYPE,LGA_NAME,REGION_NAME,VICGRID_X,VICGRID_Y,TOTAL_PERSONS,INJ_OR_FATAL,FATALITY,SERIOUSINJURY,OTHERINJURY,NONINJURED,MALES,FEMALES,BICYCLIST,PASSENGER,DRIVER,PEDESTRIAN,PILLION,MOTORIST,UNKNOWN,PED_CYCLIST_5_12,PED_CYCLIST_13_18,OLD_PEDESTRIAN,OLD_DRIVER,YOUNG_DRIVER,ALCOHOL_RELATED,UNLICENCSED,NO_OF_VEHICLES,HEAVYVEHICLE,PASSENGERVEHICLE,MOTORCYCLE,PUBLICVEHICLE,DEG_URBAN_NAME,DEG_URBAN_ALL,LGA_NAME_ALL,REGION_NAME_ALL,SRNS,SRNS_ALL,RMA,RMA_ALL,DIVIDED,DIVIDED_ALL,STAT_DIV_NAME
3402051,T20130014359,ABS to receive accident,Finished,4/7/2013,14.30.00,No,collision with some other object,Thursday,STRUCK OBJECT ON CARRIAGEWAY,No,Day,No,Not at intersection,Serious injury accident,100 km/hr,No,262172,141.07385,-35.86776,Non-Intersection,WEST WIMMERA,WESTERN REGION,2145499.209,2618319.288,1,1,0,1,0,0,1,0,0,0,0,0,0,1,0,0,0,0,0,0,No,0,1,0,0,1,0,RURAL_VICTORIA,RURAL_VICTORIA,WEST WIMMERA,WESTERN REGION,,,Local Road,Local Road,Undivided,Undiv,Country
3402052,T20130014360,ABS to receive accident,Finished,11/7/2013,11.52.00,No,Collision with vehicle,Thursday,RIGHT NEAR (INTERSECTIONS ONLY),No,Day,Yes,T intersection,Other injury accident,60 km/hr,No,45350,144.91648,-37.75696,Intersection,MOONEE VALLEY,METROPOLITAN NORTH WEST REGION,2492640.723,2415995.62,3,1,0,0,1,2,1,2,0,1,2,0,0,0,0,0,0,0,0,1,No,0,2,0,2,0,0,MELB_URBAN,MELB_URBAN,MOONEE VALLEY,METROPOLITAN NORTH WEST REGION,,,Arterial Other,"Arterial Other,Local Road",Undivided,Undiv,Metro
3402053,T20130014365,ABS to receive accident,Finished,9/7/2013,08.15.00,No,Collision with vehicle,Tuesday,REAR END(VEHICLES IN SAME LANE),No,Day,No,Cross intersection,Other injury accident,60 km/hr,No,29821,144.86894,-37.78287,Intersection,MARIBYRNONG,METROPOLITAN NORTH WEST REGION,2488455.109,2413116.175,2,1,0,0,1,1,1,1,0,0,2,0,0,0,0,0,0,0,0,0,No,0,2,1,1,0,0,MELB_URBAN,MELB_URBAN,MARIBYRNONG,METROPOLITAN NORTH WEST REGION,,,Arterial Other,Arterial Other,Divided,"Div,Undiv",Metro
3402054,T20130014368,ABS to receive accident,Finished,11/7/2013,09.45.00,No,Collision with vehicle,Thursday,RIGHT TURN SIDESWIPE,No,Day,Yes,Not at intersection,Other injury accident,100 km/hr,No,263987,143.74557,-36.04164,Non-Intersection,LODDON,NORTHERN REGION,2386960.092,2605592.035,2,1,0,0,1,1,1,1,0,0,2,0,0,0,0,0,0,0,0,0,No,0,2,0,2,0,0,RURAL_VICTORIA,RURAL_VICTORIA,LODDON,NORTHERN REGION,C,C,Arterial Other,Arterial Other,Undivided,Undiv,Country
3402055,T20130014370,ABS to receive accident,Finished,9/7/2013,18.00.00,Yes,Collision with vehicle,Tuesday,REAR END(VEHICLES IN SAME LANE),No,Dusk/Dawn,No,Cross intersection,Other injury accident,80 km/hr,No,35561,145.1271,-37.9144,Intersection,MONASH,METROPOLITAN SOUTH EAST REGION,2511176.435,2398518.092,2,2,0,0,2,0,2,0,0,0,2,0,0,0,0,0,0,0,1,0,No,0,2,0,2,0,0,MELB_URBAN,MELB_URBAN,MONASH,METROPOLITAN SOUTH EAST REGION,,,Arterial Highway,Arterial Highway,Divided,Div,Metro
3402056,T20130014371,ABS to receive accident,Finished,11/7/2013,15.05.00,No,Collision with vehicle,Thursday,LEFT NEAR (INTERSECTIONS ONLY),No,Day,Yes,Cross intersection,Other injury accident,60 km/hr,No,15198,146.88692,-36.13138,Intersection,WODONGA,NORTH EASTERN REGION,2669831.95,2594696.702,2,1,0,0,1,1,1,1,1,0,1,0,0,0,0,0,0,0,0,1,No,0,2,0,1,0,0,SMALL_CITIES,SMALL_CITIES,WODONGA,NORTH EASTERN REGION,,,Arterial Other,"Arterial Other,Local Road",Divided,"Div,Undiv",Country
3402057,T20130014373,ABS to receive accident,Finished,4/7/2013,23.45.00,Yes,Struck Pedestrian,Thursday,PED ON FOOTHPATH STRUCK BY VEHENTERING/LEAVING DRIVEWAY.,No,Dark Street lights on,No,Not at intersection,Other injury accident,50 km/hr,No,262895,144.99804,-37.88391,Non-Intersection,GLEN EIRA,METROPOLITAN SOUTH EAST REGION,2499827.653,2401909.845,3,2,0,0,2,1,2,1,0,0,1,2,0,0,0,0,2,0,0,0,No,0,1,0,1,0,0,MELB_URBAN,MELB_URBAN,GLEN EIRA,METROPOLITAN SOUTH EAST REGION,,,Local Road,Local Road,Undivided,Undiv,Metro
3402058,T20130014376,ABS to receive accident,Finished,8/7/2013,17.00.00,No,No collision and no object struck,Monday,OUT OF CONTROL ON CARRIAGEWAY (ON STRAIGHT),No,Day,No,T intersection,Other injury accident,50 km/hr,No,43453,145.12614,-38.14205,Intersection,FRANKSTON,METROPOLITAN SOUTH EAST REGION,2511058.335,2373249.761,2,1,0,0,1,1,0,1,0,0,1,0,0,1,0,0,0,0,0,0,No,0,2,0,0,1,1,MELB_URBAN,MELB_URBAN,FRANKSTON,METROPOLITAN SOUTH EAST REGION,,,Local Road,Local Road,Undivided,Undiv,Metro
3402059,T20130014381,ABS to receive accident,Finished,11/7/2013,14.45.00,No,Collision with vehicle,Thursday,CROSS TRAFFIC(INTERSECTIONS ONLY),Yes,Day,Yes,Cross intersection,Serious injury accident,60 km/hr,No,49658,144.34839,-38.07292,Intersection,GEELONG,SOUTH WESTERN REGION,2442823.658,2380734.624,2,1,0,1,0,1,1,1,0,0,1,0,0,1,0,0,0,0,0,0,No,0,2,0,1,1,0,LARGE_PROVINCIAL_CITIES,LARGE_PROVINCIAL_CITIES,GEELONG,SOUTH WESTERN REGION,,,Local Road,Local Road,Undivided,Undiv,Country
3402060,T20130014382,ABS to receive accident,Finished,11/7/2013,17.10.00,No,Collision with vehicle,Thursday,RIGHT NEAR (INTERSECTIONS ONLY),No,Day,Yes,Cross intersection,Other injury accident,60 km/hr,No,44103,145.18762,-38.33879,Intersection,MORNINGTON PENINSULA,METROPOLITAN SOUTH EAST REGION,2516405.416,2351400.13,2,1,0,0,1,1,1,1,0,0,2,0,0,0,0,0,0,0,0,0,No,0,2,0,2,0,0,MELB_URBAN,MELB_URBAN,MORNINGTON PENINSULA,METROPOLITAN SOUTH EAST REGION,C,C,Arterial Other,"Arterial Other,Local Road",Divided,"Div,Undiv",Metro
3402061,T20130014384,ABS to receive accident,Finished,11/7/2013,18.00.00,Yes,Collision with vehicle,Thursday,REAR END(VEHICLES IN SAME LANE),No,Dark Street lights on,Yes,Not at intersection,Serious injury accident,100 km/hr,No,262427,145.23371,-38.10652,Non-Intersection,CASEY,METROPOLITAN SOUTH EAST REGION,2520498.584,2377175.284,2,1,0,1,0,1,1,1,0,0,2,0,0,0,0,0,0,0,1,0,No,0,2,0,2,0,0,MELB_URBAN,MELB_URBAN,CASEY,METROPOLITAN SOUTH EAST REGION,M,M,Arterial Highway,Arterial Highway,Divided,Div,Metro
3402062,T20130014385,ABS to receive accident,Finished,11/7/2013,18.12.00,Yes,Collision with vehicle,Thursday,REAR END(VEHICLES IN SAME LANE),No,Dark Street lights on,Yes,Not at intersection,Serious injury accident,100 km/hr,No,261837,144.9185,-37.73297,Non-Intersection,MOONEE VALLEY,METROPOLITAN NORTH WEST REGION,2492816.238,2418658.424,3,2,0,2,0,1,2,1,0,1,2,0,0,0,0,0,0,0,0,0,No,0,2,0,2,0,0,MELB_URBAN,MELB_URBAN,MOONEE VALLEY,METROPOLITAN NORTH WEST REGION,M,M,Freeway,Freeway,Divided,Div,Metro
3402063,T20130014387,ABS to receive accident,Finished,11/7/2013,11.20.00,No,No collision and no object struck,Wednesday,UNKNOWN-NO DETAILS ON MANOEUVRES OF ROAD-USERS IN ACCIDENT,No,Unk.,No,Not at intersection,Other injury accident,40 km/hr,No,261840,144.96144,-37.77107,Non-Intersection,MORELAND,METROPOLITAN NORTH WEST REGION,2496602.583,2414432.659,3,1,0,0,1,2,1,1,0,1,1,0,0,0,1,0,0,0,0,0,No,0,2,0,0,0,1,MELB_URBAN,MELB_URBAN,MORELAND,METROPOLITAN NORTH WEST REGION,,,Arterial Other,Arterial Other,Undivided,Undiv,Metro
3402064,T20130014389,ABS to receive accident,Finished,11/7/2013,20.27.00,Yes,Collision with vehicle,Thursday,HEAD ON (NOT OVERTAKING),No,Dark Street lights on,Yes,Cross intersection,Serious injury accident,80 km/hr,No,40894,145.22875,-37.84791,Intersection,KNOX,METROPOLITAN SOUTH EAST REGION,2520132.104,2405880.666,6,4,0,2,2,2,3,3,0,2,4,0,0,0,0,0,0,0,0,2,No,0,4,0,4,0,0,MELB_URBAN,MELB_URBAN,KNOX,METROPOLITAN SOUTH EAST REGION,,,Arterial Other,Arterial Other,Divided,Div,Metro
3402065,T20130014392,ABS to receive accident,Finished,11/7/2013,19.00.00,Yes,Collision with a fixed object,Thursday,OFF LEFT BEND INTO OBJECT/PARKED VEHICLE,No,Dark No street lights,Yes,Not at intersection,Other injury accident,100 km/hr,Yes,261802,146.82162,-36.24789,Non-Intersection,INDIGO,NORTH EASTERN REGION,2663707.696,2581885.557,1,1,0,0,1,0,1,0,0,0,1,0,0,0,0,0,0,0,0,0,No,0,1,0,1,0,0,RURAL_VICTORIA,RURAL_VICTORIA,"WODONGA,INDIGO",NORTH EASTERN REGION,C,C,Arterial Other,Arterial Other,Undivided,Undiv,Country
3402066,T20130014397,ABS to receive accident,Finished,11/7/2013,12.55.00,No,Collision with a fixed object,Thursday,RIGHT OFF CARRIAGEWAY INTO OBJECT/PARKED VEHICLE,No,Unk.,Yes,Not at intersection,Serious injury accident,60 km/hr,Yes,261838,145.01003,-37.70292,Non-Intersection,DAREBIN,METROPOLITAN NORTH WEST REGION,2500884.703,2421996.768,2,2,0,2,0,0,2,0,0,1,1,0,0,0,0,0,0,0,0,1,No,0,1,0,1,0,0,MELB_URBAN,MELB_URBAN,DAREBIN,METROPOLITAN NORTH WEST REGION,,,Arterial Other,Arterial Other,Undivided,Undiv,Metro
3402067,T20130014401,ABS to receive accident,Finished,12/7/2013,03.35.00,Yes,Collision with vehicle,Friday,RIGHT NEAR (INTERSECTIONS ONLY),No,Dark Street lights on,Yes,Multiple intersection,Fatal accident,80 km/hr,No,10429,145.25306,-38.00377,Intersection,CASEY,METROPOLITAN SOUTH EAST REGION,2522225.684,2388576,2,2,1,0,1,0,2,0,0,0,1,0,0,1,0,0,0,0,0,0,Yes,0,2,1,0,1,0,MELB_URBAN,MELB_URBAN,CASEY,METROPOLITAN SOUTH EAST REGION,M,M,Freeway,"Freeway,Arterial Highway",Divided,"Div,Undiv",Metro
3402068,T20130014404,ABS to receive accident,Finished,12/7/2013,07.15.00,No,Collision with a fixed object,Friday,LEFT OFF CARRIAGEWAY INTO OBJECT/PARKED VEHICLE,No,Dusk/Dawn,Yes,Not at intersection,Other injury accident,80 km/hr,Yes,262239,143.92762,-37.56203,Non-Intersection,BALLARAT,WESTERN REGION,2405264.728,2437099.301,1,1,0,0,1,0,1,0,0,0,1,0,0,0,0,0,0,0,0,0,No,0,1,0,1,0,0,RURAL_VICTORIA,RURAL_VICTORIA,BALLARAT,WESTERN REGION,M,M,Freeway,Freeway,Divided,Div,Country
3402069,T20130014406,ABS to receive accident,Finished,11/7/2013,07.00.00,No,Collision with vehicle,Thursday,RIGHT FAR (INTERSECTIONS ONLY),No,Day,Yes,Cross intersection,Other injury accident,80 km/hr,No,243974,144.78122,-37.69723,Intersection,BRIMBANK,METROPOLITAN NORTH WEST REGION,2480706.369,2422606.141,3,2,0,0,2,1,0,3,0,1,2,0,0,0,0,0,0,0,0,0,No,0,2,0,2,0,0,MELB_URBAN,MELB_URBAN,BRIMBANK,METROPOLITAN NORTH WEST REGION,C,C,Arterial Other,Arterial Other,Divided,Div,Metro
3402070,T20130014408,ABS to receive accident,Finished,6/7/2013,10.25.00,No,Collision with vehicle,Saturday,REAR END(VEHICLES IN SAME LANE),No,Day,No,Not at intersection,Other injury accident,Not known,No,263568,144.77354,-37.77814,Non-Intersection,BRIMBANK,METROPOLITAN NORTH WEST REGION,2480051.3,2413624.863,2,1,0,0,1,1,1,1,0,0,2,0,0,0,0,0,0,0,0,0,No,0,2,0,2,0,0,MELB_URBAN,MELB_URBAN,BRIMBANK,METROPOLITAN NORTH WEST REGION,,,Arterial Other,Arterial Other,Divided,Div,Metro
3402071,T20130014410,ABS to receive accident,Finished,12/7/2013,08.00.00,No,Collision with vehicle,Friday,REAR END(VEHICLES IN SAME LANE),No,Day,Yes,Multiple intersection,Other injury accident,50 km/hr,No,11605,144.96709,-37.73807,Intersection,MORELAND,METROPOLITAN NORTH WEST REGION,2497099.053,2418095.222,2,1,0,0,1,1,1,1,0,0,1,0,0,1,0,0,0,0,0,0,No,0,2,0,1,1,0,MELB_URBAN,MELB_URBAN,MORELAND,METROPOLITAN NORTH WEST REGION,,,Arterial Other,"Arterial Other,Local Road",Divided,"Div,Undiv",Metro
3402072,T20130014412,ABS to receive accident,Finished,12/7/2013,08.40.00,No,Struck Pedestrian,Friday,PED NEAR SIDE. PED HIT BY VEHICLE FROM THE RIGHT.,No,Day,Yes,Cross intersection,Other injury accident,60 km/hr,No,50020,144.36447,-38.15765,Intersection,GEELONG,SOUTH WESTERN REGION,2444297.305,2371339.247,2,1,0,0,1,1,2,0,0,0,1,1,0,0,0,0,0,1,0,0,No,0,1,0,1,0,0,LARGE_PROVINCIAL_CITIES,LARGE_PROVINCIAL_CITIES,GEELONG,SOUTH WESTERN REGION,,,Local Road,Local Road,Divided,"Div,Undiv",Country
3402073,T20130014415,ABS to receive accident,Finished,11/7/2013,07.20.00,No,Collision with vehicle,Thursday,LANE CHANGE LEFT (NOT OVERTAKING),No,Day,No,Cross intersection,Other injury accident,40 km/hr,No,35365,144.9692,-37.80914,Intersection,MELBOURNE,METROPOLITAN NORTH WEST REGION,2497287.563,2410208.114,2,1,0,0,1,1,2,0,1,0,1,0,0,0,0,0,0,0,0,0,No,0,2,0,1,0,0,MELBOURNE_CBD,MELBOURNE_CBD,MELBOURNE,METROPOLITAN NORTH WEST REGION,,,Local Road,Local Road,Divided,"Div,Undiv",Metro
3402074,T20130014416,ABS to receive accident,Finished,12/7/2013,11.58.00,No,Struck Pedestrian,Friday,FAR SIDE. PED HIT BY VEHICLE FROM THE LEFT,No,Day,Yes,Not at intersection,Other injury accident,40 km/hr,No,261841,144.9726,-37.81149,Non-Intersection,MELBOURNE,METROPOLITAN NORTH WEST REGION,2497587.383,2409946.857,2,1,0,0,1,1,2,0,1,0,0,1,0,0,0,0,0,0,0,0,No,0,1,0,0,0,0,MELBOURNE_CBD,MELBOURNE_CBD,MELBOURNE,METROPOLITAN NORTH WEST REGION,,,Local Road,Local Road,Undivided,Undiv,Metro
3402075,T20130014417,ABS to receive accident,Finished,10/7/2013,06.30.00,No,Collision with a fixed object,Wednesday,OFF END OF ROAD/T-INTERSECTION.,No,Dark No street lights,No,T intersection,Serious injury accident,100 km/hr,No,22474,144.16515,-37.33513,Intersection,HEPBURN,WESTERN REGION,2426027.248,2462488.57,1,1,0,1,0,0,1,0,0,0,1,0,0,0,0,0,0,0,0,0,No,0,1,0,1,0,0,RURAL_VICTORIA,RURAL_VICTORIA,HEPBURN,WESTERN REGION,A,"A,C",Arterial Highway,"Arterial Highway,Arterial Other",Undivided,Undiv,Country
3402076,T20130014420,ABS to receive accident,Finished,11/7/2013,18.15.00,Yes,Struck Pedestrian,Thursday,ANY MANOEUVRE INVOLVING PED NOT INCLUDED IN DCAs 100-108.,No,Dark Street lights unknown,No,Not at intersection,Other injury accident,Not known,No,261803,143.82998,-37.54013,Non-Intersection,BALLARAT,WESTERN REGION,2396609.668,2439428.321,2,1,0,0,1,1,1,0,0,0,0,1,0,0,1,0,0,0,0,0,No,0,1,0,0,0,0,LARGE_PROVINCIAL_CITIES,LARGE_PROVINCIAL_CITIES,BALLARAT,WESTERN REGION,C,C,Arterial Other,Arterial Other,Divided,Div,Country
3402077,T20130014422,ABS to receive accident,Finished,12/7/2013,10.13.00,No,Struck Pedestrian,Friday,FAR SIDE. PED HIT BY VEHICLE FROM THE LEFT,No,Day,Yes,Cross intersection,Serious injury accident,50 km/hr,No,52120,145.93124,-38.16259,Intersection,BAW BAW,EASTERN REGION,2581615.407,2370577.861,2,1,0,1,0,1,1,1,0,0,1,1,0,0,0,0,0,0,1,0,No,0,1,0,1,0,0,SMALL_CITIES,SMALL_CITIES,BAW BAW,"EASTERN REGION,EASTERN REGION",,,Local Road,Local Road,Undivided,Undiv,Country
3402078,T20130014423,ABS to receive accident,Finished,12/7/2013,09.15.00,No,Collision with vehicle,Friday,RIGHT THROUGH,No,Day,Yes,T intersection,Serious injury accident,70 km/hr,No,48323,145.10701,-37.9717,Intersection,KINGSTON,METROPOLITAN SOUTH EAST REGION,2509402.06,2392160.022,2,2,0,2,0,0,1,1,0,0,2,0,0,0,0,0,0,0,0,0,No,0,2,0,2,0,0,MELB_URBAN,MELB_URBAN,KINGSTON,METROPOLITAN SOUTH EAST REGION,,,Arterial Other,"Arterial Other,Local Road",Divided,Div,Metro
3402079,T20130014426,ABS to receive accident,Finished,12/7/2013,12.45.00,No,Struck Pedestrian,Friday,PED STRUCK WALKING TO/FROM OR BOARDING/ALIGHTING VEHICLE.,No,Day,Yes,Not at intersection,Other injury accident,50 km/hr,No,261881,144.87481,-37.80822,Non-Intersection,MARIBYRNONG,METROPOLITAN NORTH WEST REGION,2488976.172,2410303.061,2,1,0,0,1,1,1,1,0,0,1,1,0,0,0,0,0,0,1,0,No,0,1,0,1,0,0,MELB_URBAN,MELB_URBAN,MARIBYRNONG,METROPOLITAN NORTH WEST REGION,,,Arterial Highway,Arterial Highway,Divided,Div,Metro
3402080,T20130014427,ABS to receive accident,Finished,12/7/2013,10.45.00,No,Collision with vehicle,Friday,RIGHT THROUGH,No,Day,Yes,Cross intersection,Other injury accident,60 km/hr,No,44791,142.20226,-36.71176,Intersection,HORSHAM,WESTERN REGION,2250102.636,2528309.967,3,1,0,0,1,2,1,2,0,1,2,0,0,0,0,0,0,0,0,1,No,0,2,0,2,0,0,SMALL_CITIES,SMALL_CITIES,HORSHAM,WESTERN REGION,A,"A,C",Arterial Highway,"Arterial Highway,Local Road,Arterial Other",Divided,"Div,Undiv",Country
3402081,T20130014428,ABS to receive accident,Finished,12/7/2013,11.30.00,No,Collision with vehicle,Friday,U TURN,No,Day,Yes,Not at intersection,Serious injury accident,70 km/hr,No,261852,145.17749,-37.85597,Non-Intersection,WHITEHORSE,METROPOLITAN SOUTH EAST REGION,2515619.14,2404995.674,3,2,0,1,1,1,2,1,0,1,2,0,0,0,0,0,0,0,0,0,No,0,2,0,1,0,1,MELB_URBAN,MELB_URBAN,WHITEHORSE,METROPOLITAN SOUTH EAST REGION,,,Arterial Highway,Arterial Highway,Divided,Div,Metro
3402082,T20130014246,ABS to receive accident,Finished,9/7/2013,16.15.00,No,Collision with vehicle,Tuesday,RIGHT/LEFT. ONE VEH TURNING RIGHT THE OTHER LEFT.,No,Day,No,Cross intersection,Other injury accident,80 km/hr,No,57918,145.04763,-37.87813,Intersection,STONNINGTON,METROPOLITAN SOUTH EAST REGION,2504190.655,2402550.287,3,1,0,0,1,2,1,2,0,1,2,0,0,0,0,0,0,0,0,0,No,1,2,0,1,0,1,MELB_URBAN,MELB_URBAN,STONNINGTON,METROPOLITAN SOUTH EAST REGION,,,Arterial Highway,"Arterial Highway,Arterial Other",Divided,"Div,Undiv",Metro
3402083,T20130014247,ABS to receive accident,Finished,7/7/2013,21.30.00,Yes,Struck Pedestrian,Sunday,ANY MANOEUVRE INVOLVING PED NOT INCLUDED IN DCAs 100-108.,No,Dark Street lights on,No,Cross intersection,Serious injury accident,60 km/hr,No,35558,145.0916,-37.87543,Intersection,STONNINGTON,METROPOLITAN SOUTH EAST REGION,2508058.84,2402847.123,2,2,0,1,1,0,2,0,0,0,1,1,0,0,0,0,1,0,0,1,No,0,1,0,1,0,0,MELB_URBAN,MELB_URBAN,"STONNINGTON,MONASH",METROPOLITAN SOUTH EAST REGION,,,Arterial Highway,"Arterial Highway,Local Road",Divided,"Div,Undiv",Metro
3402084,T20130014250,ABS to receive accident,Finished,9/7/2013,17.45.00,No,Vehicle overturned (no collision),Tuesday,OFF CARRIAGEWAY TO RIGHT,No,Dusk/Dawn,Yes,Not at intersection,Other injury accident,100 km/hr,Yes,262124,142.13161,-36.71359,Non-Intersection,HORSHAM,WESTERN REGION,2243799.76,2527920.103,1,1,0,0,1,0,0,1,0,0,1,0,0,0,0,0,0,0,0,0,No,0,1,0,1,0,0,RURAL_VICTORIA,RURAL_VICTORIA,HORSHAM,WESTERN REGION,,,Local Road,Local Road,Undivided,Undiv,Country
3402085,T20130014251,ABS to receive accident,Finished,9/7/2013,18.45.00,Yes,Struck Pedestrian,Tuesday,FAR SIDE. PED HIT BY VEHICLE FROM THE LEFT,No,Dark No street lights,Yes,T intersection,Serious injury accident,50 km/hr,No,261795,145.19662,-37.96314,Intersection,DANDENONG,METROPOLITAN SOUTH EAST REGION,2517277.734,2393097.84,2,1,0,1,0,1,2,0,0,0,1,1,0,0,0,0,0,0,0,0,No,0,1,0,1,0,0,MELB_URBAN,MELB_URBAN,DANDENONG,METROPOLITAN SOUTH EAST REGION,,,Local Road,Local Road,Undivided,Undiv,Metro
3402086,T20130014252,ABS to receive accident,Finished,9/7/2013,18.15.00,Yes,Collision with vehicle,Tuesday,RIGHT NEAR (INTERSECTIONS ONLY),No,Dark Street lights on,Yes,T intersection,Other injury accident,60 km/hr,No,56741,145.25533,-38.09461,Intersection,CASEY,METROPOLITAN SOUTH EAST REGION,2522397.95,2378492.769,9,1,0,0,1,8,4,5,0,7,2,0,0,0,0,0,0,0,0,0,No,0,2,0,2,0,0,MELB_URBAN,MELB_URBAN,CASEY,METROPOLITAN SOUTH EAST REGION,,,Local Road,Local Road,Undivided,Undiv,Metro
3402087,T20130014253,ABS to receive accident,Finished,9/7/2013,16.45.00,No,Collision with a fixed object,Tuesday,LEFT OFF CARRIAGEWAY INTO OBJECT/PARKED VEHICLE,No,Dusk/Dawn,Yes,Not at intersection,Serious injury accident,60 km/hr,Yes,262174,145.37742,-37.75237,Non-Intersection,YARRA RANGES,METROPOLITAN SOUTH EAST REGION,2533258.838,2416443.13,1,1,0,1,0,0,1,0,0,0,1,0,0,0,0,0,0,0,0,0,No,0,1,0,1,0,0,MELB_URBAN,MELB_URBAN,YARRA RANGES,METROPOLITAN SOUTH EAST REGION,B,B,Arterial Highway,Arterial Highway,Undivided,Undiv,Metro
3402088,T20130014262,ABS to receive accident,Finished,9/7/2013,06.45.00,No,Collision with vehicle,Tuesday,CROSS TRAFFIC(INTERSECTIONS ONLY),No,Dark Street lights on,Yes,Cross intersection,Serious injury accident,70 km/hr,No,84,145.23749,-37.81102,Intersection,MAROONDAH,METROPOLITAN SOUTH EAST REGION,2520911.635,2409973.524,4,2,0,1,1,2,2,2,0,1,3,0,0,0,0,0,0,0,0,1,No,0,3,0,3,0,0,MELB_URBAN,MELB_URBAN,MAROONDAH,METROPOLITAN SOUTH EAST REGION,,,Arterial Highway,Arterial Highway,Divided,Div,Metro
3402089,T20130014264,ABS to receive accident,Finished,10/7/2013,00.05.00,Yes,Struck animal,Wednesday,STRUCK ANIMAL,No,Dark No street lights,Yes,T intersection,Serious injury accident,80 km/hr,No,261796,144.52799,-37.36409,Intersection,MACEDON RANGES,NORTHERN REGION,2458192.063,2459495.346,2,2,0,1,1,0,1,1,0,1,1,0,0,0,0,0,0,0,0,0,No,0,1,0,1,0,0,TOWNS,TOWNS,MACEDON RANGES,NORTHERN REGION,C,C,Arterial Other,"Arterial Other,Local Road",Undivided,Undiv,Country
3402090,T20130014266,ABS to receive accident,Finished,10/7/2013,01.00.00,Yes,Collision with a fixed object,Wednesday,RIGHT OFF CARRIAGEWAY INTO OBJECT/PARKED VEHICLE,No,Dark No street lights,Yes,Not at intersection,Other injury accident,100 km/hr,Yes,262041,144.6441,-36.18232,Non-Intersection,CAMPASPE,NORTHERN REGION,2467986.444,2590667.935,1,1,0,0,1,0,1,0,0,0,1,0,0,0,0,0,0,0,0,0,No,0,1,0,1,0,0,RURAL_VICTORIA,RURAL_VICTORIA,CAMPASPE,NORTHERN REGION,C,C,Arterial Other,Arterial Other,Undivided,Undiv,Country
3402091,T20130014269,ABS to receive accident,Finished,10/7/2013,03.15.00,Yes,Collision with a fixed object,Wednesday,LEFT OFF CARRIAGEWAY INTO OBJECT/PARKED VEHICLE,No,Dark Street lights on,Yes,Not at intersection,Serious injury accident,60 km/hr,Yes,263714,144.94036,-37.78761,Non-Intersection,MELBOURNE,METROPOLITAN NORTH WEST REGION,2494746.629,2412595.807,5,3,0,3,0,2,5,0,0,4,1,0,0,0,0,0,0,0,0,1,Yes,0,1,0,1,0,0,MELB_URBAN,MELB_URBAN,"MOONEE VALLEY,MELBOURNE",METROPOLITAN NORTH WEST REGION,,,Arterial Other,Arterial Other,Divided,"Div,Undiv",Metro
3402092,T20130014270,ABS to receive accident,Finished,9/7/2013,09.50.00,No,Vehicle overturned (no collision),Tuesday,OFF END OF ROAD/T-INTERSECTION.,No,Day,Yes,T intersection,Other injury accident,100 km/hr,No,73146,143.63644,-38.25249,Intersection,COLAC OTWAY,SOUTH WESTERN REGION,2380641.005,2360141.662,1,1,0,0,1,0,1,0,0,0,1,0,0,0,0,0,0,0,0,0,No,0,1,1,0,0,0,RURAL_VICTORIA,RURAL_VICTORIA,COLAC OTWAY,SOUTH WESTERN REGION,C,C,Arterial Other,"Arterial Other,Local Road",Undivided,Undiv,Country
3402093,T20130014272,ABS to receive accident,Finished,10/7/2013,06.27.00,No,Collision with vehicle,Wednesday,RIGHT THROUGH,No,Dark Street lights on,Yes,Cross intersection,Other injury accident,60 km/hr,No,46621,144.95219,-37.82185,Intersection,MELBOURNE,METROPOLITAN NORTH WEST REGION,2495790.778,2408796.685,2,1,0,0,1,1,1,1,0,0,2,0,0,0,0,0,0,0,0,0,No,0,2,1,1,0,0,MELB_URBAN,MELB_URBAN,MELBOURNE,METROPOLITAN NORTH WEST REGION,,,Arterial Highway,"Arterial Highway,Local Road,Non Arterial",Divided,"Div,Undiv",Metro
3402094,T20130014274,ABS to receive accident,Finished,10/7/2013,08.50.00,No,Collision with vehicle,Wednesday,REAR END(VEHICLES IN SAME LANE),No,Day,Yes,Not at intersection,Other injury accident,60 km/hr,No,262125,145.00973,-37.78186,Non-Intersection,DAREBIN,METROPOLITAN NORTH WEST REGION,2500857.384,2413235.685,4,1,0,0,1,3,3,1,0,0,4,0,0,0,0,0,0,0,0,0,No,0,4,0,4,0,0,MELB_URBAN,MELB_URBAN,DAREBIN,METROPOLITAN NORTH WEST REGION,,,Local Road,Local Road,Undivided,Undiv,Metro