OBJECTID,ACCIDENT_NO,ABS_CODE,ACCIDENT_STATUS,ACCIDENT_DATE,ACCIDENT_TIME,ALCOHOLTIME,ACCIDENT_TYPE,DAY_OF_WEEK,DCA_CODE,HIT_RUN_FLAG,LIGHT_CONDITION,POLICE_ATTEND,ROAD_GEOMETRY,SEVERITY,SPEED_ZONE,RUN_OFFROAD,NODE_ID,LONGITUDE,LATITUDE,NODE_TYPE,LGA_NAME,REGION_NAME,VICGRID_X,VICGRID_Y,TOTAL_PERSONS,INJ_OR_FATAL,FATALITY,SERIOUSINJURY,OTHERINJURY,NONINJURED,MALES,FEMALES,BICYCLIST,PASSENGER,DRIVER,PEDESTRIAN,PILLION,MOTORIST,UNKNOWN,PED_CYCLIST_5_12,PED_CYCLIST_13_18,OLD_PEDESTRIAN,OLD_DRIVER,YOUNG_DRIVER,ALCOHOL_RELATED,UNLICENCSED,NO_OF_VEHICLES,HEAVYVEHICLE,PASSENGERVEHICLE,MOTORCYCLE,PUBLICVEHICLE,DEG_URBAN_NAME,DEG_URBAN_ALL,LGA_NAME_ALL,REGION_NAME_ALL,SRNS,SRNS_ALL,RMA,RMA_ALL,DIVIDED,DIVIDED_ALL,STAT_DIV_NAME
3402138,T20130014504,ABS to receive accident,Finished,13/7/2013,14.35.00,Yes,Vehicle overturned (no collision),Saturday,OUT OF CONTROL ON CARRIAGEWAY (ON STRAIGHT),No,Day,Yes,T intersection,Other injury accident,60 km/hr,No,45054,144.83081,-37.7659,Intersection,BRIMBANK,METROPOLITAN NORTH WEST REGION,2485093.017,2414994.113,1,1,0,0,1,0,0,1,0,0,0,0,0,1,0,0,0,0,0,0,No,0,1,0,0,1,0,MELB_URBAN,MELB_URBAN,BRIMBANK,METROPOLITAN NORTH WEST REGION,,,Arterial Other,"Arterial Other,Local Road",Divided,"Div,Undiv",Metro
3402139,T20130014505,ABS to receive accident,Finished,13/7/2013,15.40.00,Yes,Collision with vehicle,Saturday,LANE SIDE SWIPE (VEHICLES IN PARALLEL LANES),No,Day,No,Cross intersection,Other injury accident,40 km/hr,No,216,144.96068,-37.81496,Intersection,MELBOURNE,METROPOLITAN NORTH WEST REGION,2496538.275,2409560.853,2,1,0,0,1,1,1,0,1,0,0,0,0,0,1,0,0,0,0,0,No,0,2,0,0,0,0,MELBOURNE_CBD,MELBOURNE_CBD,MELBOURNE,METROPOLITAN NORTH WEST REGION,,,Local Road,Local Road,Divided,"Div,Undiv",Metro
3402140,T20130014507,ABS to receive accident,Finished,11/7/2013,18.30.00,Yes,Collision with vehicle,Thursday,REAR END(VEHICLES IN SAME LANE),Yes,Dark Street lights on,Yes,Not at intersection,Other injury accident,80 km/hr,No,263280,145.22835,-38.00679,Non-Intersection,DANDENONG,METROPOLITAN SOUTH EAST REGION,2520054.636,2388246.446,6,1,0,0,1,5,1,3,0,3,2,0,0,0,1,0,0,0,0,1,No,0,3,0,2,0,0,MELB_URBAN,MELB_URBAN,DANDENONG,METROPOLITAN SOUTH EAST REGION,,,Arterial Highway,Arterial Highway,Undivided,Undiv,Metro
3402141,T20130014508,ABS to receive accident,Finished,13/7/2013,15.30.00,Yes,No collision and no object struck,Saturday,OUT OF CONTROL ON CARRIAGEWAY (ON STRAIGHT),No,Day,Yes,Not at intersection,Other injury accident,60 km/hr,No,262651,144.98668,-37.85099,Non-Intersection,STONNINGTON,METROPOLITAN SOUTH EAST REGION,2498827.81,2405563.449,1,1,0,0,1,0,1,0,0,0,0,0,0,1,0,0,0,0,0,0,No,0,1,0,0,1,0,MELB_URBAN,MELB_URBAN,STONNINGTON,METROPOLITAN SOUTH EAST REGION,,,Arterial Other,Arterial Other,Undivided,Undiv,Metro
3402142,T20130014515,ABS to receive accident,Finished,13/7/2013,14.46.00,Yes,Collision with vehicle,Saturday,LANE CHANGE RIGHT (NOT OVERTAKING),No,Day,Yes,Not at intersection,Other injury accident,80 km/hr,No,262908,144.8806,-37.80514,Non-Intersection,MARIBYRNONG,METROPOLITAN NORTH WEST REGION,2489485.621,2410645.507,5,2,0,0,2,3,2,3,0,3,2,0,0,0,0,0,0,0,0,1,No,0,2,0,2,0,0,MELB_URBAN,MELB_URBAN,MARIBYRNONG,METROPOLITAN NORTH WEST REGION,,,Arterial Highway,Arterial Highway,Divided,Div,Metro
3402143,T20130014518,ABS to receive accident,Finished,13/7/2013,17.14.00,Yes,Collision with vehicle,Saturday,OTHER ADJACENT (INTERSECTIONS ONLY),No,Day,Yes,Multiple intersection,Other injury accident,60 km/hr,No,29883,145.12385,-38.19378,Intersection,FRANKSTON,METROPOLITAN SOUTH EAST REGION,2510850.047,2367507.128,4,3,0,0,3,1,1,3,0,2,2,0,0,0,0,0,0,0,0,1,No,0,2,0,2,0,0,MELB_URBAN,MELB_URBAN,"FRANKSTON,MORNINGTON PENINSULA",METROPOLITAN SOUTH EAST REGION,,,Local Road,Local Road,Undivided,Undiv,Metro
3402144,T20130014519,ABS to receive accident,Finished,13/7/2013,16.10.00,Yes,Collision with a fixed object,Saturday,OFF LEFT BEND INTO OBJECT/PARKED VEHICLE,No,Day,Yes,Not at intersection,Other injury accident,70 km/hr,Yes,261845,144.8312,-37.71306,Non-Intersection,BRIMBANK,METROPOLITAN NORTH WEST REGION,2485117.43,2420858.323,3,1,0,0,1,2,1,2,0,2,1,0,0,0,0,0,0,0,0,1,No,0,1,0,1,0,0,MELB_URBAN,MELB_URBAN,BRIMBANK,METROPOLITAN NORTH WEST REGION,M,M,Freeway,Freeway,Undivided,Undiv,Metro
3402145,T20130014521,ABS to receive accident,Finished,13/7/2013,15.30.00,Yes,Collision with a fixed object,Saturday,RIGHT OFF CARRIAGEWAY INTO OBJECT/PARKED VEHICLE,No,Day,Yes,Y intersection,Other injury accident,100 km/hr,Yes,47960,145.22095,-37.95657,Intersection,DANDENONG,METROPOLITAN SOUTH EAST REGION,2519417.422,2393821.956,1,1,0,0,1,0,0,1,0,0,1,0,0,0,0,0,0,0,0,1,No,0,1,0,1,0,0,MELB_URBAN,MELB_URBAN,DANDENONG,METROPOLITAN SOUTH EAST REGION,M,M,Freeway,Freeway,Divided,"Div,Undiv",Metro
3402146,T20130014522,ABS to receive accident,Finished,13/7/2013,16.54.00,Yes,Collision with vehicle,Friday,RIGHT THROUGH,No,Dusk/Dawn,Yes,Multiple intersection,Other injury accident,60 km/hr,No,605,145.05892,-37.86004,Intersection,STONNINGTON,METROPOLITAN SOUTH EAST REGION,2505184.532,2404557.372,3,2,0,0,2,1,2,1,0,1,2,0,0,0,0,0,0,0,0,0,No,0,2,0,2,0,0,MELB_URBAN,MELB_URBAN,STONNINGTON,METROPOLITAN SOUTH EAST REGION,M,M,Freeway,"Freeway,Arterial Other",Divided,"Div,Undiv",Metro
3402147,T20130014530,ABS to receive accident,Finished,13/7/2013,18.00.00,Yes,Collision with vehicle,Saturday,OTHER SAME DIRECTION-MANOUEVRES NOT INCLUDED IN DCAs 130-137,No,Dusk/Dawn,Yes,Not at intersection,Serious injury accident,100 km/hr,No,271410,146.04745,-36.01679,Non-Intersection,MOIRA,NORTH EASTERN REGION,2594419.414,2608574.415,3,1,0,1,0,2,2,1,0,1,2,0,0,0,0,0,0,0,1,0,No,0,2,1,1,0,0,TOWNS,"TOWNS,RURAL_VICTORIA",MOIRA,NORTH EASTERN REGION,B,B,Arterial Highway,Arterial Highway,Undivided,Undiv,Country
3402148,T20130014531,ABS to receive accident,Finished,13/7/2013,18.50.00,Yes,Collision with vehicle,Saturday,U TURN,No,Dusk/Dawn,Yes,T intersection,Other injury accident,60 km/hr,No,261846,142.1343,-34.20015,Intersection,MILDURA,WESTERN REGION,2235644.2,2806744.1,2,1,0,0,1,1,0,2,0,0,2,0,0,0,0,0,0,0,0,1,No,0,2,0,2,0,0,SMALL_CITIES,SMALL_CITIES,MILDURA,WESTERN REGION,,,Local Road,Local Road,Undivided,Undiv,Country
3402149,T20130014533,ABS to receive accident,Finished,13/7/2013,15.45.00,Yes,Collision with a fixed object,Saturday,LEFT OFF CARRIAGEWAY INTO OBJECT/PARKED VEHICLE,No,Day,Yes,Not at intersection,Other injury accident,50 km/hr,Yes,262217,145.08634,-37.97342,Non-Intersection,KINGSTON,METROPOLITAN SOUTH EAST REGION,2507585.741,2391971.078,2,1,0,0,1,1,1,0,0,0,1,0,0,1,0,0,0,0,0,0,No,0,2,0,1,1,0,MELB_URBAN,MELB_URBAN,KINGSTON,METROPOLITAN SOUTH EAST REGION,,,Local Road,Local Road,Undivided,Undiv,Metro
3402150,T20130014536,ABS to receive accident,Finished,13/7/2013,17.38.00,Yes,Collision with vehicle,Saturday,RIGHT REAR.,No,Dark Street lights on,Yes,Cross intersection,Serious injury accident,60 km/hr,No,38022,145.01227,-37.76463,Intersection,DAREBIN,METROPOLITAN NORTH WEST REGION,2501080.806,2415148.182,2,1,0,1,0,1,1,1,1,0,1,0,0,0,0,0,0,0,0,1,No,0,2,0,1,0,0,MELB_URBAN,MELB_URBAN,DAREBIN,METROPOLITAN NORTH WEST REGION,,,Arterial Other,"Arterial Other,Local Road",Undivided,Undiv,Metro
3402151,T20130014537,ABS to receive accident,Finished,13/7/2013,18.30.00,Yes,Collision with a fixed object,Saturday,RIGHT OFF CARRIAGEWAY INTO OBJECT/PARKED VEHICLE,No,Dark Street lights on,Yes,Cross intersection,Other injury accident,60 km/hr,Yes,38439,145.31101,-37.78504,Intersection,YARRA RANGES,METROPOLITAN SOUTH EAST REGION,2527394.515,2412837.784,1,1,0,0,1,0,0,1,0,0,1,0,0,0,0,0,0,0,0,0,No,0,1,0,1,0,0,MELB_URBAN,MELB_URBAN,YARRA RANGES,METROPOLITAN SOUTH EAST REGION,,,Local Road,Local Road,Divided,"Div,Undiv",Metro
3402152,T20130014540,ABS to receive accident,Finished,13/7/2013,18.00.00,Yes,Vehicle overturned (no collision),Saturday,OFF CARRIAGEWAY TO RIGHT,No,Day,No,Not at intersection,Other injury accident,100 km/hr,Yes,261847,146.27927,-37.44603,Non-Intersection,MANSFIELD,NORTH EASTERN REGION,2613184.342,2449745.276,1,1,0,0,1,0,1,0,0,0,1,0,0,0,0,0,0,0,0,0,No,0,1,0,1,0,0,RURAL_VICTORIA,RURAL_VICTORIA,MANSFIELD,NORTH EASTERN REGION,,,Local Road,Local Road,Undivided,Undiv,Country
3402153,T20130014541,ABS to receive accident,Finished,12/7/2013,18.00.00,Yes,Vehicle overturned (no collision),Friday,OUT OF CONTROL ON CARRIAGEWAY (ON BEND),No,Dark Street lights on,Yes,Not at intersection,Other injury accident,60 km/hr,No,261903,145.39633,-37.87845,Non-Intersection,YARRA RANGES,METROPOLITAN SOUTH EAST REGION,2534866.663,2402442.865,1,1,0,0,1,0,0,1,0,0,1,0,0,0,0,0,0,0,0,0,No,0,1,0,1,0,0,MELB_URBAN,MELB_URBAN,YARRA RANGES,METROPOLITAN SOUTH EAST REGION,C,C,Arterial Other,Arterial Other,Undivided,Undiv,Metro
3402154,T20130014543,ABS to receive accident,Finished,13/7/2013,17.00.00,Yes,Collision with a fixed object,Saturday,RIGHT OFF CARRIAGEWAY INTO OBJECT/PARKED VEHICLE,No,Day,Yes,Not at intersection,Other injury accident,100 km/hr,Yes,262273,142.66936,-36.99442,Non-Intersection,NORTHERN GRAMPIANS,WESTERN REGION,2292582.821,2498079.979,1,1,0,0,1,0,1,0,0,0,1,0,0,0,0,0,0,0,0,0,No,0,1,0,1,0,0,RURAL_VICTORIA,RURAL_VICTORIA,NORTHERN GRAMPIANS,WESTERN REGION,A,A,Arterial Highway,Arterial Highway,Undivided,Undiv,Country
3402155,T20130014545,ABS to receive accident,Finished,13/7/2013,20.49.00,Yes,Collision with a fixed object,Saturday,LEFT OFF CARRIAGEWAY INTO OBJECT/PARKED VEHICLE,No,Dark Street lights on,Yes,Not at intersection,Serious injury accident,60 km/hr,Yes,261804,144.94243,-37.78961,Non-Intersection,MELBOURNE,METROPOLITAN NORTH WEST REGION,2494929.153,2412373.886,1,1,0,1,0,0,1,0,0,0,1,0,0,0,0,0,0,0,0,0,No,0,1,0,1,0,0,MELB_URBAN,MELB_URBAN,MELBOURNE,METROPOLITAN NORTH WEST REGION,,,Arterial Other,Arterial Other,Divided,Div,Metro
3402156,T20130014546,ABS to receive accident,Finished,13/7/2013,21.31.00,Yes,Struck Pedestrian,Saturday,FAR SIDE. PED HIT BY VEHICLE FROM THE LEFT,No,Dark Street lights on,Yes,Cross intersection,Other injury accident,60 km/hr,No,36338,144.96902,-37.79732,Intersection,MELBOURNE,METROPOLITAN NORTH WEST REGION,2497272.041,2411519.401,3,1,0,0,1,2,1,2,0,1,1,1,0,0,0,0,1,0,1,0,No,0,1,0,1,0,0,MELB_URBAN,MELB_URBAN,MELBOURNE,METROPOLITAN NORTH WEST REGION,,,Local Road,Local Road,Divided,Div,Metro
3402157,T20130014547,ABS to receive accident,Finished,12/7/2013,05.20.00,Yes,Collision with vehicle,Friday,LEFT NEAR (INTERSECTIONS ONLY),No,Dark Street lights on,Yes,T intersection,Serious injury accident,60 km/hr,No,38785,144.90431,-37.79488,Intersection,MARIBYRNONG,METROPOLITAN NORTH WEST REGION,2491572.45,2411786.313,3,1,0,1,0,2,2,1,0,1,2,0,0,0,0,0,0,0,0,0,Yes,0,2,0,2,0,0,MELB_URBAN,MELB_URBAN,MARIBYRNONG,METROPOLITAN NORTH WEST REGION,,,Arterial Highway,"Arterial Highway,Arterial Other",Divided,"Div,Undiv",Metro
3402158,T20130014548,ABS to receive accident,Finished,11/7/2013,05.25.00,Yes,Struck Pedestrian,Thursday,PED NEAR SIDE. PED HIT BY VEHICLE FROM THE RIGHT.,No,Dark Street lights on,Yes,Not at intersection,Serious injury accident,60 km/hr,No,262025,144.99933,-37.67857,Non-Intersection,WHITTLESEA,METROPOLITAN NORTH WEST REGION,2499941.314,2424699.199,2,1,0,1,0,1,2,0,0,0,1,1,0,0,0,0,0,0,0,0,No,0,1,0,1,0,0,MELB_URBAN,MELB_URBAN,WHITTLESEA,METROPOLITAN NORTH WEST REGION,,,Arterial Other,Arterial Other,Divided,Div,Metro
3402159,T20130014550,ABS to receive accident,Finished,13/7/2013,23.05.00,Yes,Collision with vehicle,Saturday,VEHICLE COLLIDES WITH VEHICLE PARKED ON LEFT OF ROAD,No,Dark Street lights on,Yes,Not at intersection,Other injury accident,60 km/hr,No,262562,143.85892,-37.56194,Non-Intersection,BALLARAT,WESTERN REGION,2399195.878,2437039.087,6,1,0,0,1,5,4,2,0,4,2,0,0,0,0,0,0,0,0,1,No,0,3,0,3,0,0,LARGE_PROVINCIAL_CITIES,LARGE_PROVINCIAL_CITIES,BALLARAT,WESTERN REGION,,,Local Road,Local Road,Divided,Div,Country
3402160,T20130014551,ABS to receive accident,Finished,13/7/2013,23.30.00,Yes,Collision with vehicle,Saturday,REAR END(VEHICLES IN SAME LANE),Yes,Dark Street lights unknown,No,T intersection,Other injury accident,70 km/hr,No,39255,144.78988,-37.72764,Intersection,BRIMBANK,METROPOLITAN NORTH WEST REGION,2481477.799,2419233.45,5,1,0,0,1,4,3,2,0,3,2,0,0,0,0,0,0,0,0,0,No,0,2,0,2,0,0,MELB_URBAN,MELB_URBAN,BRIMBANK,METROPOLITAN NORTH WEST REGION,,,Arterial Other,"Arterial Other,Local Road",Divided,"Div,Undiv",Metro
3402161,T20130014558,ABS to receive accident,Finished,13/7/2013,23.30.00,Yes,Collision with a fixed object,Saturday,OFF LEFT BEND INTO OBJECT/PARKED VEHICLE,Yes,Dark Street lights on,Yes,Not at intersection,Other injury accident,50 km/hr,Yes,262563,145.2074,-38.00196,Non-Intersection,DANDENONG,METROPOLITAN SOUTH EAST REGION,2518216.086,2388786.637,1,1,0,0,1,0,1,0,0,0,1,0,0,0,0,0,0,0,0,1,Yes,0,1,0,1,0,0,MELB_URBAN,MELB_URBAN,DANDENONG,METROPOLITAN SOUTH EAST REGION,,,Local Road,Local Road,Undivided,Undiv,Metro
3402162,T20130014564,ABS to receive accident,Finished,14/7/2013,07.50.00,Yes,Collision with vehicle,Sunday,CROSS TRAFFIC(INTERSECTIONS ONLY),No,Day,Yes,Cross intersection,Other injury accident,70 km/hr,No,52865,143.87713,-37.56064,Intersection,BALLARAT,WESTERN REGION,2400802.531,2437202.096,2,1,0,0,1,1,1,1,0,0,2,0,0,0,0,0,0,0,0,1,No,0,2,0,2,0,0,LARGE_PROVINCIAL_CITIES,LARGE_PROVINCIAL_CITIES,BALLARAT,WESTERN REGION,C,C,Arterial Other,"Arterial Other,Local Road",Divided,"Div,Undiv",Country
3402163,T20130014566,ABS to receive accident,Finished,13/7/2013,14.40.00,Yes,Collision with vehicle,Saturday,RIGHT THROUGH,No,Day,Yes,Cross intersection,Other injury accident,60 km/hr,No,40612,145.09922,-37.85063,Intersection,WHITEHORSE,METROPOLITAN SOUTH EAST REGION,2508732.059,2405598.363,5,4,0,0,4,1,2,3,0,3,2,0,0,0,0,0,0,0,0,1,No,1,3,0,3,0,0,MELB_URBAN,MELB_URBAN,WHITEHORSE,METROPOLITAN SOUTH EAST REGION,,,Arterial Highway,"Arterial Highway,Local Road",Divided,"Div,Undiv",Metro
3402164,T20130014568,ABS to receive accident,Finished,13/7/2013,16.10.00,Yes,Collision with vehicle,Saturday,HEAD ON (NOT OVERTAKING),No,Day,Yes,Not at intersection,Other injury accident,60 km/hr,No,261904,145.01145,-37.86394,Non-Intersection,GLEN EIRA,METROPOLITAN SOUTH EAST REGION,2501007.429,2404125.411,2,1,0,0,1,1,2,0,0,0,2,0,0,0,0,0,0,0,0,1,No,0,2,0,2,0,0,MELB_URBAN,MELB_URBAN,GLEN EIRA,METROPOLITAN SOUTH EAST REGION,,,Local Road,Local Road,Undivided,Undiv,Metro
3402165,T20130014570,ABS to receive accident,Finished,13/7/2013,23.40.00,Yes,Collision with a fixed object,Saturday,OFF RIGHT BEND INTO OBJECT/PARKED VEHICLE,No,Dark No street lights,Yes,Not at intersection,Fatal accident,100 km/hr,Yes,262670,143.12453,-37.02903,Non-Intersection,PYRENEES,WESTERN REGION,2333161.07,2495135.239,2,2,2,0,0,0,1,1,0,1,1,0,0,0,0,0,0,0,0,0,No,0,1,0,1,0,0,RURAL_VICTORIA,RURAL_VICTORIA,PYRENEES,WESTERN REGION,C,C,Arterial Other,Arterial Other,Undivided,Undiv,Country
3402166,T20130014573,ABS to receive accident,Finished,13/7/2013,18.10.00,Yes,No collision and no object struck,Saturday,OUT OF CONTROL ON CARRIAGEWAY (ON STRAIGHT),No,Dark Street lights unknown,No,Not at intersection,Serious injury accident,80 km/hr,No,261867,144.83372,-37.71403,Non-Intersection,BRIMBANK,METROPOLITAN NORTH WEST REGION,2485339.89,2420751.15,3,1,0,1,0,2,2,1,0,2,1,0,0,0,0,0,0,0,0,0,No,0,1,0,1,0,0,MELB_URBAN,MELB_URBAN,BRIMBANK,METROPOLITAN NORTH WEST REGION,M,M,Freeway,Freeway,Divided,Div,Metro
3402167,T20130014574,ABS to receive accident,Finished,14/7/2013,13.10.00,No,Collision with a fixed object,Sunday,LEFT OFF CARRIAGEWAY INTO OBJECT/PARKED VEHICLE,No,Day,Yes,Not at intersection,Other injury accident,100 km/hr,Yes,263303,146.28611,-36.32196,Non-Intersection,WANGARATTA,NORTH EASTERN REGION,2615474.692,2574453.527,1,1,0,0,1,0,0,1,0,0,1,0,0,0,0,0,0,0,0,1,No,0,1,0,1,0,0,SMALL_CITIES,SMALL_CITIES,WANGARATTA,NORTH EASTERN REGION,C,C,Arterial Other,Arterial Other,Undivided,Undiv,Country
3402168,T20130014576,ABS to receive accident,Finished,1/7/2013,13.00.00,No,No collision and no object struck,Monday,OUT OF CONTROL ON CARRIAGEWAY (ON STRAIGHT),No,Day,Not known,Cross intersection,Serious injury accident,60 km/hr,No,73126,145.04176,-38.25707,Intersection,MORNINGTON PENINSULA,METROPOLITAN SOUTH EAST REGION,2503655.52,2360488.179,1,1,0,1,0,0,1,0,0,0,0,0,0,1,0,0,0,0,0,0,No,0,1,0,0,1,0,MELB_URBAN,"RURAL_VICTORIA,MELB_URBAN",MORNINGTON PENINSULA,METROPOLITAN SOUTH EAST REGION,,,Local Road,Local Road,Undivided,Undiv,Metro
3402169,T20130014579,ABS to receive accident,Finished,11/7/2013,12.00.00,No,Struck Pedestrian,Thursday,PED ON FOOTHPATH STRUCK BY VEHENTERING/LEAVING DRIVEWAY.,No,Day,No,Not at intersection,Other injury accident,Camping grounds or off road,No,262509,144.93848,-37.70496,Non-Intersection,MORELAND,METROPOLITAN NORTH WEST REGION,2494575.364,2421768.536,2,1,0,0,1,1,1,0,0,0,0,1,0,0,1,0,0,0,0,0,No,0,1,0,0,0,0,MELB_URBAN,MELB_URBAN,MORELAND,METROPOLITAN NORTH WEST REGION,,,Local Road,Local Road,Undivided,Undiv,Metro
3402170,T20130014582,ABS to receive accident,Finished,14/7/2013,13.00.00,No,Collision with vehicle,Sunday,RIGHT THROUGH,No,Day,Yes,T intersection,Serious injury accident,80 km/hr,No,251374,145.13948,-38.17373,Intersection,FRANKSTON,METROPOLITAN SOUTH EAST REGION,2512222.556,2369731.341,2,1,0,1,0,1,0,2,0,0,2,0,0,0,0,0,0,0,0,1,No,0,2,0,2,0,0,MELB_URBAN,MELB_URBAN,FRANKSTON,METROPOLITAN SOUTH EAST REGION,C,C,Arterial Highway,"Arterial Highway,Local Road",Divided,"Div,Undiv",Metro
3402171,T20130014583,ABS to receive accident,Finished,13/7/2013,22.14.00,Yes,Collision with a fixed object,Saturday,RIGHT OFF CARRIAGEWAY INTO OBJECT/PARKED VEHICLE,No,Dark Street lights on,Yes,Cross intersection,Other injury accident,40 km/hr,Yes,35356,144.96109,-37.8193,Intersection,MELBOURNE,METROPOLITAN NORTH WEST REGION,2496574.029,2409079.601,4,3,0,0,3,1,1,3,0,3,1,0,0,0,0,0,0,0,0,0,No,0,1,0,0,0,1,MELBOURNE_CBD,"MELBOURNE_CBD,MELB_URBAN",MELBOURNE,METROPOLITAN NORTH WEST REGION,,,Local Road,Local Road,Undivided,Undiv,Metro
3402172,T20130014584,ABS to receive accident,Finished,14/7/2013,13.30.00,No,Collision with vehicle,Sunday,LEFT NEAR (INTERSECTIONS ONLY),No,Day,Yes,T intersection,Serious injury accident,60 km/hr,No,233303,144.26485,-36.71208,Intersection,BENDIGO,NORTHERN REGION,2434326.636,2531693.965,4,1,0,1,0,3,2,2,0,2,2,0,0,0,0,0,0,0,0,0,No,0,2,0,2,0,0,LARGE_PROVINCIAL_CITIES,LARGE_PROVINCIAL_CITIES,BENDIGO,NORTHERN REGION,,,Local Road,Local Road,Undivided,Undiv,Country
3402173,T20130014585,ABS to receive accident,Finished,14/7/2013,16.00.00,Yes,Collision with a fixed object,Sunday,OFF LEFT BEND INTO OBJECT/PARKED VEHICLE,No,Day,Yes,Not at intersection,Other injury accident,70 km/hr,Yes,261905,145.56691,-37.64704,Non-Intersection,YARRA RANGES,METROPOLITAN SOUTH EAST REGION,2550026.114,2428049.4,8,1,0,0,1,7,2,6,0,4,4,0,0,0,0,0,0,0,0,0,No,0,5,0,5,0,0,RURAL_VICTORIA,RURAL_VICTORIA,YARRA RANGES,METROPOLITAN SOUTH EAST REGION,B,B,Arterial Highway,Arterial Highway,Undivided,Undiv,Metro
3402174,T20130014587,ABS to receive accident,Finished,14/7/2013,16.45.00,Yes,Collision with a fixed object,Sunday,OFF RIGHT BEND INTO OBJECT/PARKED VEHICLE,No,Day,Yes,Not at intersection,Serious injury accident,70 km/hr,Yes,261931,145.49885,-37.63712,Non-Intersection,YARRA RANGES,METROPOLITAN SOUTH EAST REGION,2544025.912,2429184.108,2,1,0,1,0,1,1,1,0,1,1,0,0,0,0,0,0,0,1,0,No,0,1,0,1,0,0,RURAL_VICTORIA,RURAL_VICTORIA,YARRA RANGES,METROPOLITAN SOUTH EAST REGION,C,C,Arterial Other,Arterial Other,Undivided,Undiv,Metro
3402175,T20130014588,ABS to receive accident,Finished,14/7/2013,15.50.00,No,Collision with vehicle,Sunday,VEHICLE STRIKES ANOTHER VEH WHILE EMERGING FROM DRIVEWAY,No,Day,Yes,Not at intersection,Serious injury accident,60 km/hr,No,263467,144.33444,-38.14525,Non-Intersection,GEELONG,SOUTH WESTERN REGION,2441655.372,2372697.103,4,1,0,1,0,3,3,1,0,1,3,0,0,0,0,0,0,0,1,0,No,0,4,0,4,0,0,LARGE_PROVINCIAL_CITIES,LARGE_PROVINCIAL_CITIES,GEELONG,SOUTH WESTERN REGION,B,B,Arterial Highway,Arterial Highway,Undivided,Undiv,Country
3402176,T20130014594,ABS to receive accident,Finished,14/7/2013,17.45.00,Yes,Collision with vehicle,Sunday,RIGHT THROUGH,No,Dark Street lights on,Yes,Cross intersection,Serious injury accident,80 km/hr,No,278616,145.16119,-38.10925,Intersection,FRANKSTON,METROPOLITAN SOUTH EAST REGION,2514137.361,2376885.486,2,1,0,1,0,1,1,1,0,0,2,0,0,0,0,0,0,0,0,0,No,0,2,0,2,0,0,MELB_URBAN,MELB_URBAN,FRANKSTON,METROPOLITAN SOUTH EAST REGION,M,M,Freeway,"Freeway,Arterial Highway",Divided,"Div,Undiv",Metro
3402177,T20130014600,ABS to receive accident,Finished,14/7/2013,02.10.00,Yes,Collision with a fixed object,Sunday,RIGHT OFF CARRIAGEWAY INTO OBJECT/PARKED VEHICLE,No,Dark Street lights on,Yes,Not at intersection,Fatal accident,80 km/hr,Yes,261808,145.22728,-37.95067,Non-Intersection,KNOX,METROPOLITAN SOUTH EAST REGION,2519975.377,2394475.819,1,1,1,0,0,0,1,0,0,0,1,0,0,0,0,0,0,0,0,0,Yes,1,1,0,1,0,0,MELB_URBAN,MELB_URBAN,KNOX,METROPOLITAN SOUTH EAST REGION,,,Arterial Highway,Arterial Highway,Divided,Div,Metro
3402178,T20130014601,ABS to receive accident,Finished,14/7/2013,21.45.00,Yes,Collision with vehicle,Sunday,U TURN,No,Dark Street lights on,Yes,T intersection,Other injury accident,60 km/hr,No,40787,144.90223,-37.7413,Intersection,MOONEE VALLEY,METROPOLITAN NORTH WEST REGION,2491382.941,2417732.388,3,1,0,0,1,2,2,1,0,1,2,0,0,0,0,0,0,0,0,1,No,0,2,0,2,0,0,MELB_URBAN,MELB_URBAN,MOONEE VALLEY,METROPOLITAN NORTH WEST REGION,,,Arterial Other,"Arterial Other,Local Road",Undivided,Undiv,Metro
3402179,T20130014602,ABS to receive accident,Finished,14/7/2013,15.47.00,No,Collision with vehicle,Sunday,CROSS TRAFFIC(INTERSECTIONS ONLY),No,Day,Yes,Cross intersection,Other injury accident,50 km/hr,No,44466,144.35731,-38.14861,Intersection,GEELONG,SOUTH WESTERN REGION,2443662.329,2372338.111,2,1,0,0,1,1,0,2,0,0,2,0,0,0,0,0,0,0,0,0,No,0,2,0,2,0,0,LARGE_PROVINCIAL_CITIES,LARGE_PROVINCIAL_CITIES,GEELONG,SOUTH WESTERN REGION,C,C,Arterial Other,"Arterial Other,Local Road",Divided,"Div,Undiv",Country
3402180,T20130014603,ABS to receive accident,Finished,13/7/2013,00.45.00,Yes,Collision with a fixed object,Saturday,LEFT OFF CARRIAGEWAY INTO OBJECT/PARKED VEHICLE,No,Dark No street lights,Yes,Not at intersection,Other injury accident,100 km/hr,Yes,261805,142.42395,-36.85606,Non-Intersection,HORSHAM,WESTERN REGION,2270332.463,2512864.399,2,2,0,0,2,0,0,2,0,1,1,0,0,0,0,0,0,0,0,0,No,0,1,0,1,0,0,RURAL_VICTORIA,RURAL_VICTORIA,HORSHAM,WESTERN REGION,A,A,Arterial Highway,Arterial Highway,Undivided,Undiv,Country