OBJECTID,ACCIDENT_NO,ABS_CODE,ACCIDENT_STATUS,ACCIDENT_DATE,ACCIDENT_TIME,ALCOHOLTIME,ACCIDENT_TYPE,DAY_OF_WEEK,DCA_CODE,HIT_RUN_FLAG,LIGHT_CONDITION,POLICE_ATTEND,ROAD_GEOMETRY,SEVERITY,SPEED_ZONE,RUN_OFFROAD,NODE_ID,LONGITUDE,LATITUDE,NODE_TYPE,LGA_NAME,REGION_NAME,VICGRID_X,VICGRID_Y,TOTAL_PERSONS,INJ_OR_FATAL,FATALITY,SERIOUSINJURY,OTHERINJURY,NONINJURED,MALES,FEMALES,BICYCLIST,PASSENGER,DRIVER,PEDESTRIAN,PILLION,MOTORIST,UNKNOWN,PED_CYCLIST_5_12,PED_CYCLIST_13_18,OLD_PEDESTRIAN,OLD_DRIVER,YOUNG_DRIVER,ALCOHOL_RELATED,UNLICENCSED,NO_OF_VEHICLES,HEAVYVEHICLE,PASSENGERVEHICLE,MOTORCYCLE,PUBLICVEHICLE,DEG_URBAN_NAME,DEG_URBAN_ALL,LGA_NAME_ALL,REGION_NAME_ALL,SRNS,SRNS_ALL,RMA,RMA_ALL,DIVIDED,DIVIDED_ALL,STAT_DIV_NAME
3402181,T20130014607,ABS to receive accident,Finished,15/7/2013,00.30.00,Yes,No collision and no object struck,Monday,OFF CARRIAGEWAY TO RIGHT,No,Dark No street lights,Yes,T intersection,Serious injury accident,50 km/hr,Yes,42622,145.19815,-37.94399,Intersection,DANDENONG,METROPOLITAN SOUTH EAST REGION,2517416.559,2395222.504,1,1,0,1,0,0,1,0,0,0,0,0,0,1,0,0,0,0,0,0,No,0,1,0,0,1,0,MELB_URBAN,MELB_URBAN,DANDENONG,METROPOLITAN SOUTH EAST REGION,,,Local Road,Local Road,Undivided,Undiv,Metro
3402182,T20130014608,ABS to receive accident,Finished,14/7/2013,23.23.00,Yes,Collision with vehicle,Sunday,REAR END(VEHICLES IN SAME LANE),Yes,Dark Street lights on,No,Not at intersection,Serious injury accident,100 km/hr,No,261973,144.75699,-37.86915,Non-Intersection,WYNDHAM,METROPOLITAN NORTH WEST REGION,2478618.786,2403520.336,2,1,0,1,0,1,1,0,0,0,1,0,0,0,1,0,0,0,1,0,No,0,2,0,1,0,0,MELB_URBAN,MELB_URBAN,WYNDHAM,METROPOLITAN NORTH WEST REGION,M,M,Freeway,Freeway,Divided,Div,Metro
3402183,T20130014612,ABS to receive accident,Finished,15/7/2013,07.55.00,No,Collision with vehicle,Monday,CROSS TRAFFIC(INTERSECTIONS ONLY),No,Day,Yes,Cross intersection,Other injury accident,80 km/hr,No,65067,142.00935,-37.75768,Intersection,SOUTHERN GRAMPIANS,SOUTH WESTERN REGION,2236522.666,2411780.504,3,2,0,0,2,1,2,1,0,1,2,0,0,0,0,0,0,0,0,0,No,0,2,0,2,0,0,RURAL_VICTORIA,RURAL_VICTORIA,SOUTHERN GRAMPIANS,SOUTH WESTERN REGION,C,C,Arterial Other,"Arterial Other,Local Road",Undivided,Undiv,Country
3402184,T20130014614,ABS to receive accident,Finished,15/7/2013,09.00.00,No,Collision with vehicle,Monday,CROSS TRAFFIC(INTERSECTIONS ONLY),No,Day,Yes,Cross intersection,Serious injury accident,50 km/hr,No,44891,146.72397,-36.56085,Intersection,ALPINE,NORTH EASTERN REGION,2654303.921,2547329.628,2,1,0,1,0,1,2,0,0,0,2,0,0,0,0,0,0,0,1,0,No,0,2,0,2,0,0,TOWNS,TOWNS,ALPINE,NORTH EASTERN REGION,B,"B,C",Arterial Highway,"Arterial Highway,Local Road,Arterial Other",Divided,"Div,Undiv",Country
3402185,T20130014618,ABS to receive accident,Finished,15/7/2013,09.45.00,No,Collision with vehicle,Monday,VEHICLE COLLIDES WITH VEHICLE PARKED ON LEFT OF ROAD,No,Day,Yes,Not at intersection,Other injury accident,60 km/hr,No,101699,145.1722,-37.96488,Non-Intersection,DANDENONG,METROPOLITAN SOUTH EAST REGION,2515131.756,2392908.435,1,1,0,0,1,0,1,0,0,0,1,0,0,0,0,0,0,0,0,1,No,0,2,0,2,0,0,MELB_URBAN,MELB_URBAN,DANDENONG,METROPOLITAN SOUTH EAST REGION,,,Arterial Other,Arterial Other,Undivided,Undiv,Metro
3402186,T20130014620,ABS to receive accident,Finished,15/7/2013,10.29.00,No,Vehicle overturned (no collision),Monday,OFF CARRIAGEWAY ON LEFT BEND,No,Day,Yes,Not at intersection,Other injury accident,100 km/hr,Yes,261933,146.49817,-38.17674,Non-Intersection,LATROBE,EASTERN REGION,2631273.925,2368373.379,1,1,0,0,1,0,1,0,0,0,1,0,0,0,0,0,0,0,0,0,No,0,1,0,1,0,0,RURAL_VICTORIA,RURAL_VICTORIA,LATROBE,"EASTERN REGION,EASTERN REGION",C,C,Arterial Other,Arterial Other,Undivided,Undiv,Country
3402187,T20130014626,ABS to receive accident,Finished,15/7/2013,07.00.00,Yes,Collision with vehicle,Sunday,RIGHT THROUGH,No,Dusk/Dawn,Yes,Multiple intersection,Other injury accident,60 km/hr,No,29863,144.84975,-37.72539,Intersection,BRIMBANK,METROPOLITAN NORTH WEST REGION,2486754.71,2419492.753,2,1,0,0,1,1,2,0,0,0,1,0,0,1,0,0,0,0,0,0,No,0,2,0,1,1,0,MELB_URBAN,MELB_URBAN,BRIMBANK,METROPOLITAN NORTH WEST REGION,M,M,Freeway,"Freeway,Arterial Other",Divided,"Div,Undiv",Metro
3402188,T20130014627,ABS to receive accident,Finished,15/7/2013,09.24.00,No,Vehicle overturned (no collision),Monday,OUT OF CONTROL ON CARRIAGEWAY (ON STRAIGHT),No,Day,Yes,Not at intersection,Serious injury accident,60 km/hr,No,262028,145.3948,-37.73814,Non-Intersection,YARRA RANGES,METROPOLITAN SOUTH EAST REGION,2534796.931,2418015.837,1,1,0,1,0,0,1,0,0,0,1,0,0,0,0,0,0,0,0,0,No,0,1,1,0,0,0,MELB_URBAN,MELB_URBAN,YARRA RANGES,METROPOLITAN SOUTH EAST REGION,,,Local Road,Local Road,Undivided,Undiv,Metro
3402189,T20130014629,ABS to receive accident,Finished,15/7/2013,07.55.00,No,Fall from or in moving vehicle,Monday,OUT OF CONTROL ON CARRIAGEWAY (ON STRAIGHT),No,Day,Yes,Not at intersection,Other injury accident,60 km/hr,No,261869,145.10971,-37.83751,Non-Intersection,WHITEHORSE,METROPOLITAN SOUTH EAST REGION,2509656.95,2407054.26,1,1,0,0,1,0,1,0,0,0,0,0,0,1,0,0,0,0,0,0,No,0,1,0,0,1,0,MELB_URBAN,MELB_URBAN,WHITEHORSE,METROPOLITAN SOUTH EAST REGION,,,Arterial Other,Arterial Other,Undivided,Undiv,Metro
3402190,T20130014630,ABS to receive accident,Finished,14/7/2013,13.30.00,No,No collision and no object struck,Sunday,OUT OF CONTROL ON CARRIAGEWAY (ON STRAIGHT),No,Day,No,T intersection,Serious injury accident,60 km/hr,No,262027,145.00087,-37.8092,Intersection,YARRA,METROPOLITAN NORTH WEST REGION,2500076.61,2410201.174,2,1,0,1,0,1,1,1,0,0,1,0,0,1,0,0,0,0,0,0,No,0,2,0,1,1,0,MELB_URBAN,MELB_URBAN,YARRA,METROPOLITAN NORTH WEST REGION,,,Local Road,Local Road,Undivided,Undiv,Metro
3402191,T20130014631,ABS to receive accident,Finished,15/7/2013,13.06.00,No,Collision with a fixed object,Monday,OFF RIGHT BEND INTO OBJECT/PARKED VEHICLE,No,Unk.,Yes,Not at intersection,Other injury accident,70 km/hr,Yes,261870,146.74771,-38.39229,Non-Intersection,WELLINGTON,EASTERN REGION,2652698.002,2344075.107,2,2,0,0,2,0,1,1,0,1,1,0,0,0,0,0,0,0,0,1,No,0,1,0,1,0,0,RURAL_VICTORIA,RURAL_VICTORIA,WELLINGTON,"EASTERN REGION,EASTERN REGION",C,C,Arterial Other,Arterial Other,Undivided,Undiv,Country
3402192,T20130014633,ABS to receive accident,Finished,15/7/2013,10.52.00,No,Collision with vehicle,Monday,REAR END(VEHICLES IN SAME LANE),Yes,Day,Yes,Not at intersection,Other injury accident,100 km/hr,No,262686,145.14729,-37.79946,Non-Intersection,MANNINGHAM,METROPOLITAN SOUTH EAST REGION,2512971.216,2411272.196,2,1,0,0,1,1,1,0,0,0,1,0,0,0,1,0,0,0,0,0,No,0,2,0,1,0,0,MELB_URBAN,MELB_URBAN,MANNINGHAM,METROPOLITAN SOUTH EAST REGION,M,M,Freeway,Freeway,Divided,Div,Metro
3402193,T20130014635,ABS to receive accident,Finished,15/7/2013,05.55.00,Yes,Collision with vehicle,Monday,LANE CHANGE LEFT (NOT OVERTAKING),Yes,Dark Street lights on,Yes,Not at intersection,Other injury accident,80 km/hr,No,262148,144.96898,-37.82571,Non-Intersection,MELBOURNE,METROPOLITAN NORTH WEST REGION,2497269.182,2408368.438,3,1,0,0,1,2,1,1,0,1,1,0,0,0,1,0,0,0,0,0,No,0,2,0,1,0,0,MELB_URBAN,MELB_URBAN,MELBOURNE,METROPOLITAN NORTH WEST REGION,M,M,Freeway,Freeway,Divided,Div,Metro
3402194,T20130014639,ABS to receive accident,Finished,15/7/2013,13.00.00,No,Collision with vehicle,Monday,RIGHT THROUGH,No,Day,Yes,Cross intersection,Serious injury accident,60 km/hr,No,29543,145.03421,-37.82874,Intersection,BOROONDARA,METROPOLITAN SOUTH EAST REGION,2503011.852,2408032.036,7,5,0,2,3,2,3,4,0,5,2,0,0,0,0,0,0,0,0,1,No,0,2,0,2,0,0,MELB_URBAN,MELB_URBAN,BOROONDARA,METROPOLITAN SOUTH EAST REGION,,,Arterial Other,Arterial Other,Undivided,Undiv,Metro
3402195,T20130014645,ABS to receive accident,Finished,15/7/2013,14.08.00,No,Collision with vehicle,Monday,CROSS TRAFFIC(INTERSECTIONS ONLY),No,Day,Yes,Cross intersection,Serious injury accident,100 km/hr,No,246837,142.01748,-34.21575,Intersection,MILDURA,WESTERN REGION,2224926.208,2804682.01,7,5,0,1,4,2,3,4,0,5,2,0,0,0,0,0,0,0,0,0,No,0,2,0,1,0,0,RURAL_VICTORIA,RURAL_VICTORIA,MILDURA,WESTERN REGION,A,A,Arterial Highway,"Arterial Highway,Local Road",Undivided,Undiv,Country
3402196,T20130014646,ABS to receive accident,Finished,15/7/2013,14.45.00,No,Collision with vehicle,Monday,REAR END(VEHICLES IN SAME LANE),No,Day,No,Not at intersection,Other injury accident,60 km/hr,No,262046,147.63574,-37.82565,Non-Intersection,EAST GIPPSLAND,EASTERN REGION,2732009.634,2405163.549,2,2,0,0,2,0,2,0,0,0,2,0,0,0,0,0,0,0,0,0,No,0,2,0,2,0,0,SMALL_CITIES,SMALL_CITIES,EAST GIPPSLAND,"EASTERN REGION,EASTERN REGION",A,A,Arterial Highway,Arterial Highway,Divided,Div,Country
3402197,T20130014651,ABS to receive accident,Finished,15/7/2013,18.15.00,Yes,Collision with vehicle,Monday,RIGHT NEAR (INTERSECTIONS ONLY),No,Dark Street lights on,Yes,T intersection,Serious injury accident,70 km/hr,No,42078,145.01382,-37.9304,Intersection,BAYSIDE,METROPOLITAN SOUTH EAST REGION,2501214.795,2396749.571,5,4,0,2,2,1,3,2,0,3,2,0,0,0,0,0,0,0,0,0,No,0,2,0,2,0,0,MELB_URBAN,MELB_URBAN,BAYSIDE,METROPOLITAN SOUTH EAST REGION,,,Arterial Other,"Arterial Other,Local Road",Divided,"Div,Undiv",Metro
3402198,T20130014652,ABS to receive accident,Finished,15/7/2013,18.00.00,Yes,Collision with vehicle,Monday,REAR END(VEHICLES IN SAME LANE),No,Dark No street lights,Yes,Not at intersection,Serious injury accident,80 km/hr,No,262048,145.17102,-38.10124,Non-Intersection,FRANKSTON,METROPOLITAN SOUTH EAST REGION,2515000.975,2377773.121,3,1,0,1,0,2,1,2,0,0,3,0,0,0,0,0,0,0,1,0,No,0,3,0,3,0,0,MELB_URBAN,MELB_URBAN,FRANKSTON,METROPOLITAN SOUTH EAST REGION,,,Arterial Highway,Arterial Highway,Divided,Div,Metro
3402199,T20130014750,ABS to receive accident,Finished,17/7/2013,08.39.00,No,Collision with a fixed object,Wednesday,RIGHT OFF CARRIAGEWAY INTO OBJECT/PARKED VEHICLE,No,Day,Yes,T intersection,Other injury accident,70 km/hr,Yes,69468,145.40387,-37.91893,Intersection,YARRA RANGES,METROPOLITAN SOUTH EAST REGION,2535510.788,2397947.12,1,1,0,0,1,0,1,0,0,0,1,0,0,0,0,0,0,0,0,1,No,0,1,0,1,0,0,MELB_URBAN,MELB_URBAN,YARRA RANGES,METROPOLITAN SOUTH EAST REGION,C,C,Arterial Other,"Arterial Other,Local Road",Undivided,Undiv,Metro
3402200,T20130014751,ABS to receive accident,Finished,17/7/2013,11.40.00,No,Collision with vehicle,Wednesday,RIGHT NEAR (INTERSECTIONS ONLY),No,Day,Yes,T intersection,Other injury accident,60 km/hr,No,60880,144.72277,-37.57111,Intersection,HUME,METROPOLITAN NORTH WEST REGION,2475511.567,2436588.892,3,1,0,0,1,2,0,3,0,1,2,0,0,0,0,0,0,0,0,0,No,0,2,0,2,0,0,SMALL_CITIES,SMALL_CITIES,HUME,METROPOLITAN NORTH WEST REGION,C,C,Arterial Other,"Arterial Other,Local Road",Undivided,Undiv,Metro
3402201,T20130014760,ABS to receive accident,Finished,17/7/2013,08.20.00,No,No collision and no object struck,Wednesday,OFF CARRIAGEWAY TO LEFT,Not known,Day,Yes,T intersection,Other injury accident,80 km/hr,Yes,44215,144.93952,-37.64197,Intersection,HUME,METROPOLITAN NORTH WEST REGION,2494662.487,2428758.935,1,1,0,0,1,0,0,1,0,0,1,0,0,0,0,0,0,0,0,0,No,0,1,0,1,0,0,MELB_URBAN,MELB_URBAN,HUME,METROPOLITAN NORTH WEST REGION,,,Arterial Other,"Arterial Other,Local Road",Divided,"Div,Undiv",Metro
3402202,T20130014762,ABS to receive accident,Finished,4/7/2013,20.00.00,Yes,Collision with vehicle,Thursday,VEHICLE STRIKES DOOR OF PARKED/STATIONARY VEHICLE,No,Dark Street lights unknown,No,Not at intersection,Other injury accident,40 km/hr,No,122354,144.97877,-37.79657,Non-Intersection,YARRA,METROPOLITAN NORTH WEST REGION,2498129.928,2411603.004,2,1,0,0,1,1,0,2,1,1,0,0,0,0,0,0,0,0,0,0,No,0,2,0,1,0,0,MELB_URBAN,MELB_URBAN,YARRA,METROPOLITAN NORTH WEST REGION,,,Local Road,Local Road,Undivided,Undiv,Metro
3402203,T20130014765,ABS to receive accident,Finished,17/7/2013,12.55.00,No,Collision with vehicle,Wednesday,VEHICLE STRIKES ANOTHER VEH WHILE EMERGING FROM DRIVEWAY,No,Day,Yes,Not at intersection,Other injury accident,60 km/hr,No,261939,144.77793,-37.75114,Non-Intersection,BRIMBANK,METROPOLITAN NORTH WEST REGION,2480430.994,2416622.374,2,1,0,0,1,1,1,1,0,0,2,0,0,0,0,0,0,0,0,0,No,0,2,0,2,0,0,MELB_URBAN,MELB_URBAN,BRIMBANK,METROPOLITAN NORTH WEST REGION,,,Arterial Other,Arterial Other,Divided,Div,Metro
3402204,T20130014766,ABS to receive accident,Finished,14/7/2013,11.45.00,No,Collision with vehicle,,RIGHT REAR.,No,Day,Yes,Not at intersection,Other injury accident,100 km/hr,No,279296,142.46729,-38.30006,Non-Intersection,MOYNE,SOUTH WESTERN REGION,2278458.394,2352768.792,4,1,0,0,1,3,2,2,0,2,2,0,0,0,0,0,0,0,0,1,No,0,2,0,2,0,0,RURAL_VICTORIA,RURAL_VICTORIA,MOYNE,SOUTH WESTERN REGION,C,C,Arterial Other,Arterial Other,Undivided,Undiv,Country
3402205,T20130014768,ABS to receive accident,Finished,17/7/2013,14.25.00,No,Collision with vehicle,Wednesday,RIGHT NEAR (INTERSECTIONS ONLY),No,Day,Yes,T intersection,Serious injury accident,70 km/hr,No,43279,145.26493,-38.02778,Intersection,CASEY,METROPOLITAN SOUTH EAST REGION,2523260.718,2385908.144,3,2,0,1,1,1,2,1,0,1,2,0,0,0,0,0,0,0,0,1,No,0,2,0,2,0,0,MELB_URBAN,MELB_URBAN,CASEY,METROPOLITAN SOUTH EAST REGION,,,Arterial Other,"Arterial Other,Local Road",Divided,"Div,Undiv",Metro
3402206,T20130014769,ABS to receive accident,Finished,17/7/2013,15.13.00,No,Collision with vehicle,Wednesday,RIGHT THROUGH,No,Day,Yes,Cross intersection,Serious injury accident,60 km/hr,No,38987,145.04452,-37.82524,Intersection,BOROONDARA,METROPOLITAN SOUTH EAST REGION,2503919.308,2408420.202,2,1,0,1,0,1,2,0,0,0,1,0,0,1,0,0,0,0,0,1,No,0,2,0,1,1,0,MELB_URBAN,MELB_URBAN,BOROONDARA,METROPOLITAN SOUTH EAST REGION,,,Arterial Other,"Arterial Other,Local Road",Undivided,Undiv,Metro
3402207,T20130014770,ABS to receive accident,Finished,13/7/2013,19.00.00,Yes,Collision with a fixed object,Saturday,LEFT OFF CARRIAGEWAY INTO OBJECT/PARKED VEHICLE,No,Dark Street lights on,Yes,T intersection,Other injury accident,70 km/hr,Yes,37064,144.99009,-37.81688,Intersection,MELBOURNE,METROPOLITAN NORTH WEST REGION,2499127.872,2409349.461,1,1,0,0,1,0,0,1,0,0,1,0,0,0,0,0,0,0,0,0,Yes,0,1,0,1,0,0,MELB_URBAN,MELB_URBAN,"YARRA,MELBOURNE",METROPOLITAN NORTH WEST REGION,,,Arterial Highway,"Arterial Highway,Arterial Other",Divided,"Div,Undiv",Metro
3402208,T20130014771,ABS to receive accident,Finished,17/7/2013,15.10.00,No,Collision with vehicle,Wednesday,LEFT NEAR (INTERSECTIONS ONLY),No,Day,Yes,T intersection,Serious injury accident,80 km/hr,No,43576,145.08429,-38.19921,Intersection,MORNINGTON PENINSULA,METROPOLITAN SOUTH EAST REGION,2507384.173,2366907.676,2,1,0,1,0,1,1,1,1,0,1,0,0,0,0,0,0,0,0,0,No,0,2,0,1,0,0,MELB_URBAN,MELB_URBAN,MORNINGTON PENINSULA,METROPOLITAN SOUTH EAST REGION,,,Arterial Highway,"Arterial Highway,Local Road",Divided,"Div,Undiv",Metro
3402209,T20130014775,ABS to receive accident,Finished,17/7/2013,13.58.00,No,Collision with vehicle,Wednesday,LEFT TURN SIDESWIPE,No,Day,Yes,Not at intersection,Serious injury accident,60 km/hr,No,261894,144.88426,-37.7134,Intersection,MOONEE VALLEY,METROPOLITAN NORTH WEST REGION,2489795.601,2420827.551,3,1,0,1,0,2,2,1,1,1,1,0,0,0,0,0,0,0,0,1,No,0,2,0,1,0,0,MELB_URBAN,MELB_URBAN,MOONEE VALLEY,METROPOLITAN NORTH WEST REGION,,,,,,,Metro
3402210,T20130014776,ABS to receive accident,Finished,17/7/2013,15.00.00,No,Struck Pedestrian,Wednesday,PED NEAR SIDE. PED HIT BY VEHICLE FROM THE RIGHT.,No,Day,Yes,Cross intersection,Serious injury accident,40 km/hr,No,29646,145.04613,-37.88727,Intersection,GLEN EIRA,METROPOLITAN SOUTH EAST REGION,2504057.685,2401535.183,2,1,0,1,0,1,2,0,0,0,1,1,0,0,0,0,0,1,0,0,No,0,1,0,1,0,0,MELB_URBAN,MELB_URBAN,GLEN EIRA,METROPOLITAN SOUTH EAST REGION,,,Arterial Other,Arterial Other,Undivided,Undiv,Metro
3402211,T20130014778,ABS to receive accident,Finished,16/7/2013,15.45.00,No,Collision with vehicle,Tuesday,RIGHT THROUGH,No,Day,No,Cross intersection,Other injury accident,60 km/hr,No,51645,144.24806,-36.76419,Intersection,BENDIGO,NORTHERN REGION,2432872.372,2525900.02,2,1,0,0,1,1,1,1,0,0,2,0,0,0,0,0,0,0,0,1,No,0,2,0,2,0,0,LARGE_PROVINCIAL_CITIES,LARGE_PROVINCIAL_CITIES,BENDIGO,NORTHERN REGION,C,C,Arterial Other,"Arterial Other,Local Road",Undivided,Undiv,Country
3402212,T20130014892,ABS to receive accident,Finished,19/7/2013,08.00.00,No,Collision with vehicle,Friday,RIGHT THROUGH,No,Day,Yes,T intersection,Other injury accident,100 km/hr,No,54273,146.40669,-38.16136,Intersection,LATROBE,EASTERN REGION,2623284.183,2370202.242,2,1,0,0,1,1,1,1,0,0,2,0,0,0,0,0,0,0,0,0,No,0,2,0,2,0,0,RURAL_VICTORIA,RURAL_VICTORIA,LATROBE,"EASTERN REGION,EASTERN REGION",C,C,Arterial Other,Arterial Other,Undivided,Undiv,Country
3402213,T20130014893,ABS to receive accident,Finished,19/7/2013,08.25.00,No,Struck Pedestrian,Friday,PED NEAR SIDE. PED HIT BY VEHICLE FROM THE RIGHT.,No,Day,Yes,T intersection,Other injury accident,40 km/hr,No,70287,145.26645,-37.96731,Intersection,CASEY,METROPOLITAN SOUTH EAST REGION,2523413.053,2392620.262,2,1,0,0,1,1,0,2,0,0,1,1,0,0,0,0,0,0,0,0,No,0,1,0,1,0,0,MELB_URBAN,MELB_URBAN,CASEY,METROPOLITAN SOUTH EAST REGION,,,Local Road,Local Road,Undivided,Undiv,Metro
3402214,T20130014899,ABS to receive accident,Finished,19/7/2013,08.55.00,No,Collision with a fixed object,Friday,RIGHT OFF CARRIAGEWAY INTO OBJECT/PARKED VEHICLE,No,Day,No,Not at intersection,Other injury accident,100 km/hr,Yes,262131,145.91871,-38.04236,Non-Intersection,BAW BAW,EASTERN REGION,2580645.685,2383933.209,1,1,0,0,1,0,0,1,0,0,1,0,0,0,0,0,0,0,0,1,No,0,1,0,1,0,0,RURAL_VICTORIA,RURAL_VICTORIA,BAW BAW,"EASTERN REGION,EASTERN REGION",,,Local Road,Local Road,Undivided,Undiv,Country
3402215,T20130014901,ABS to receive accident,Finished,19/7/2013,11.20.00,No,Collision with vehicle,Friday,ENTERING PARKING,No,Day,Yes,Cross intersection,Other injury accident,40 km/hr,No,36888,144.96113,-37.81594,Intersection,MELBOURNE,METROPOLITAN NORTH WEST REGION,2496577.694,2409452.187,2,1,0,0,1,1,1,1,0,0,2,0,0,0,0,0,0,0,0,0,No,0,2,0,2,0,0,MELBOURNE_CBD,MELBOURNE_CBD,MELBOURNE,METROPOLITAN NORTH WEST REGION,,,Local Road,Local Road,Divided,"Div,Undiv",Metro
3402216,T20130014903,ABS to receive accident,Finished,10/7/2013,18.00.00,Yes,Vehicle overturned (no collision),Wednesday,OUT OF CONTROL ON CARRIAGEWAY (ON STRAIGHT),No,Dusk/Dawn,No,Not at intersection,Serious injury accident,50 km/hr,No,262024,146.28994,-38.18384,Non-Intersection,LATROBE,EASTERN REGION,2613018.878,2367851.56,1,1,0,1,0,0,1,0,0,0,0,0,0,1,0,0,0,0,0,0,No,0,1,0,0,1,0,SMALL_CITIES,SMALL_CITIES,LATROBE,"EASTERN REGION,EASTERN REGION",,,Local Road,Local Road,Undivided,Undiv,Country
3402217,T20130014904,ABS to receive accident,Finished,19/7/2013,12.25.00,No,Collision with vehicle,Friday,VEHICLE STRIKES DOOR OF PARKED/STATIONARY VEHICLE,No,Day,Yes,T intersection,Other injury accident,60 km/hr,No,37152,144.99717,-37.81021,Intersection,YARRA,METROPOLITAN NORTH WEST REGION,2499750.783,2410089.222,2,2,0,0,2,0,2,0,1,0,1,0,0,0,0,0,0,0,0,0,No,0,2,0,1,0,0,MELB_URBAN,MELB_URBAN,YARRA,METROPOLITAN NORTH WEST REGION,,,Arterial Other,"Arterial Other,Local Road",Undivided,Undiv,Metro
3402218,T20130014905,ABS to receive accident,Finished,19/7/2013,11.50.00,No,Collision with vehicle,Friday,REAR END(VEHICLES IN SAME LANE),No,Day,Yes,Cross intersection,Serious injury accident,60 km/hr,No,52971,143.84322,-37.57764,Intersection,BALLARAT,WESTERN REGION,2397830.073,2435279.341,4,2,0,1,1,2,2,2,0,0,4,0,0,0,0,0,0,0,0,2,No,0,4,0,4,0,0,LARGE_PROVINCIAL_CITIES,LARGE_PROVINCIAL_CITIES,BALLARAT,WESTERN REGION,A,A,Arterial Highway,"Arterial Highway,Local Road",Undivided,Undiv,Country
3402219,T20130014906,ABS to receive accident,Finished,19/7/2013,12.40.00,No,Collision with a fixed object,Friday,LEFT OFF CARRIAGEWAY INTO OBJECT/PARKED VEHICLE,No,Day,Yes,Not at intersection,Serious injury accident,50 km/hr,Yes,263304,146.72736,-36.55683,Non-Intersection,ALPINE,NORTH EASTERN REGION,2654615.735,2547770.408,1,1,0,1,0,0,0,1,0,0,1,0,0,0,0,0,0,0,1,0,No,0,1,0,1,0,0,TOWNS,TOWNS,ALPINE,NORTH EASTERN REGION,,,Local Road,Local Road,Undivided,Undiv,Country
3402220,T20130014907,ABS to receive accident,Finished,19/7/2013,12.15.00,No,No collision and no object struck,Friday,OUT OF CONTROL ON CARRIAGEWAY (ON STRAIGHT),No,Day,Yes,T intersection,Serious injury accident,60 km/hr,No,752,144.98799,-37.91889,Intersection,BAYSIDE,METROPOLITAN SOUTH EAST REGION,2498943.564,2398027.24,3,1,0,1,0,2,1,2,1,1,1,0,0,0,0,0,0,0,0,0,No,0,2,0,1,0,0,MELB_URBAN,MELB_URBAN,BAYSIDE,METROPOLITAN SOUTH EAST REGION,,,Arterial Other,"Arterial Other,Local Road",Undivided,Undiv,Metro
3402221,T20130014909,ABS to receive accident,Finished,19/7/2013,10.48.00,No,Collision with vehicle,Friday,RIGHT THROUGH,No,Day,Yes,Cross intersection,Serious injury accident,70 km/hr,No,42310,145.07648,-37.95472,Intersection,KINGSTON,METROPOLITAN SOUTH EAST REGION,2506721.781,2394047.387,4,1,0,1,0,3,3,1,0,1,3,0,0,0,0,0,0,0,0,0,No,0,3,0,3,0,0,MELB_URBAN,MELB_URBAN,KINGSTON,METROPOLITAN SOUTH EAST REGION,,,Arterial Highway,"Arterial Highway,Local Road",Divided,"Div,Undiv",Metro
3402222,T20130014913,ABS to receive accident,Finished,19/7/2013,09.55.00,No,Struck Pedestrian,Friday,PED NEAR SIDE. PED HIT BY VEHICLE FROM THE RIGHT.,Yes,Day,Yes,T intersection,Fatal accident,60 km/hr,No,47392,145.07971,-37.86343,Intersection,BOROONDARA,METROPOLITAN SOUTH EAST REGION,2507013.563,2404179.992,2,1,1,0,0,1,1,1,0,0,1,1,0,0,0,0,0,1,0,0,No,0,1,1,0,0,0,MELB_URBAN,MELB_URBAN,BOROONDARA,METROPOLITAN SOUTH EAST REGION,,,Arterial Other,"Arterial Other,Local Road",Undivided,Undiv,Metro
3402223,T20130014916,ABS to receive accident,Finished,19/7/2013,13.00.00,No,Collision with a fixed object,Friday,OFF RIGHT BEND INTO OBJECT/PARKED VEHICLE,No,Day,Yes,Not at intersection,Other injury accident,100 km/hr,Yes,262199,147.13484,-36.22312,Non-Intersection,TOWONG,NORTH EASTERN REGION,2691913.798,2584048.256,2,2,0,0,2,0,0,2,0,1,1,0,0,0,0,0,0,0,0,1,No,0,1,0,1,0,0,RURAL_VICTORIA,RURAL_VICTORIA,TOWONG,NORTH EASTERN REGION,B,B,Arterial Highway,Arterial Highway,Undivided,Undiv,Country
3402224,T20130014917,ABS to receive accident,Finished,19/7/2013,14.10.00,No,Collision with vehicle,Friday,REAR END(VEHICLES IN SAME LANE),No,Day,Yes,Not at intersection,Other injury accident,60 km/hr,No,261947,144.91954,-37.63023,Non-Intersection,HUME,METROPOLITAN NORTH WEST REGION,2492898.549,2430060.916,3,1,0,0,1,2,1,2,0,0,3,0,0,0,0,0,0,0,0,0,No,0,3,0,3,0,0,MELB_URBAN,MELB_URBAN,HUME,METROPOLITAN NORTH WEST REGION,,,Local Road,Local Road,Undivided,Undiv,Metro