OBJECTID,ACCIDENT_NO,ABS_CODE,ACCIDENT_STATUS,ACCIDENT_DATE,ACCIDENT_TIME,ALCOHOLTIME,ACCIDENT_TYPE,DAY_OF_WEEK,DCA_CODE,HIT_RUN_FLAG,LIGHT_CONDITION,POLICE_ATTEND,ROAD_GEOMETRY,SEVERITY,SPEED_ZONE,RUN_OFFROAD,NODE_ID,LONGITUDE,LATITUDE,NODE_TYPE,LGA_NAME,REGION_NAME,VICGRID_X,VICGRID_Y,TOTAL_PERSONS,INJ_OR_FATAL,FATALITY,SERIOUSINJURY,OTHERINJURY,NONINJURED,MALES,FEMALES,BICYCLIST,PASSENGER,DRIVER,PEDESTRIAN,PILLION,MOTORIST,UNKNOWN,PED_CYCLIST_5_12,PED_CYCLIST_13_18,OLD_PEDESTRIAN,OLD_DRIVER,YOUNG_DRIVER,ALCOHOL_RELATED,UNLICENCSED,NO_OF_VEHICLES,HEAVYVEHICLE,PASSENGERVEHICLE,MOTORCYCLE,PUBLICVEHICLE,DEG_URBAN_NAME,DEG_URBAN_ALL,LGA_NAME_ALL,REGION_NAME_ALL,SRNS,SRNS_ALL,RMA,RMA_ALL,DIVIDED,DIVIDED_ALL,STAT_DIV_NAME
3402269,T20130014874,ABS to receive accident,Finished,18/7/2013,21.55.00,Yes,Struck animal,Thursday,STRUCK ANIMAL,No,Dark No street lights,No,Not at intersection,Other injury accident,100 km/hr,No,262366,142.33045,-38.14108,Non-Intersection,MOYNE,SOUTH WESTERN REGION,2265996.752,2370083.161,1,1,0,0,1,0,0,1,0,0,1,0,0,0,0,0,0,0,0,0,No,0,1,0,1,0,0,RURAL_VICTORIA,RURAL_VICTORIA,MOYNE,SOUTH WESTERN REGION,C,C,Arterial Other,Arterial Other,Undivided,Undiv,Country
3402270,T20130014876,ABS to receive accident,Finished,18/7/2013,21.30.00,Yes,Collision with vehicle,Thursday,REAR END(VEHICLES IN SAME LANE),No,Dark Street lights on,Yes,Not at intersection,Other injury accident,60 km/hr,No,263607,145.14248,-37.02809,Non-Intersection,MITCHELL,NORTHERN REGION,2512675.935,2496873.815,3,2,0,0,2,1,2,1,0,1,2,0,0,0,0,0,0,0,0,1,No,0,2,0,2,0,0,TOWNS,TOWNS,MITCHELL,NORTHERN REGION,B,B,Arterial Highway,Arterial Highway,Divided,Div,Country
3402271,T20130014879,ABS to receive accident,Finished,18/7/2013,05.40.00,Yes,Collision with vehicle,Thursday,RIGHT NEAR (INTERSECTIONS ONLY),No,Dark Street lights on,Yes,T intersection,Other injury accident,60 km/hr,No,57709,144.95008,-37.8224,Intersection,MELBOURNE,METROPOLITAN NORTH WEST REGION,2495605.075,2408734.999,2,1,0,0,1,1,2,0,0,0,2,0,0,0,0,0,0,0,0,1,No,0,2,0,2,0,0,MELB_URBAN,MELB_URBAN,MELBOURNE,METROPOLITAN NORTH WEST REGION,,,Arterial Highway,"Arterial Highway,Local Road",Divided,"Div,Undiv",Metro
3402272,T20130014881,ABS to receive accident,Finished,18/7/2013,12.05.00,No,Vehicle overturned (no collision),Thursday,OFF CARRIAGEWAY TO LEFT,No,Day,Yes,T intersection,Serious injury accident,100 km/hr,Yes,72830,144.24614,-38.2118,Non-Intersection,GEELONG,SOUTH WESTERN REGION,2433973.482,2365252.481,1,1,0,1,0,0,1,0,0,0,0,0,0,1,0,0,0,0,0,0,No,0,1,0,0,1,0,RURAL_VICTORIA,RURAL_VICTORIA,GEELONG,SOUTH WESTERN REGION,,,,,,,Country
3402273,T20130014882,ABS to receive accident,Finished,18/7/2013,15.45.00,No,Other accident,Thursday,OTHER ACCIDENTS NOT CLASSIFIABLE ELSEWHERE,No,Day,Yes,Not at intersection,Other injury accident,50 km/hr,No,261946,145.00739,-37.93175,Non-Intersection,BAYSIDE,METROPOLITAN SOUTH EAST REGION,2500649.757,2396599.03,3,1,0,0,1,2,0,3,0,2,1,0,0,0,0,0,0,0,0,0,No,0,1,0,1,0,0,MELB_URBAN,MELB_URBAN,BAYSIDE,METROPOLITAN SOUTH EAST REGION,,,Local Road,Local Road,Undivided,Undiv,Metro
3402274,T20130014885,ABS to receive accident,Finished,10/7/2013,05.45.00,Yes,Collision with a fixed object,Wednesday,OFF RIGHT BEND INTO OBJECT/PARKED VEHICLE,No,Dark No street lights,Yes,Not at intersection,Serious injury accident,100 km/hr,Yes,263715,149.32866,-37.56473,Non-Intersection,EAST GIPPSLAND,EASTERN REGION,2882261.656,2428641.509,1,1,0,1,0,0,1,0,0,0,1,0,0,0,0,0,0,0,0,0,No,0,1,0,1,0,0,RURAL_VICTORIA,RURAL_VICTORIA,EAST GIPPSLAND,"EASTERN REGION,EASTERN REGION",A,A,Arterial Highway,Arterial Highway,Undivided,Undiv,Country
3402275,T20130014887,ABS to receive accident,Finished,19/7/2013,07.10.00,No,Collision with vehicle,Friday,REAR END(VEHICLES IN SAME LANE),No,Day,Yes,T intersection,Serious injury accident,60 km/hr,No,37961,144.99921,-37.78587,Intersection,YARRA,METROPOLITAN NORTH WEST REGION,2499930.132,2412790.784,2,1,0,1,0,1,2,0,0,0,1,0,0,1,0,0,0,0,0,0,No,0,2,0,1,1,0,MELB_URBAN,MELB_URBAN,YARRA,METROPOLITAN NORTH WEST REGION,,,Arterial Other,"Arterial Other,Local Road",Divided,"Div,Undiv",Metro
3402276,T20130014889,ABS to receive accident,Finished,19/7/2013,08.19.00,No,Struck Pedestrian,Friday,FAR SIDE. PED HIT BY VEHICLE FROM THE LEFT,No,Day,No,T intersection,Serious injury accident,60 km/hr,No,39377,145.1426,-37.79324,Intersection,MANNINGHAM,METROPOLITAN SOUTH EAST REGION,2512559.56,2411963.846,2,1,0,1,0,1,1,1,0,0,1,1,0,0,0,0,0,1,0,1,No,0,1,0,1,0,0,MELB_URBAN,MELB_URBAN,MANNINGHAM,METROPOLITAN SOUTH EAST REGION,,,Arterial Other,"Arterial Other,Local Road",Undivided,Undiv,Metro
3402277,T20130014682,ABS to receive accident,Finished,15/7/2013,22.30.00,Yes,Collision with a fixed object,Monday,OUT OF CONTROL (OVERTAKING),No,Dark Street lights on,Yes,Not at intersection,Other injury accident,70 km/hr,Yes,261936,145.31693,-37.81902,Non-Intersection,MAROONDAH,METROPOLITAN SOUTH EAST REGION,2527903.446,2409065.048,1,1,0,0,1,0,1,0,0,0,1,0,0,0,0,0,0,0,0,0,No,0,1,0,1,0,0,MELB_URBAN,MELB_URBAN,"YARRA RANGES,MAROONDAH",METROPOLITAN SOUTH EAST REGION,,,Local Road,Local Road,Undivided,Undiv,Metro
3402278,T20130014690,ABS to receive accident,Finished,16/7/2013,10.45.00,No,Collision with vehicle,Tuesday,REAR END(VEHICLES IN SAME LANE),No,Day,Yes,Not at intersection,Other injury accident,100 km/hr,No,261906,145.29979,-37.17058,Non-Intersection,MURRINDINDI,NORTH EASTERN REGION,2526621.365,2481030.391,5,1,0,0,1,4,2,2,0,2,2,0,0,0,1,0,0,0,0,2,No,0,3,0,2,0,0,RURAL_VICTORIA,RURAL_VICTORIA,"MURRINDINDI,MURRINDINDI",NORTH EASTERN REGION,B,B,Arterial Highway,Arterial Highway,Undivided,Undiv,Country
3402279,T20130014692,ABS to receive accident,Finished,16/7/2013,07.20.00,No,Collision with vehicle,Tuesday,REAR END(VEHICLES IN SAME LANE),No,Day,Yes,Not at intersection,Other injury accident,80 km/hr,No,262564,145.21747,-38.00393,Non-Intersection,DANDENONG,METROPOLITAN SOUTH EAST REGION,2519100.343,2388566.095,4,1,0,0,1,3,3,1,0,0,4,0,0,0,0,0,0,0,0,0,No,0,4,0,4,0,0,MELB_URBAN,MELB_URBAN,DANDENONG,METROPOLITAN SOUTH EAST REGION,,,Arterial Highway,Arterial Highway,Divided,Div,Metro
3402280,T20130014694,ABS to receive accident,Finished,16/7/2013,08.25.00,No,Collision with vehicle,Tuesday,VEHICLE STRIKES ANOTHER VEH WHILE EMERGING FROM DRIVEWAY,No,Day,Yes,Not at intersection,Serious injury accident,60 km/hr,No,261893,145.01162,-37.83637,Non-Intersection,STONNINGTON,METROPOLITAN SOUTH EAST REGION,2501022.521,2407185.848,3,3,0,1,2,0,2,1,0,1,2,0,0,0,0,0,0,0,0,0,No,0,2,0,2,0,0,MELB_URBAN,MELB_URBAN,STONNINGTON,METROPOLITAN SOUTH EAST REGION,,,Local Road,Local Road,Undivided,Undiv,Metro
3402281,T20130014697,ABS to receive accident,Finished,16/7/2013,10.25.00,No,Collision with vehicle,Tuesday,CROSS TRAFFIC(INTERSECTIONS ONLY),No,Day,Yes,Cross intersection,Serious injury accident,100 km/hr,No,73855,142.86479,-38.38855,Intersection,CORANGAMITE,SOUTH WESTERN REGION,2313441.892,2343800.534,2,2,0,2,0,0,1,1,0,0,2,0,0,0,0,0,0,0,0,0,No,0,2,0,2,0,0,RURAL_VICTORIA,RURAL_VICTORIA,"MOYNE,CORANGAMITE",SOUTH WESTERN REGION,C,C,Arterial Other,Arterial Other,Undivided,Undiv,Country
3402282,T20130014700,ABS to receive accident,Finished,10/7/2013,13.05.00,No,Collision with a fixed object,Wednesday,OFF RIGHT BEND INTO OBJECT/PARKED VEHICLE,No,Day,No,Not at intersection,Other injury accident,100 km/hr,Yes,262733,144.33897,-37.33067,Non-Intersection,HEPBURN,WESTERN REGION,2441425.004,2463103.829,2,1,0,0,1,1,1,1,0,0,2,0,0,0,0,0,0,0,0,0,No,0,2,0,2,0,0,RURAL_VICTORIA,RURAL_VICTORIA,HEPBURN,WESTERN REGION,,,Local Road,Local Road,Undivided,Undiv,Country
3402283,T20130014701,ABS to receive accident,Finished,16/7/2013,15.45.00,No,Collision with a fixed object,Tuesday,RIGHT OFF CARRIAGEWAY INTO OBJECT/PARKED VEHICLE,No,Day,Yes,Not at intersection,Other injury accident,80 km/hr,Yes,262128,145.17728,-37.81008,Non-Intersection,WHITEHORSE,METROPOLITAN SOUTH EAST REGION,2515610.518,2410089.161,1,1,0,0,1,0,1,0,0,0,1,0,0,0,0,0,0,0,0,0,No,0,1,0,1,0,0,MELB_URBAN,MELB_URBAN,WHITEHORSE,METROPOLITAN SOUTH EAST REGION,,,Arterial Highway,Arterial Highway,Divided,Div,Metro
3402284,T20130014705,ABS to receive accident,Finished,15/7/2013,14.30.00,No,Collision with vehicle,Monday,REAR END(VEHICLES IN SAME LANE),No,Unk.,No,Cross intersection,Other injury accident,60 km/hr,No,40209,145.01156,-37.85431,Intersection,STONNINGTON,METROPOLITAN SOUTH EAST REGION,2501017.408,2405194.372,5,3,0,0,3,2,3,1,0,3,2,0,0,0,0,0,0,0,0,0,No,0,2,0,2,0,0,MELB_URBAN,MELB_URBAN,STONNINGTON,METROPOLITAN SOUTH EAST REGION,,,Arterial Other,Arterial Other,Undivided,Undiv,Metro
3402285,T20130014707,ABS to receive accident,Finished,16/7/2013,06.50.00,No,Collision with vehicle,Tuesday,RIGHT THROUGH,No,Unk.,No,Not at intersection,Other injury accident,40 km/hr,No,122236,144.97718,-37.80593,Non-Intersection,YARRA,METROPOLITAN NORTH WEST REGION,2497990.294,2410564.117,2,1,0,0,1,1,0,2,1,0,1,0,0,0,0,0,0,0,0,0,No,0,2,0,1,0,0,MELB_URBAN,MELB_URBAN,YARRA,METROPOLITAN NORTH WEST REGION,,,Local Road,Local Road,Undivided,Undiv,Metro
3402286,T20130014709,ABS to receive accident,Finished,16/7/2013,15.08.00,No,Vehicle overturned (no collision),Tuesday,OFF CARRIAGEWAY TO LEFT,No,Day,Yes,Not at intersection,Other injury accident,100 km/hr,Yes,265455,145.94995,-36.0078,Non-Intersection,MOIRA,NORTH EASTERN REGION,2585641.197,2609664.637,1,1,0,0,1,0,1,0,0,0,1,0,0,0,0,0,0,0,0,1,No,0,1,0,1,0,0,TOWNS,TOWNS,MOIRA,NORTH EASTERN REGION,B,B,Arterial Highway,Arterial Highway,Undivided,Undiv,Country
3402287,T20130014711,ABS to receive accident,Finished,16/7/2013,17.26.00,No,Collision with vehicle,Tuesday,VEHICLE STRIKES ANOTHER VEH WHILE EMERGING FROM DRIVEWAY,No,Dark Street lights on,Yes,Not at intersection,Serious injury accident,60 km/hr,No,261854,145.02254,-37.82112,Non-Intersection,BOROONDARA,METROPOLITAN SOUTH EAST REGION,2501984.417,2408878.016,2,1,0,1,0,1,1,1,0,0,1,0,0,1,0,0,0,0,0,0,No,0,2,0,1,1,0,MELB_URBAN,MELB_URBAN,BOROONDARA,METROPOLITAN SOUTH EAST REGION,,,Arterial Other,Arterial Other,Undivided,Undiv,Metro
3402288,T20130014712,ABS to receive accident,Finished,16/7/2013,17.30.00,No,Collision with vehicle,Tuesday,REAR END(VEHICLES IN SAME LANE),No,Dark Street lights on,Yes,Not at intersection,Other injury accident,50 km/hr,No,261937,145.41572,-36.3691,Non-Intersection,SHEPPARTON,NORTH EASTERN REGION,2537303.835,2569921.435,4,1,0,0,1,3,2,2,0,1,3,0,0,0,0,0,0,0,0,1,No,0,3,0,3,0,0,SMALL_CITIES,SMALL_CITIES,SHEPPARTON,NORTH EASTERN REGION,,,Local Road,Local Road,Undivided,Undiv,Country
3402289,T20130014714,ABS to receive accident,Finished,16/7/2013,16.40.00,No,Collision with vehicle,Tuesday,VEHICLE STRIKES DOOR OF PARKED/STATIONARY VEHICLE,No,Day,Yes,Not at intersection,Serious injury accident,60 km/hr,No,261855,144.97697,-37.80719,Non-Intersection,YARRA,METROPOLITAN NORTH WEST REGION,2497972.06,2410424.24,2,1,0,1,0,1,0,2,1,0,1,0,0,0,0,0,0,0,0,0,No,0,2,0,1,0,0,MELB_URBAN,MELB_URBAN,YARRA,METROPOLITAN NORTH WEST REGION,,,Local Road,Local Road,Undivided,Undiv,Metro
3402290,T20130014716,ABS to receive accident,Finished,16/7/2013,17.20.00,No,Collision with vehicle,Tuesday,RIGHT THROUGH,No,Dusk/Dawn,Yes,T intersection,Other injury accident,80 km/hr,No,45002,144.82039,-37.77616,Intersection,BRIMBANK,METROPOLITAN NORTH WEST REGION,2484177.584,2413853.135,4,1,0,0,1,3,2,2,0,1,3,0,0,0,0,0,0,0,0,0,No,0,3,0,3,0,0,MELB_URBAN,MELB_URBAN,BRIMBANK,METROPOLITAN NORTH WEST REGION,,,Arterial Other,"Arterial Other,Local Road",Divided,"Div,Undiv",Metro
3402291,T20130014720,ABS to receive accident,Finished,16/7/2013,19.25.00,Yes,Collision with a fixed object,Tuesday,RIGHT OFF CARRIAGEWAY INTO OBJECT/PARKED VEHICLE,No,Dark No street lights,Yes,Not at intersection,Serious injury accident,80 km/hr,Yes,261856,144.50603,-37.62372,Non-Intersection,MOORABOOL,WESTERN REGION,2456396.486,2430673.419,1,1,0,1,0,0,1,0,0,0,1,0,0,0,0,0,0,0,0,1,No,0,1,0,1,0,0,RURAL_VICTORIA,RURAL_VICTORIA,MOORABOOL,WESTERN REGION,C,C,Arterial Other,Arterial Other,Undivided,Undiv,Country
3402292,T20130014722,ABS to receive accident,Finished,16/7/2013,18.05.00,Yes,Struck Pedestrian,Tuesday,PED NEAR SIDE. PED HIT BY VEHICLE FROM THE RIGHT.,No,Dark Street lights on,Yes,T intersection,Serious injury accident,60 km/hr,No,64339,144.97709,-37.77895,Intersection,MORELAND,METROPOLITAN NORTH WEST REGION,2497982.069,2413558.363,2,1,0,1,0,1,2,0,0,0,1,1,0,0,0,0,0,1,0,0,No,0,1,0,1,0,0,MELB_URBAN,MELB_URBAN,MORELAND,METROPOLITAN NORTH WEST REGION,,,Arterial Other,"Arterial Other,Local Road",Undivided,Undiv,Metro
3402293,T20130014724,ABS to receive accident,Finished,16/7/2013,19.10.00,Yes,No collision and no object struck,Monday,OFF CARRIAGEWAY TO LEFT,No,Dark Street lights on,Yes,Not at intersection,Other injury accident,60 km/hr,Yes,261907,144.83209,-37.75038,Non-Intersection,BRIMBANK,METROPOLITAN NORTH WEST REGION,2485203.201,2416716.536,1,1,0,0,1,0,1,0,0,0,0,0,0,1,0,0,0,0,0,0,No,0,1,0,0,1,0,MELB_URBAN,MELB_URBAN,BRIMBANK,METROPOLITAN NORTH WEST REGION,,,Arterial Other,Arterial Other,Divided,Div,Metro
3402294,T20130014727,ABS to receive accident,Finished,15/7/2013,19.00.00,Yes,Fall from or in moving vehicle,Monday,FELL IN/FROM VEHICLE,No,Dark Street lights on,Yes,Not at intersection,Serious injury accident,50 km/hr,No,261891,145.10335,-37.93631,Non-Intersection,KINGSTON,METROPOLITAN SOUTH EAST REGION,2509085.102,2396088.164,2,2,0,2,0,0,0,2,0,1,1,0,0,0,0,0,0,0,0,0,No,0,1,0,1,0,0,MELB_URBAN,MELB_URBAN,KINGSTON,METROPOLITAN SOUTH EAST REGION,,,Local Road,Local Road,Undivided,Undiv,Metro
3402295,T20130014729,ABS to receive accident,Finished,16/7/2013,23.55.00,Yes,Struck Pedestrian,Monday,PED NEAR SIDE. PED HIT BY VEHICLE FROM THE RIGHT.,No,Dark Street lights on,Yes,T intersection,Fatal accident,Not known,No,40064,144.97534,-37.86098,Intersection,PORT PHILLIP,METROPOLITAN NORTH WEST REGION,2497830.109,2404454.528,3,1,1,0,0,2,2,1,0,1,1,1,0,0,0,0,0,0,0,0,Yes,0,1,0,0,0,1,MELB_URBAN,MELB_URBAN,PORT PHILLIP,METROPOLITAN NORTH WEST REGION,,,Local Road,Local Road,Undivided,Undiv,Metro
3402296,T20130014730,ABS to receive accident,Finished,16/7/2013,05.10.00,Yes,Collision with a fixed object,Tuesday,LEFT OFF CARRIAGEWAY INTO OBJECT/PARKED VEHICLE,No,Dark No street lights,Yes,Not at intersection,Other injury accident,70 km/hr,Yes,261938,145.19806,-37.7496,Non-Intersection,MANNINGHAM,METROPOLITAN SOUTH EAST REGION,2517454.047,2416798.38,1,1,0,0,1,0,1,0,0,0,1,0,0,0,0,0,0,0,0,1,No,0,1,0,1,0,0,MELB_URBAN,MELB_URBAN,MANNINGHAM,METROPOLITAN SOUTH EAST REGION,,,Arterial Other,Arterial Other,Undivided,Undiv,Metro
3402297,T20130014731,ABS to receive accident,Finished,17/7/2013,03.30.00,Yes,Collision with vehicle,Wednesday,VEHICLE COLLIDES WITH VEHICLE PARKED ON LEFT OF ROAD,No,Dark Street lights on,Yes,Not at intersection,Other injury accident,60 km/hr,No,108978,144.92731,-37.68536,Non-Intersection,HUME,METROPOLITAN NORTH WEST REGION,2493588.387,2423943.311,1,1,0,0,1,0,0,1,0,0,1,0,0,0,0,0,0,0,0,1,No,0,2,0,2,0,0,MELB_URBAN,MELB_URBAN,HUME,METROPOLITAN NORTH WEST REGION,,,Local Road,Local Road,Undivided,Undiv,Metro
3402298,T20130014732,ABS to receive accident,Finished,15/7/2013,16.15.00,No,Collision with a fixed object,Monday,RIGHT OFF CARRIAGEWAY INTO OBJECT/PARKED VEHICLE,No,Day,Yes,Not at intersection,Serious injury accident,100 km/hr,Yes,261892,143.68199,-37.88431,Non-Intersection,GOLDEN PLAINS,SOUTH WESTERN REGION,2384061.822,2401062.401,1,1,0,1,0,0,0,1,0,0,1,0,0,0,0,0,0,0,0,0,No,0,1,0,1,0,0,RURAL_VICTORIA,RURAL_VICTORIA,GOLDEN PLAINS,SOUTH WESTERN REGION,C,C,Arterial Other,Arterial Other,Undivided,Undiv,Country
3402299,T20130014735,ABS to receive accident,Finished,16/7/2013,15.45.00,No,Struck Pedestrian,Tuesday,ANY MANOEUVRE INVOLVING PED NOT INCLUDED IN DCAs 100-108.,No,Day,No,Not at intersection,Other injury accident,50 km/hr,No,262275,145.15409,-36.78504,Non-Intersection,STRATHBOGIE,NORTH EASTERN REGION,2513752.274,2523840.653,2,1,0,0,1,1,2,0,0,0,1,1,0,0,0,0,0,0,0,0,No,0,1,0,1,0,0,TOWNS,TOWNS,STRATHBOGIE,NORTH EASTERN REGION,C,C,Arterial Other,Arterial Other,Divided,Div,Country
3402300,T20130014740,ABS to receive accident,Finished,17/7/2013,08.45.00,No,Collision with vehicle,Wednesday,RIGHT THROUGH,No,Day,Yes,Not at intersection,Other injury accident,60 km/hr,No,261883,145.12372,-38.07616,Non-Intersection,KINGSTON,METROPOLITAN SOUTH EAST REGION,2510855.588,2380563.609,2,2,0,0,2,0,1,1,0,0,2,0,0,0,0,0,0,0,1,0,No,0,2,0,2,0,0,MELB_URBAN,MELB_URBAN,KINGSTON,METROPOLITAN SOUTH EAST REGION,,,Arterial Other,Arterial Other,Undivided,Undiv,Metro
3402301,T20130014744,ABS to receive accident,Finished,17/7/2013,09.50.00,No,Collision with vehicle,Wednesday,CUTTING IN (OVERTAKING),Yes,Day,Yes,Not at intersection,Serious injury accident,60 km/hr,No,263717,145.28551,-37.86444,Non-Intersection,KNOX,METROPOLITAN SOUTH EAST REGION,2525121.926,2404032.746,2,1,0,1,0,1,2,0,1,0,1,0,0,0,0,0,0,0,0,0,No,0,2,1,0,0,0,MELB_URBAN,MELB_URBAN,KNOX,METROPOLITAN SOUTH EAST REGION,,,Arterial Other,Arterial Other,Undivided,Undiv,Metro
3402302,T20130014745,ABS to receive accident,Finished,6/7/2013,00.30.00,Yes,Vehicle overturned (no collision),Saturday,OFF CARRIAGEWAY ON LEFT BEND,No,Dark No street lights,Yes,Not at intersection,Serious injury accident,80 km/hr,Yes,262637,145.22024,-37.59165,Non-Intersection,NILLUMBIK,METROPOLITAN NORTH WEST REGION,2519449.465,2434323.028,1,1,0,1,0,0,1,0,0,0,1,0,0,0,0,0,0,0,0,0,Yes,0,1,0,1,0,0,RURAL_VICTORIA,RURAL_VICTORIA,NILLUMBIK,METROPOLITAN NORTH WEST REGION,,,Local Road,Local Road,Undivided,Undiv,Metro
3402303,T20130015081,ABS to receive accident,Finished,21/7/2013,10.45.00,No,Collision with vehicle,Sunday,REAR END(VEHICLES IN SAME LANE),No,Day,No,Cross intersection,Other injury accident,Not known,No,34725,145.16928,-37.85474,Intersection,WHITEHORSE,METROPOLITAN SOUTH EAST REGION,2514897.326,2405133.768,3,1,0,0,1,2,1,2,0,0,3,0,0,0,0,0,0,0,0,1,No,0,3,0,3,0,0,MELB_URBAN,MELB_URBAN,WHITEHORSE,METROPOLITAN SOUTH EAST REGION,,,Arterial Highway,Arterial Highway,Divided,Div,Metro
3402304,T20130015082,ABS to receive accident,Finished,21/7/2013,16.40.00,Yes,Collision with a fixed object,Sunday,RIGHT OFF CARRIAGEWAY INTO OBJECT/PARKED VEHICLE,No,Dusk/Dawn,Yes,Not at intersection,Other injury accident,80 km/hr,Yes,262096,145.13332,-37.91527,Non-Intersection,MONASH,METROPOLITAN SOUTH EAST REGION,2511723.075,2398421.033,1,1,0,0,1,0,1,0,0,0,1,0,0,0,0,0,0,0,0,1,No,0,1,0,1,0,0,MELB_URBAN,MELB_URBAN,MONASH,METROPOLITAN SOUTH EAST REGION,,,Arterial Highway,Arterial Highway,Divided,Div,Metro
3402305,T20130015085,ABS to receive accident,Finished,21/7/2013,13.45.00,No,No collision and no object struck,Sunday,OUT OF CONTROL ON CARRIAGEWAY (ON STRAIGHT),No,Day,Yes,Not at intersection,Serious injury accident,Not known,No,262097,144.15391,-38.36393,Non-Intersection,SURF COAST,SOUTH WESTERN REGION,2426046.208,2348296.906,1,1,0,1,0,0,1,0,0,0,0,0,0,1,0,0,0,0,0,0,No,0,1,0,0,1,0,RURAL_VICTORIA,RURAL_VICTORIA,SURF COAST,SOUTH WESTERN REGION,,,Local Road,Local Road,Undivided,Undiv,Country
3402306,T20130015090,ABS to receive accident,Finished,21/7/2013,19.22.00,Yes,Collision with a fixed object,Sunday,RIGHT OFF CARRIAGEWAY INTO OBJECT/PARKED VEHICLE,No,Dark Street lights on,Yes,Cross intersection,Serious injury accident,70 km/hr,Yes,29785,145.02371,-37.65188,Intersection,WHITTLESEA,METROPOLITAN NORTH WEST REGION,2502092.443,2427660.957,3,2,0,1,1,1,1,2,0,1,2,0,0,0,0,0,0,0,0,0,No,0,2,0,2,0,0,MELB_URBAN,MELB_URBAN,WHITTLESEA,METROPOLITAN NORTH WEST REGION,,,Arterial Other,Arterial Other,Divided,Div,Metro
3402307,T20130015094,ABS to receive accident,Finished,19/7/2013,19.00.00,Yes,Struck Pedestrian,Friday,PED NEAR SIDE. PED HIT BY VEHICLE FROM THE RIGHT.,No,Dark Street lights unknown,No,Cross intersection,Other injury accident,60 km/hr,No,37724,144.99648,-37.85228,Intersection,STONNINGTON,METROPOLITAN SOUTH EAST REGION,2499690.328,2405420.393,2,1,0,0,1,1,1,1,0,0,1,1,0,0,0,0,0,0,0,0,No,0,1,0,1,0,0,MELB_URBAN,MELB_URBAN,STONNINGTON,METROPOLITAN SOUTH EAST REGION,,,Arterial Other,"Arterial Other,Local Road",Undivided,Undiv,Metro
3402308,T20130015095,ABS to receive accident,Finished,21/7/2013,21.45.00,Yes,Struck Pedestrian,Sunday,PED NEAR SIDE. PED HIT BY VEHICLE FROM THE RIGHT.,No,Dark Street lights on,Yes,Cross intersection,Other injury accident,60 km/hr,No,59524,144.30487,-36.73146,Intersection,BENDIGO,NORTHERN REGION,2437917.412,2529570.449,2,1,0,0,1,1,2,0,0,0,1,1,0,0,0,0,0,1,0,0,No,0,1,0,1,0,0,LARGE_PROVINCIAL_CITIES,LARGE_PROVINCIAL_CITIES,BENDIGO,NORTHERN REGION,A,"A,C",Arterial Highway,"Arterial Highway,Local Road,Arterial Other",Undivided,Undiv,Country
3402309,T20130015108,ABS to receive accident,Finished,22/7/2013,09.20.00,No,Collision with vehicle,Monday,LEAVING PARKING,No,Day,Yes,Not at intersection,Other injury accident,60 km/hr,No,262458,144.833,-37.7532,Non-Intersection,BRIMBANK,METROPOLITAN NORTH WEST REGION,2485283.581,2416403.721,2,1,0,0,1,1,1,1,0,0,2,0,0,0,0,0,0,0,0,0,No,1,2,0,2,0,0,MELB_URBAN,MELB_URBAN,BRIMBANK,METROPOLITAN NORTH WEST REGION,,,Arterial Other,Arterial Other,Divided,Div,Metro
3402310,T20130015110,ABS to receive accident,Finished,22/7/2013,10.30.00,No,Collision with a fixed object,Monday,LEFT OFF CARRIAGEWAY INTO OBJECT/PARKED VEHICLE,No,Day,Yes,Not at intersection,Other injury accident,50 km/hr,Yes,262141,144.34636,-38.17164,Non-Intersection,GEELONG,SOUTH WESTERN REGION,2442720.636,2369775.161,1,1,0,0,1,0,0,1,0,0,1,0,0,0,0,0,0,0,0,0,No,0,1,0,1,0,0,LARGE_PROVINCIAL_CITIES,LARGE_PROVINCIAL_CITIES,GEELONG,SOUTH WESTERN REGION,,,Local Road,Local Road,Undivided,Undiv,Country
3402311,T20130015111,ABS to receive accident,Finished,17/7/2013,10.00.00,No,Vehicle overturned (no collision),Wednesday,OUT OF CONTROL ON CARRIAGEWAY (ON STRAIGHT),No,Day,No,T intersection,Serious injury accident,50 km/hr,No,66109,145.22049,-37.81867,Intersection,MAROONDAH,METROPOLITAN SOUTH EAST REGION,2519412.957,2409127.557,1,1,0,1,0,0,1,0,0,0,0,0,0,1,0,0,0,0,0,0,No,0,1,0,0,1,0,MELB_URBAN,MELB_URBAN,MAROONDAH,METROPOLITAN SOUTH EAST REGION,,,Local Road,Local Road,Undivided,Undiv,Metro
3402312,T20130015113,ABS to receive accident,Finished,22/7/2013,10.35.00,No,Struck Pedestrian,Monday,PED NEAR SIDE. PED HIT BY VEHICLE FROM THE RIGHT.,No,Day,Yes,Cross intersection,Serious injury accident,60 km/hr,No,40951,145.26504,-37.84127,Intersection,KNOX,METROPOLITAN SOUTH EAST REGION,2523327.902,2406609.765,2,1,0,1,0,1,1,1,0,0,1,1,0,0,0,0,0,1,0,0,No,0,1,0,1,0,0,MELB_URBAN,MELB_URBAN,KNOX,METROPOLITAN SOUTH EAST REGION,,,Arterial Other,"Arterial Other,Local Road",Divided,"Div,Undiv",Metro