OBJECTID,ACCIDENT_NO,ABS_CODE,ACCIDENT_STATUS,ACCIDENT_DATE,ACCIDENT_TIME,ALCOHOLTIME,ACCIDENT_TYPE,DAY_OF_WEEK,DCA_CODE,HIT_RUN_FLAG,LIGHT_CONDITION,POLICE_ATTEND,ROAD_GEOMETRY,SEVERITY,SPEED_ZONE,RUN_OFFROAD,NODE_ID,LONGITUDE,LATITUDE,NODE_TYPE,LGA_NAME,REGION_NAME,VICGRID_X,VICGRID_Y,TOTAL_PERSONS,INJ_OR_FATAL,FATALITY,SERIOUSINJURY,OTHERINJURY,NONINJURED,MALES,FEMALES,BICYCLIST,PASSENGER,DRIVER,PEDESTRIAN,PILLION,MOTORIST,UNKNOWN,PED_CYCLIST_5_12,PED_CYCLIST_13_18,OLD_PEDESTRIAN,OLD_DRIVER,YOUNG_DRIVER,ALCOHOL_RELATED,UNLICENCSED,NO_OF_VEHICLES,HEAVYVEHICLE,PASSENGERVEHICLE,MOTORCYCLE,PUBLICVEHICLE,DEG_URBAN_NAME,DEG_URBAN_ALL,LGA_NAME_ALL,REGION_NAME_ALL,SRNS,SRNS_ALL,RMA,RMA_ALL,DIVIDED,DIVIDED_ALL,STAT_DIV_NAME
3402313,T20130015114,ABS to receive accident,Finished,22/7/2013,10.25.00,No,Collision with vehicle,Monday,HEAD ON (NOT OVERTAKING),No,Day,Yes,T intersection,Serious injury accident,80 km/hr,No,39496,145.1779,-37.80569,Intersection,WHITEHORSE,METROPOLITAN SOUTH EAST REGION,2515665.906,2410575.823,3,3,0,1,2,0,2,1,0,1,2,0,0,0,0,0,0,0,1,0,No,0,2,0,2,0,0,MELB_URBAN,MELB_URBAN,WHITEHORSE,METROPOLITAN SOUTH EAST REGION,,,Arterial Highway,"Arterial Highway,Local Road",Divided,"Div,Undiv",Metro
3402314,T20130015119,ABS to receive accident,Finished,22/7/2013,11.30.00,No,Collision with vehicle,Monday,LEFT NEAR (INTERSECTIONS ONLY),No,Day,Yes,T intersection,Serious injury accident,60 km/hr,No,66641,144.87015,-37.83356,Intersection,HOBSONS BAY,METROPOLITAN NORTH WEST REGION,2488570.177,2407489.8,2,1,0,1,0,1,1,1,1,0,1,0,0,0,0,0,0,0,0,1,No,0,2,0,1,0,0,MELB_URBAN,MELB_URBAN,HOBSONS BAY,METROPOLITAN NORTH WEST REGION,,,Arterial Other,"Arterial Other,Local Road",Undivided,Undiv,Metro
3402315,T20130015122,ABS to receive accident,Finished,22/7/2013,08.30.00,Yes,Collision with vehicle,Sunday,LANE SIDE SWIPE (VEHICLES IN PARALLEL LANES),Yes,Day,No,Not at intersection,Other injury accident,40 km/hr,No,261999,144.66614,-37.9043,Non-Intersection,WYNDHAM,METROPOLITAN NORTH WEST REGION,2470639.276,2399594.81,2,1,0,0,1,1,1,0,1,0,0,0,0,0,1,0,1,0,0,0,No,0,2,0,0,0,0,MELB_URBAN,MELB_URBAN,WYNDHAM,METROPOLITAN NORTH WEST REGION,,,Local Road,Local Road,Undivided,Undiv,Metro
3402316,T20130014921,ABS to receive accident,Finished,3/7/2013,17.45.00,No,Collision with vehicle,Wednesday,RIGHT FAR (INTERSECTIONS ONLY),No,Dark Street lights on,Yes,T intersection,Other injury accident,60 km/hr,No,38551,144.83289,-37.79621,Intersection,BRIMBANK,METROPOLITAN NORTH WEST REGION,2485282.754,2411630.002,2,1,0,0,1,1,2,0,0,0,1,0,0,1,0,0,0,0,0,0,No,0,2,0,1,1,0,MELB_URBAN,MELB_URBAN,BRIMBANK,METROPOLITAN NORTH WEST REGION,,,Arterial Other,"Arterial Other,Local Road",Undivided,Undiv,Metro
3402317,T20130014923,ABS to receive accident,Finished,19/7/2013,14.31.00,No,Collision with vehicle,Friday,CROSS TRAFFIC(INTERSECTIONS ONLY),No,Day,Yes,Cross intersection,Other injury accident,60 km/hr,No,52768,143.86191,-37.53967,Intersection,BALLARAT,WESTERN REGION,2399430.266,2439513.09,2,2,0,0,2,0,2,0,0,0,2,0,0,0,0,0,0,0,0,1,No,0,2,0,2,0,0,LARGE_PROVINCIAL_CITIES,LARGE_PROVINCIAL_CITIES,BALLARAT,WESTERN REGION,,,Local Road,Local Road,Undivided,Undiv,Country
3402318,T20130014927,ABS to receive accident,Finished,19/7/2013,09.10.00,No,Collision with a fixed object,Friday,LEFT OFF CARRIAGEWAY INTO OBJECT/PARKED VEHICLE,No,Day,Yes,Not at intersection,Other injury accident,110 km/hr,Yes,262132,141.70294,-35.16905,Non-Intersection,MILDURA,WESTERN REGION,2199591.489,2697964.274,1,1,0,0,1,0,0,1,0,0,1,0,0,0,0,0,0,0,0,0,No,0,1,0,1,0,0,RURAL_VICTORIA,RURAL_VICTORIA,MILDURA,WESTERN REGION,B,B,Arterial Highway,Arterial Highway,Undivided,Undiv,Country
3402319,T20130014928,ABS to receive accident,Finished,19/7/2013,15.15.00,No,Collision with vehicle,Friday,RIGHT THROUGH,No,Day,Yes,T intersection,Other injury accident,60 km/hr,No,40053,144.96458,-37.85569,Intersection,PORT PHILLIP,METROPOLITAN NORTH WEST REGION,2496883.236,2405041.219,3,1,0,0,1,2,1,2,0,1,2,0,0,0,0,0,0,0,0,0,No,0,2,0,2,0,0,MELB_URBAN,MELB_URBAN,PORT PHILLIP,METROPOLITAN NORTH WEST REGION,,,Arterial Other,"Arterial Other,Local Road",Divided,"Div,Undiv",Metro
3402320,T20130014929,ABS to receive accident,Finished,19/7/2013,11.07.00,No,Collision with vehicle,Friday,HEAD ON (NOT OVERTAKING),No,Day,Yes,Not at intersection,Fatal accident,60 km/hr,No,129334,144.77653,-37.84656,Non-Intersection,HOBSONS BAY,METROPOLITAN NORTH WEST REGION,2480332.286,2406031.361,5,2,1,1,0,3,5,0,0,3,2,0,0,0,0,0,0,0,0,0,No,0,2,0,1,0,1,MELB_URBAN,MELB_URBAN,"WYNDHAM,HOBSONS BAY",METROPOLITAN NORTH WEST REGION,,,Arterial Other,Arterial Other,Undivided,Undiv,Metro
3402321,T20130014930,ABS to receive accident,Finished,18/7/2013,17.45.00,No,Collision with vehicle,Thursday,RIGHT THROUGH,No,Dusk/Dawn,No,T intersection,Other injury accident,60 km/hr,No,45390,144.92088,-37.77224,Intersection,MOONEE VALLEY,METROPOLITAN NORTH WEST REGION,2493029.745,2414300.601,2,1,0,0,1,1,1,1,0,0,2,0,0,0,0,0,0,0,0,0,No,0,2,0,2,0,0,MELB_URBAN,MELB_URBAN,MOONEE VALLEY,METROPOLITAN NORTH WEST REGION,,,Arterial Other,"Arterial Other,Local Road",Undivided,Undiv,Metro
3402322,T20130014933,ABS to receive accident,Finished,19/7/2013,16.15.00,Yes,Collision with vehicle,Friday,LANE CHANGE RIGHT (NOT OVERTAKING),No,Day,Yes,T intersection,Other injury accident,70 km/hr,No,261962,143.82192,-37.54075,Intersection,BALLARAT,WESTERN REGION,2395898.346,2439349.86,4,2,0,0,2,2,0,4,0,2,2,0,0,0,0,0,0,0,0,0,No,0,2,0,2,0,0,LARGE_PROVINCIAL_CITIES,LARGE_PROVINCIAL_CITIES,BALLARAT,WESTERN REGION,C,C,Arterial Other,"Arterial Other,Local Road",Divided,"Div,Undiv",Country
3402323,T20130014935,ABS to receive accident,Finished,19/7/2013,16.20.00,Yes,Collision with vehicle,Friday,RIGHT NEAR (INTERSECTIONS ONLY),No,Day,Yes,T intersection,Other injury accident,70 km/hr,No,261993,144.68721,-37.85381,Intersection,WYNDHAM,METROPOLITAN NORTH WEST REGION,2472473.46,2405204.459,4,1,0,0,1,3,1,3,0,2,2,0,0,0,0,0,0,0,0,0,No,0,2,0,2,0,0,MELB_URBAN,MELB_URBAN,WYNDHAM,METROPOLITAN NORTH WEST REGION,C,C,Arterial Other,"Arterial Other,Local Road",Divided,"Div,Undiv",Metro
3402324,T20130014937,ABS to receive accident,Finished,18/7/2013,06.40.00,No,Collision with vehicle,Thursday,REAR END(VEHICLES IN SAME LANE),No,Dusk/Dawn,No,Not at intersection,Other injury accident,100 km/hr,No,263918,145.12684,-37.89257,Non-Intersection,MONASH,METROPOLITAN SOUTH EAST REGION,2511156.515,2400940.526,3,1,0,0,1,2,1,1,0,0,2,0,0,0,1,0,0,0,0,0,No,0,3,0,2,0,0,MELB_URBAN,MELB_URBAN,MONASH,METROPOLITAN SOUTH EAST REGION,M,M,Freeway,Freeway,Divided,Div,Metro
3402325,T20130014944,ABS to receive accident,Finished,19/7/2013,16.45.00,Yes,Collision with vehicle,Friday,RIGHT TURN SIDESWIPE,No,Day,Yes,T intersection,Other injury accident,60 km/hr,No,40065,144.97528,-37.86635,Intersection,PORT PHILLIP,METROPOLITAN NORTH WEST REGION,2497824.93,2403858.135,2,1,0,0,1,1,1,1,0,0,2,0,0,0,0,0,0,0,0,0,No,0,2,0,1,0,1,MELB_URBAN,MELB_URBAN,PORT PHILLIP,METROPOLITAN NORTH WEST REGION,,,,,,,Metro
3402326,T20130014945,ABS to receive accident,Finished,19/7/2013,17.46.00,Yes,Collision with vehicle,Friday,REAR END(VEHICLES IN SAME LANE),No,Dark Street lights on,Yes,Not at intersection,Other injury accident,100 km/hr,No,261963,144.85675,-37.73018,Non-Intersection,BRIMBANK,METROPOLITAN NORTH WEST REGION,2487373.084,2418961.815,6,1,0,0,1,5,3,3,0,3,3,0,0,0,0,0,0,0,0,1,No,0,3,1,2,0,0,MELB_URBAN,MELB_URBAN,BRIMBANK,METROPOLITAN NORTH WEST REGION,M,M,Freeway,Freeway,Divided,Div,Metro
3402327,T20130014947,ABS to receive accident,Finished,19/7/2013,17.15.00,Yes,Vehicle overturned (no collision),Friday,OFF CARRIAGEWAY TO LEFT,No,Dark No street lights,Yes,Not at intersection,Other injury accident,80 km/hr,Yes,263587,146.24017,-36.33847,Non-Intersection,WANGARATTA,NORTH EASTERN REGION,2611325.585,2572676.373,2,1,0,0,1,1,1,1,0,1,1,0,0,0,0,0,0,0,0,1,No,0,1,0,1,0,0,RURAL_VICTORIA,RURAL_VICTORIA,WANGARATTA,NORTH EASTERN REGION,,,Local Road,Local Road,Undivided,Undiv,Country
3402328,T20130014949,ABS to receive accident,Finished,19/7/2013,18.40.00,Yes,Collision with vehicle,Friday,CROSS TRAFFIC(INTERSECTIONS ONLY),No,Dark No street lights,Yes,Cross intersection,Other injury accident,50 km/hr,No,44742,145.10189,-37.71319,Intersection,BANYULE,METROPOLITAN NORTH WEST REGION,2508983.539,2420852.609,2,1,0,0,1,1,2,0,1,0,1,0,0,0,0,0,0,0,0,1,No,0,2,0,1,0,0,MELB_URBAN,MELB_URBAN,BANYULE,METROPOLITAN NORTH WEST REGION,,,Local Road,Local Road,Undivided,Undiv,Metro
3402329,T20130014950,ABS to receive accident,Finished,10/7/2013,16.15.00,No,Collision with vehicle,Wednesday,REAR END(VEHICLES IN SAME LANE),No,Day,No,Cross intersection,Other injury accident,70 km/hr,No,29816,144.82871,-37.77715,Intersection,BRIMBANK,METROPOLITAN NORTH WEST REGION,2484910.334,2413745.386,2,1,0,0,1,1,2,0,0,0,1,0,0,1,0,0,0,0,0,0,No,1,2,0,1,1,0,MELB_URBAN,MELB_URBAN,BRIMBANK,METROPOLITAN NORTH WEST REGION,,,Arterial Other,Arterial Other,Divided,"Div,Undiv",Metro
3402330,T20130014953,ABS to receive accident,Finished,19/7/2013,17.30.00,Yes,Collision with vehicle,Friday,REAR END(VEHICLES IN SAME LANE),No,Dark Street lights on,Yes,Not at intersection,Other injury accident,Not known,No,261994,145.06708,-37.76575,Non-Intersection,BANYULE,METROPOLITAN NORTH WEST REGION,2505910.242,2415021.631,2,1,0,0,1,1,1,1,0,0,2,0,0,0,0,0,0,0,0,1,No,0,2,0,2,0,0,MELB_URBAN,MELB_URBAN,BANYULE,METROPOLITAN NORTH WEST REGION,,,Arterial Other,Arterial Other,Undivided,Undiv,Metro
3402331,T20130014955,ABS to receive accident,Finished,19/7/2013,19.24.00,Yes,Collision with vehicle,Friday,RIGHT/RIGHT BOTH VEHs FROM OPPOSITE DIRECTIONS TURNING RIGHT,No,Dark Street lights on,Yes,Cross intersection,Other injury accident,40 km/hr,No,36510,144.97945,-37.80598,Intersection,YARRA,METROPOLITAN NORTH WEST REGION,2498190.026,2410558.305,2,1,0,0,1,1,0,2,1,0,1,0,0,0,0,0,0,0,0,0,No,0,2,0,1,0,0,MELB_URBAN,MELB_URBAN,YARRA,METROPOLITAN NORTH WEST REGION,,,Local Road,Local Road,Undivided,Undiv,Metro
3402332,T20130014958,ABS to receive accident,Finished,19/7/2013,15.23.00,No,Collision with vehicle,Thursday,RIGHT THROUGH,No,Day,Yes,Multiple intersection,Serious injury accident,60 km/hr,No,605,145.05892,-37.86004,Intersection,STONNINGTON,METROPOLITAN SOUTH EAST REGION,2505184.532,2404557.372,2,1,0,1,0,1,2,0,0,0,2,0,0,0,0,0,0,0,0,0,No,0,2,0,2,0,0,MELB_URBAN,MELB_URBAN,STONNINGTON,METROPOLITAN SOUTH EAST REGION,M,M,Freeway,"Freeway,Arterial Other",Divided,"Div,Undiv",Metro
3402333,T20130014959,ABS to receive accident,Finished,19/7/2013,19.30.00,Yes,Collision with vehicle,Thursday,REAR END(VEHICLES IN SAME LANE),No,Dark Street lights on,Yes,Cross intersection,Serious injury accident,60 km/hr,No,304384,144.78198,-37.72784,Non-Intersection,BRIMBANK,METROPOLITAN NORTH WEST REGION,2480781.488,2419209.141,3,1,0,1,0,2,3,0,0,0,3,0,0,0,0,0,0,0,0,0,No,0,3,0,3,0,0,MELB_URBAN,MELB_URBAN,BRIMBANK,METROPOLITAN NORTH WEST REGION,,,Arterial Other,Arterial Other,Divided,Div,Metro
3402334,T20130014960,ABS to receive accident,Finished,18/7/2013,16.00.00,No,Collision with vehicle,Thursday,RIGHT NEAR (INTERSECTIONS ONLY),No,Day,No,T intersection,Other injury accident,60 km/hr,No,45055,144.83042,-37.76799,Intersection,BRIMBANK,METROPOLITAN NORTH WEST REGION,2485059.131,2414761.555,2,1,0,0,1,1,2,0,0,0,2,0,0,0,0,0,0,0,0,0,No,0,2,0,2,0,0,MELB_URBAN,MELB_URBAN,BRIMBANK,METROPOLITAN NORTH WEST REGION,,,Arterial Other,"Arterial Other,Local Road",Undivided,Undiv,Metro
3402335,T20130014962,ABS to receive accident,Finished,19/7/2013,20.00.00,Yes,Collision with vehicle,Friday,RIGHT NEAR (INTERSECTIONS ONLY),No,Dark Street lights on,Yes,T intersection,Other injury accident,60 km/hr,No,38129,145.04071,-37.77274,Intersection,BANYULE,METROPOLITAN NORTH WEST REGION,2503586.514,2414247.181,3,2,0,0,2,1,2,1,0,1,2,0,0,0,0,0,0,0,0,1,No,0,2,0,2,0,0,MELB_URBAN,MELB_URBAN,BANYULE,METROPOLITAN NORTH WEST REGION,,,Arterial Other,Arterial Other,Undivided,Undiv,Metro
3402336,T20130014963,ABS to receive accident,Finished,19/7/2013,18.20.00,Yes,Struck Pedestrian,Friday,FAR SIDE. PED HIT BY VEHICLE FROM THE LEFT,No,Dark No street lights,Yes,Not at intersection,Serious injury accident,50 km/hr,No,262091,145.03368,-37.82389,Non-Intersection,BOROONDARA,METROPOLITAN SOUTH EAST REGION,2502965.051,2408570.065,2,1,0,1,0,1,1,1,0,0,1,1,0,0,0,0,0,1,0,1,No,0,1,0,1,0,0,MELB_URBAN,MELB_URBAN,BOROONDARA,METROPOLITAN SOUTH EAST REGION,,,Local Road,Local Road,Undivided,Undiv,Metro
3402337,T20130014964,ABS to receive accident,Finished,19/7/2013,17.45.00,Yes,Collision with vehicle,Friday,REAR END(VEHICLES IN SAME LANE),Yes,Dark No street lights,Yes,Not at intersection,Serious injury accident,50 km/hr,No,264418,143.84691,-37.57693,Non-Intersection,BALLARAT,WESTERN REGION,2398155.361,2435362.498,2,1,0,1,0,1,1,0,1,0,1,0,0,0,0,0,0,0,0,0,Yes,0,2,0,1,0,0,LARGE_PROVINCIAL_CITIES,LARGE_PROVINCIAL_CITIES,BALLARAT,WESTERN REGION,,,Local Road,Local Road,Undivided,Undiv,Country
3402338,T20130014966,ABS to receive accident,Finished,19/7/2013,19.15.00,Yes,Collision with vehicle,Friday,CROSS TRAFFIC(INTERSECTIONS ONLY),Yes,Dark Street lights on,Yes,Cross intersection,Other injury accident,60 km/hr,No,47974,144.92827,-37.63057,Intersection,HUME,METROPOLITAN NORTH WEST REGION,2493668.632,2430024.192,2,1,0,0,1,1,2,0,0,0,1,0,0,1,0,0,0,0,0,1,No,0,2,0,1,1,0,MELB_URBAN,MELB_URBAN,HUME,METROPOLITAN NORTH WEST REGION,,,Local Road,Local Road,Divided,"Div,Undiv",Metro
3402339,T20130014967,ABS to receive accident,Finished,19/7/2013,16.20.00,Yes,Collision with vehicle,Friday,REAR END(VEHICLES IN SAME LANE),No,Day,Yes,T intersection,Other injury accident,60 km/hr,No,71988,144.34132,-38.14607,Intersection,GEELONG,SOUTH WESTERN REGION,2442258.985,2372610.762,2,1,0,0,1,1,1,1,0,0,2,0,0,0,0,0,0,0,0,1,No,0,2,0,2,0,0,LARGE_PROVINCIAL_CITIES,LARGE_PROVINCIAL_CITIES,GEELONG,SOUTH WESTERN REGION,B,B,Arterial Highway,"Arterial Highway,Local Road",Undivided,Undiv,Country
3402340,T20130014968,ABS to receive accident,Finished,19/7/2013,19.30.00,Yes,Collision with vehicle,Friday,REAR END(VEHICLES IN SAME LANE),No,Dark Street lights on,No,Not at intersection,Other injury accident,70 km/hr,No,262052,144.77797,-37.75094,Non-Intersection,BRIMBANK,METROPOLITAN NORTH WEST REGION,2480434.112,2416644.613,2,1,0,0,1,1,2,0,0,0,2,0,0,0,0,0,0,0,0,0,No,0,2,0,2,0,0,MELB_URBAN,MELB_URBAN,BRIMBANK,METROPOLITAN NORTH WEST REGION,,,Arterial Other,Arterial Other,Divided,Div,Metro
3402341,T20130014969,ABS to receive accident,Finished,19/7/2013,19.20.00,Yes,Struck Pedestrian,Friday,FAR SIDE. PED HIT BY VEHICLE FROM THE LEFT,No,Dark Street lights on,Yes,Cross intersection,Other injury accident,40 km/hr,No,29780,145.00401,-37.73797,Intersection,DAREBIN,METROPOLITAN NORTH WEST REGION,2500353.05,2418106.77,2,1,0,0,1,1,2,0,0,0,1,1,0,0,0,0,0,0,0,0,No,0,1,0,1,0,0,MELB_URBAN,MELB_URBAN,DAREBIN,METROPOLITAN NORTH WEST REGION,,,Arterial Other,"Arterial Other,Local Road",Undivided,Undiv,Metro
3402342,T20130014971,ABS to receive accident,Finished,19/7/2013,20.15.00,Yes,Collision with a fixed object,Friday,OFF RIGHT BEND INTO OBJECT/PARKED VEHICLE,No,Dark Street lights on,Yes,Not at intersection,Serious injury accident,50 km/hr,Yes,271135,147.02646,-36.25147,Non-Intersection,INDIGO,NORTH EASTERN REGION,2682105.426,2581116.507,4,4,0,2,2,0,0,4,0,3,1,0,0,0,0,0,0,0,0,0,No,0,1,0,1,0,0,SMALL_TOWNS,SMALL_TOWNS,INDIGO,NORTH EASTERN REGION,C,C,Arterial Other,Arterial Other,Undivided,Undiv,Country
3402343,T20130014976,ABS to receive accident,Finished,19/7/2013,19.30.00,Yes,Collision with a fixed object,Friday,RIGHT OFF CARRIAGEWAY INTO OBJECT/PARKED VEHICLE,No,Dark No street lights,Yes,Not at intersection,Other injury accident,110 km/hr,Yes,265036,142.84726,-35.4772,Non-Intersection,BULOKE,NORTHERN REGION,2304605.422,2666759.958,1,1,0,0,1,0,1,0,0,0,1,0,0,0,0,0,0,0,0,0,No,0,1,1,0,0,0,RURAL_VICTORIA,RURAL_VICTORIA,BULOKE,NORTHERN REGION,A,A,Arterial Highway,Arterial Highway,Undivided,Undiv,Country
3402344,T20130014978,ABS to receive accident,Finished,19/7/2013,23.15.00,Yes,Collision with vehicle,Friday,REAR END(VEHICLES IN SAME LANE),No,Dark Street lights on,Yes,Cross intersection,Serious injury accident,50 km/hr,No,55878,143.85632,-37.56162,Intersection,BALLARAT,WESTERN REGION,2398965.897,2437071.056,2,2,0,1,1,0,2,0,0,0,1,0,0,1,0,0,0,0,0,1,Yes,0,2,0,1,1,0,LARGE_PROVINCIAL_CITIES,LARGE_PROVINCIAL_CITIES,BALLARAT,WESTERN REGION,,,Local Road,Local Road,Divided,"Div,Undiv",Country
3402345,T20130014982,ABS to receive accident,Finished,18/7/2013,07.40.00,No,Collision with vehicle,Thursday,LANE CHANGE LEFT (NOT OVERTAKING),No,Day,Yes,Not at intersection,Other injury accident,80 km/hr,No,261961,145.05789,-37.68611,Non-Intersection,WHITTLESEA,METROPOLITAN NORTH WEST REGION,2505105.806,2423860.917,2,1,0,0,1,1,2,0,0,0,2,0,0,0,0,0,0,0,0,0,No,0,2,1,1,0,0,MELB_URBAN,MELB_URBAN,WHITTLESEA,METROPOLITAN NORTH WEST REGION,M,M,Freeway,Freeway,Divided,Div,Metro
3402346,T20130014983,ABS to receive accident,Finished,19/7/2013,12.25.00,No,Collision with vehicle,Thursday,RIGHT THROUGH,No,Day,Yes,T intersection,Other injury accident,70 km/hr,No,37878,144.99047,-37.77206,Intersection,DAREBIN,METROPOLITAN NORTH WEST REGION,2499160.441,2414322.905,3,2,0,0,2,1,2,1,0,1,2,0,0,0,0,0,0,0,0,1,No,0,2,0,2,0,0,MELB_URBAN,MELB_URBAN,DAREBIN,METROPOLITAN NORTH WEST REGION,,,Arterial Highway,"Arterial Highway,Local Road",Divided,"Div,Undiv",Metro
3402347,T20130014985,ABS to receive accident,Finished,20/7/2013,06.18.00,Yes,Vehicle overturned (no collision),Saturday,OFF CARRIAGEWAY TO RIGHT,No,Dark Street lights on,Yes,Not at intersection,Serious injury accident,60 km/hr,Yes,121264,144.96811,-37.79392,Non-Intersection,MELBOURNE,METROPOLITAN NORTH WEST REGION,2497191.176,2411896.834,1,1,0,1,0,0,1,0,0,0,1,0,0,0,0,0,0,0,0,0,Yes,1,1,0,1,0,0,MELB_URBAN,MELB_URBAN,MELBOURNE,METROPOLITAN NORTH WEST REGION,,,Local Road,Local Road,Undivided,Undiv,Metro
3402348,T20130014993,ABS to receive accident,Finished,20/7/2013,08.27.00,No,Collision with a fixed object,Friday,RIGHT OFF CARRIAGEWAY INTO OBJECT/PARKED VEHICLE,Yes,Dusk/Dawn,Yes,Not at intersection,Other injury accident,100 km/hr,Yes,293815,144.13122,-38.259,Non-Intersection,SURF COAST,SOUTH WESTERN REGION,2423955.959,2359927.604,1,1,0,0,1,0,1,0,0,0,1,0,0,0,0,0,0,0,0,0,No,1,1,0,1,0,0,RURAL_VICTORIA,RURAL_VICTORIA,SURF COAST,SOUTH WESTERN REGION,,,Local Road,Local Road,Undivided,Undiv,Country
3402349,T20130014994,ABS to receive accident,Finished,20/7/2013,11.21.00,No,Collision with vehicle,Saturday,RIGHT REAR.,No,Day,Yes,T intersection,Other injury accident,60 km/hr,No,40642,145.11228,-37.83228,Intersection,WHITEHORSE,METROPOLITAN SOUTH EAST REGION,2509884.192,2407633.91,6,2,0,0,2,4,2,4,0,4,2,0,0,0,0,0,0,0,1,0,No,0,2,0,2,0,0,MELB_URBAN,MELB_URBAN,WHITEHORSE,METROPOLITAN SOUTH EAST REGION,,,Arterial Other,"Arterial Other,Local Road",Undivided,Undiv,Metro
3402350,T20130014995,ABS to receive accident,Finished,20/7/2013,10.35.00,No,Collision with vehicle,Saturday,REAR END(VEHICLES IN SAME LANE),No,Day,Yes,T intersection,Other injury accident,60 km/hr,No,70469,145.04555,-37.97892,Intersection,BAYSIDE,METROPOLITAN SOUTH EAST REGION,2504002.106,2391362.754,2,1,0,0,1,1,1,1,0,0,2,0,0,0,0,0,0,0,0,0,No,0,2,0,2,0,0,MELB_URBAN,MELB_URBAN,BAYSIDE,METROPOLITAN SOUTH EAST REGION,,,Arterial Other,"Arterial Other,Local Road",Undivided,Undiv,Metro
3402351,T20130014996,ABS to receive accident,Finished,20/7/2013,11.15.00,No,Collision with vehicle,Saturday,RIGHT THROUGH,No,Day,Yes,T intersection,Other injury accident,60 km/hr,No,38433,145.29657,-37.77158,Intersection,MAROONDAH,METROPOLITAN SOUTH EAST REGION,2526127.011,2414336.068,3,1,0,0,1,2,3,0,0,1,2,0,0,0,0,0,0,0,0,0,No,0,2,0,2,0,0,MELB_URBAN,MELB_URBAN,MAROONDAH,METROPOLITAN SOUTH EAST REGION,,,Local Road,Local Road,Undivided,Undiv,Metro
3402352,T20130014999,ABS to receive accident,Finished,19/7/2013,18.15.00,Yes,Collision with vehicle,Friday,RIGHT NEAR (INTERSECTIONS ONLY),No,Dark Street lights on,Yes,T intersection,Other injury accident,70 km/hr,No,48985,144.90916,-37.63811,Intersection,HUME,METROPOLITAN NORTH WEST REGION,2491982.812,2429186.109,3,1,0,0,1,2,3,0,0,1,2,0,0,0,0,0,0,0,0,0,No,0,2,0,2,0,0,MELB_URBAN,"RURAL_VICTORIA,MELB_URBAN",HUME,METROPOLITAN NORTH WEST REGION,,,Arterial Other,"Arterial Other,Local Road",Divided,"Div,Undiv",Metro
3402353,T20130015000,ABS to receive accident,Finished,20/7/2013,12.20.00,No,Collision with vehicle,Saturday,HEAD ON (NOT OVERTAKING),No,Day,Yes,Not at intersection,Serious injury accident,80 km/hr,No,262595,144.28035,-37.54847,Non-Intersection,MOORABOOL,WESTERN REGION,2436413.356,2438897.278,2,1,0,1,0,1,2,0,0,0,1,0,0,1,0,0,0,0,0,1,No,0,2,0,1,1,0,SMALL_TOWNS,SMALL_TOWNS,MOORABOOL,WESTERN REGION,,,Local Road,Local Road,Undivided,Undiv,Country
3402354,T20130015001,ABS to receive accident,Finished,20/7/2013,12.22.00,No,Collision with vehicle,Saturday,CROSS TRAFFIC(INTERSECTIONS ONLY),No,Day,Yes,Cross intersection,Other injury accident,50 km/hr,No,61985,144.94235,-37.70014,Intersection,MORELAND,METROPOLITAN NORTH WEST REGION,2494916.146,2422303.489,3,1,0,0,1,2,2,1,0,1,2,0,0,0,0,0,0,0,0,1,No,0,2,0,2,0,0,MELB_URBAN,MELB_URBAN,MORELAND,METROPOLITAN NORTH WEST REGION,,,Local Road,Local Road,Undivided,Undiv,Metro
3402355,T20130015002,ABS to receive accident,Finished,20/7/2013,12.00.00,No,Collision with vehicle,Saturday,REAR END(VEHICLES IN SAME LANE),No,Unk.,No,Not at intersection,Other injury accident,60 km/hr,No,263988,144.33557,-38.14472,Non-Intersection,GEELONG,SOUTH WESTERN REGION,2441754.482,2372756.905,2,1,0,0,1,1,1,1,0,0,2,0,0,0,0,0,0,0,0,1,No,0,2,0,2,0,0,LARGE_PROVINCIAL_CITIES,LARGE_PROVINCIAL_CITIES,GEELONG,SOUTH WESTERN REGION,C,C,Arterial Other,Arterial Other,Undivided,Undiv,Country
3402356,T20130015003,ABS to receive accident,Finished,20/7/2013,11.55.00,No,Collision with vehicle,Saturday,LEFT NEAR (INTERSECTIONS ONLY),No,Day,Yes,T intersection,Other injury accident,60 km/hr,No,52215,146.55218,-38.19431,Intersection,LATROBE,EASTERN REGION,2635974.355,2366346.98,6,1,0,0,1,5,2,1,0,4,2,0,0,0,0,0,0,0,0,1,No,0,2,0,2,0,0,SMALL_CITIES,SMALL_CITIES,LATROBE,"EASTERN REGION,EASTERN REGION",,,Local Road,Local Road,Undivided,Undiv,Country