OBJECTID,ACCIDENT_NO,ABS_CODE,ACCIDENT_STATUS,ACCIDENT_DATE,ACCIDENT_TIME,ALCOHOLTIME,ACCIDENT_TYPE,DAY_OF_WEEK,DCA_CODE,HIT_RUN_FLAG,LIGHT_CONDITION,POLICE_ATTEND,ROAD_GEOMETRY,SEVERITY,SPEED_ZONE,RUN_OFFROAD,NODE_ID,LONGITUDE,LATITUDE,NODE_TYPE,LGA_NAME,REGION_NAME,VICGRID_X,VICGRID_Y,TOTAL_PERSONS,INJ_OR_FATAL,FATALITY,SERIOUSINJURY,OTHERINJURY,NONINJURED,MALES,FEMALES,BICYCLIST,PASSENGER,DRIVER,PEDESTRIAN,PILLION,MOTORIST,UNKNOWN,PED_CYCLIST_5_12,PED_CYCLIST_13_18,OLD_PEDESTRIAN,OLD_DRIVER,YOUNG_DRIVER,ALCOHOL_RELATED,UNLICENCSED,NO_OF_VEHICLES,HEAVYVEHICLE,PASSENGERVEHICLE,MOTORCYCLE,PUBLICVEHICLE,DEG_URBAN_NAME,DEG_URBAN_ALL,LGA_NAME_ALL,REGION_NAME_ALL,SRNS,SRNS_ALL,RMA,RMA_ALL,DIVIDED,DIVIDED_ALL,STAT_DIV_NAME
3402357,T20130015004,ABS to receive accident,Finished,20/7/2013,13.30.00,No,Collision with a fixed object,Saturday,RIGHT OFF CARRIAGEWAY INTO OBJECT/PARKED VEHICLE,No,Day,Yes,Not at intersection,Serious injury accident,100 km/hr,Yes,263718,144.95516,-37.32221,Non-Intersection,MITCHELL,NORTHERN REGION,2496026.436,2464245.359,1,1,0,1,0,0,1,0,0,0,1,0,0,0,0,0,0,0,1,0,No,0,1,0,1,0,0,RURAL_VICTORIA,RURAL_VICTORIA,MITCHELL,NORTHERN REGION,B,B,Arterial Highway,Arterial Highway,Undivided,Undiv,Country
3402358,T20130015005,ABS to receive accident,Finished,20/7/2013,13.55.00,No,Collision with vehicle,Saturday,CROSS TRAFFIC(INTERSECTIONS ONLY),No,Day,Yes,Cross intersection,Other injury accident,70 km/hr,No,29772,144.99907,-37.73992,Intersection,DAREBIN,METROPOLITAN NORTH WEST REGION,2499918.439,2417890.138,4,1,0,0,1,3,2,2,0,1,3,0,0,0,0,0,0,0,1,0,No,0,3,0,3,0,0,MELB_URBAN,MELB_URBAN,DAREBIN,METROPOLITAN NORTH WEST REGION,,,Arterial Other,"Arterial Other,Local Road",Divided,"Div,Undiv",Metro
3402359,T20130015006,ABS to receive accident,Finished,19/7/2013,16.05.00,Yes,Collision with vehicle,Friday,REAR END(VEHICLES IN SAME LANE),No,Day,Yes,Not at intersection,Other injury accident,60 km/hr,No,262202,143.82022,-37.54972,Non-Intersection,BALLARAT,WESTERN REGION,2395760.271,2438352.967,7,1,0,0,1,6,5,2,0,4,3,0,0,0,0,0,0,0,0,0,No,0,3,0,3,0,0,LARGE_PROVINCIAL_CITIES,LARGE_PROVINCIAL_CITIES,BALLARAT,WESTERN REGION,C,C,Arterial Other,Arterial Other,Divided,Div,Country
3402360,T20130015010,ABS to receive accident,Finished,20/7/2013,12.00.00,No,Struck Pedestrian,Saturday,FAR SIDE. PED HIT BY VEHICLE FROM THE LEFT,No,Day,Yes,Not at intersection,Serious injury accident,60 km/hr,No,262873,145.15364,-37.95002,Non-Intersection,DANDENONG,METROPOLITAN SOUTH EAST REGION,2513503.469,2394560.778,2,1,0,1,0,1,0,2,0,0,1,1,0,0,0,0,0,0,0,0,No,0,1,0,1,0,0,MELB_URBAN,MELB_URBAN,DANDENONG,METROPOLITAN SOUTH EAST REGION,,,Local Road,Local Road,Undivided,Undiv,Metro
3402361,T20130015011,ABS to receive accident,Finished,20/7/2013,15.35.00,Yes,Collision with a fixed object,Saturday,RIGHT OFF CARRIAGEWAY INTO OBJECT/PARKED VEHICLE,No,Day,Yes,Not at intersection,Serious injury accident,70 km/hr,Yes,261996,144.93322,-37.80403,Non-Intersection,MELBOURNE,METROPOLITAN NORTH WEST REGION,2494119.457,2410773.566,2,2,0,1,1,0,1,1,0,1,1,0,0,0,0,0,0,0,0,0,Yes,1,1,0,1,0,0,MELB_URBAN,MELB_URBAN,MELBOURNE,METROPOLITAN NORTH WEST REGION,,,Arterial Other,Arterial Other,Divided,Div,Metro
3402362,T20130015013,ABS to receive accident,Finished,20/7/2013,15.45.00,Yes,Struck Pedestrian,Saturday,FAR SIDE. PED HIT BY VEHICLE FROM THE LEFT,No,Day,Yes,Not at intersection,Serious injury accident,50 km/hr,No,262093,144.92196,-37.65284,Non-Intersection,HUME,METROPOLITAN NORTH WEST REGION,2493113.762,2427551.731,2,1,0,1,0,1,2,0,0,0,1,1,0,0,0,1,0,0,0,0,No,0,1,0,1,0,0,MELB_URBAN,MELB_URBAN,HUME,METROPOLITAN NORTH WEST REGION,,,Local Road,Local Road,Undivided,Undiv,Metro
3402363,T20130015014,ABS to receive accident,Finished,20/7/2013,14.56.00,Yes,Collision with vehicle,Saturday,REAR END(VEHICLES IN SAME LANE),No,Day,Yes,Cross intersection,Other injury accident,60 km/hr,No,40424,145.05132,-37.85939,Intersection,STONNINGTON,METROPOLITAN SOUTH EAST REGION,2504516.397,2404629.781,5,2,0,0,2,3,2,1,0,2,3,0,0,0,0,0,0,0,0,1,No,0,3,0,3,0,0,MELB_URBAN,MELB_URBAN,STONNINGTON,METROPOLITAN SOUTH EAST REGION,,,Arterial Other,Arterial Other,Undivided,Undiv,Metro
3402364,T20130015015,ABS to receive accident,Finished,19/7/2013,18.45.00,Yes,Vehicle overturned (no collision),Friday,OUT OF CONTROL ON CARRIAGEWAY (ON STRAIGHT),No,Dark Street lights on,No,T intersection,Other injury accident,60 km/hr,No,48465,145.03707,-37.82909,Intersection,BOROONDARA,METROPOLITAN SOUTH EAST REGION,2503263.516,2407993.746,1,1,0,0,1,0,1,0,0,0,0,0,0,1,0,0,0,0,0,0,No,0,1,0,0,1,0,MELB_URBAN,MELB_URBAN,BOROONDARA,METROPOLITAN SOUTH EAST REGION,,,Arterial Other,"Arterial Other,Local Road",Undivided,Undiv,Metro
3402365,T20130015016,ABS to receive accident,Finished,20/7/2013,15.00.00,Yes,Collision with vehicle,Saturday,RIGHT NEAR (INTERSECTIONS ONLY),No,Day,Yes,T intersection,Serious injury accident,80 km/hr,No,43979,145.03732,-38.26484,Intersection,MORNINGTON PENINSULA,METROPOLITAN SOUTH EAST REGION,2503266.499,2359625.615,3,3,0,2,1,0,2,1,0,1,2,0,0,0,0,0,0,0,2,0,No,0,2,0,2,0,0,RURAL_VICTORIA,RURAL_VICTORIA,MORNINGTON PENINSULA,METROPOLITAN SOUTH EAST REGION,B,B,Arterial Highway,"Arterial Highway,Local Road",Undivided,Undiv,Metro
3402366,T20130015018,ABS to receive accident,Finished,20/7/2013,15.10.00,Yes,Collision with a fixed object,Saturday,RIGHT OFF CARRIAGEWAY INTO OBJECT/PARKED VEHICLE,No,Day,Yes,Not at intersection,Other injury accident,70 km/hr,Yes,261965,145.29614,-38.08184,Non-Intersection,CASEY,METROPOLITAN SOUTH EAST REGION,2525982.6,2379899.618,1,1,0,0,1,0,1,0,0,0,1,0,0,0,0,0,0,0,0,0,No,0,1,0,1,0,0,MELB_URBAN,MELB_URBAN,CASEY,METROPOLITAN SOUTH EAST REGION,C,C,Arterial Other,Arterial Other,Divided,Div,Metro
3402367,T20130015019,ABS to receive accident,Finished,20/7/2013,16.40.00,Yes,Collision with vehicle,Saturday,U TURN,No,Dusk/Dawn,Yes,Not at intersection,Serious injury accident,80 km/hr,No,263435,145.10393,-37.57526,Non-Intersection,WHITTLESEA,METROPOLITAN NORTH WEST REGION,2509180.269,2436159.501,4,2,0,1,1,2,2,2,0,2,2,0,0,0,0,0,0,0,1,0,Yes,0,2,0,2,0,0,RURAL_VICTORIA,RURAL_VICTORIA,WHITTLESEA,METROPOLITAN NORTH WEST REGION,C,C,Arterial Other,Arterial Other,Undivided,Undiv,Metro
3402368,T20130015023,ABS to receive accident,Finished,20/7/2013,17.15.00,Yes,Collision with vehicle,Saturday,RIGHT THROUGH,No,Dusk/Dawn,Yes,T intersection,Other injury accident,60 km/hr,No,39326,145.12267,-37.82425,Intersection,WHITEHORSE,METROPOLITAN SOUTH EAST REGION,2510799.129,2408524.419,2,1,0,0,1,1,0,2,0,0,2,0,0,0,0,0,0,0,0,0,No,0,2,0,2,0,0,MELB_URBAN,MELB_URBAN,WHITEHORSE,METROPOLITAN SOUTH EAST REGION,,,Arterial Other,"Arterial Other,Local Road",Divided,"Div,Undiv",Metro
3402369,T20130015026,ABS to receive accident,Finished,20/7/2013,13.00.00,No,Collision with a fixed object,Saturday,RIGHT OFF CARRIAGEWAY INTO OBJECT/PARKED VEHICLE,No,Day,Yes,Not at intersection,Other injury accident,60 km/hr,Yes,261966,147.60589,-37.83199,Non-Intersection,EAST GIPPSLAND,EASTERN REGION,2729363.568,2404532.635,1,1,0,0,1,0,1,0,0,0,1,0,0,0,0,0,0,0,0,0,No,0,1,0,1,0,0,SMALL_CITIES,SMALL_CITIES,EAST GIPPSLAND,"EASTERN REGION,EASTERN REGION",,,Local Road,Local Road,Divided,Div,Country
3402370,T20130015027,ABS to receive accident,Finished,20/7/2013,18.20.00,Yes,Vehicle overturned (no collision),Saturday,OFF CARRIAGEWAY TO LEFT,No,Dark Street lights on,Yes,Not at intersection,Serious injury accident,50 km/hr,Yes,262094,144.27105,-36.71917,Non-Intersection,BENDIGO,NORTHERN REGION,2434886.678,2530911.454,1,1,0,1,0,0,1,0,0,0,0,0,0,1,0,0,0,0,0,0,Yes,1,1,0,0,1,0,LARGE_PROVINCIAL_CITIES,LARGE_PROVINCIAL_CITIES,BENDIGO,NORTHERN REGION,,,Local Road,Local Road,Undivided,Undiv,Country
3402371,T20130015029,ABS to receive accident,Finished,20/7/2013,18.40.00,Yes,Collision with a fixed object,Saturday,LEFT OFF CARRIAGEWAY INTO OBJECT/PARKED VEHICLE,No,Dark Street lights on,Yes,Cross intersection,Other injury accident,60 km/hr,Yes,17544,146.00461,-36.0177,Intersection,MOIRA,NORTH EASTERN REGION,2590557.12,2608514.825,2,1,0,0,1,1,1,1,0,1,1,0,0,0,0,0,0,0,0,0,No,0,1,0,1,0,0,TOWNS,TOWNS,MOIRA,NORTH EASTERN REGION,B,"B,C",Arterial Highway,"Arterial Highway,Local Road,Arterial Other",Divided,"Div,Undiv",Country
3402372,T20130015031,ABS to receive accident,Finished,20/7/2013,18.09.00,Yes,Struck Pedestrian,Saturday,FAR SIDE. PED HIT BY VEHICLE FROM THE LEFT,No,Dark Street lights on,Yes,Cross intersection,Other injury accident,50 km/hr,No,44540,145.51685,-37.65406,Intersection,YARRA RANGES,METROPOLITAN SOUTH EAST REGION,2545604.116,2427295.989,2,1,0,0,1,1,1,1,0,0,1,1,0,0,0,0,1,0,0,0,No,0,1,0,1,0,0,TOWNS,TOWNS,YARRA RANGES,METROPOLITAN SOUTH EAST REGION,B,B,Arterial Highway,"Arterial Highway,Local Road",Divided,"Div,Undiv",Metro
3402373,T20130015033,ABS to receive accident,Finished,20/7/2013,01.00.00,Yes,Struck Pedestrian,Saturday,PED NEAR SIDE. PED HIT BY VEHICLE FROM THE RIGHT.,No,Dark Street lights on,Yes,Cross intersection,Other injury accident,60 km/hr,No,46387,144.35263,-38.14741,Intersection,GEELONG,SOUTH WESTERN REGION,2443251.231,2372468.203,2,1,0,0,1,1,2,0,0,0,1,1,0,0,0,0,0,0,0,0,No,0,1,0,1,0,0,LARGE_PROVINCIAL_CITIES,LARGE_PROVINCIAL_CITIES,GEELONG,SOUTH WESTERN REGION,A,"A,B",Arterial Highway,Arterial Highway,Divided,"Div,Undiv",Country
3402374,T20130015036,ABS to receive accident,Finished,20/7/2013,21.05.00,Yes,Collision with vehicle,Saturday,RIGHT THROUGH,No,Dark Street lights on,Yes,T intersection,Serious injury accident,80 km/hr,No,43094,145.22403,-37.99983,Intersection,DANDENONG,METROPOLITAN SOUTH EAST REGION,2519676.919,2389019.399,2,1,0,1,0,1,2,0,0,0,2,0,0,0,0,0,0,0,0,2,No,0,2,0,2,0,0,MELB_URBAN,MELB_URBAN,DANDENONG,METROPOLITAN SOUTH EAST REGION,,,Arterial Highway,"Arterial Highway,Local Road",Divided,"Div,Undiv",Metro
3402375,T20130015039,ABS to receive accident,Finished,20/7/2013,19.48.00,Yes,Fall from or in moving vehicle,Saturday,FELL IN/FROM VEHICLE,No,Dark Street lights on,Yes,Not at intersection,Serious injury accident,60 km/hr,No,262155,144.77771,-37.88839,Non-Intersection,HOBSONS BAY,METROPOLITAN NORTH WEST REGION,2480446.854,2401389.394,2,1,0,1,0,1,1,1,0,1,1,0,0,0,0,0,0,0,0,0,No,0,1,0,1,0,0,MELB_URBAN,MELB_URBAN,HOBSONS BAY,METROPOLITAN NORTH WEST REGION,,,Local Road,Local Road,Undivided,Undiv,Metro
3402376,T20130015042,ABS to receive accident,Finished,21/7/2013,01.30.00,Yes,Collision with vehicle,Sunday,HEAD ON (NOT OVERTAKING),No,Dark No street lights,Yes,T intersection,Serious injury accident,100 km/hr,No,52294,146.4295,-38.29103,Intersection,LATROBE,EASTERN REGION,2625066.719,2355779.043,3,2,0,1,1,1,2,1,0,1,2,0,0,0,0,0,0,0,0,1,Yes,1,2,0,2,0,0,RURAL_VICTORIA,RURAL_VICTORIA,LATROBE,"EASTERN REGION,EASTERN REGION",C,C,Arterial Other,Arterial Other,Undivided,Undiv,Country
3402377,T20130015043,ABS to receive accident,Finished,21/7/2013,03.10.00,Yes,Collision with a fixed object,Sunday,LEFT OFF CARRIAGEWAY INTO OBJECT/PARKED VEHICLE,No,Dark Street lights on,Yes,Not at intersection,Serious injury accident,100 km/hr,Yes,262095,145.10072,-37.78606,Non-Intersection,BOROONDARA,METROPOLITAN SOUTH EAST REGION,2508871.811,2412765.025,2,2,0,1,1,0,2,0,0,1,1,0,0,0,0,0,0,0,0,0,No,0,1,0,1,0,0,MELB_URBAN,MELB_URBAN,BOROONDARA,METROPOLITAN SOUTH EAST REGION,M,M,Freeway,Freeway,Divided,Div,Metro
3402378,T20130015049,ABS to receive accident,Finished,21/7/2013,05.10.00,Yes,Collision with a fixed object,Sunday,RIGHT OFF CARRIAGEWAY INTO OBJECT/PARKED VEHICLE,No,Dark Street lights on,Yes,Cross intersection,Serious injury accident,80 km/hr,Yes,42976,145.19205,-37.96482,Intersection,DANDENONG,METROPOLITAN SOUTH EAST REGION,2516875.824,2392912.422,2,2,0,2,0,0,1,1,0,1,1,0,0,0,0,0,0,0,0,0,No,0,1,0,1,0,0,MELB_URBAN,MELB_URBAN,DANDENONG,METROPOLITAN SOUTH EAST REGION,,,Arterial Highway,"Arterial Highway,Local Road",Divided,"Div,Undiv",Metro
3402379,T20130015052,ABS to receive accident,Finished,20/7/2013,18.10.00,Yes,Collision with vehicle,Saturday,RIGHT THROUGH,No,Dark Street lights on,Yes,Cross intersection,Serious injury accident,60 km/hr,No,36813,144.94844,-37.82896,Intersection,PORT PHILLIP,METROPOLITAN NORTH WEST REGION,2495461.032,2408007.189,7,2,0,1,1,5,4,3,0,5,2,0,0,0,0,0,0,0,0,1,No,0,2,0,2,0,0,MELB_URBAN,MELB_URBAN,PORT PHILLIP,METROPOLITAN NORTH WEST REGION,,,Arterial Other,Arterial Other,Undivided,Undiv,Metro
3402380,T20130015053,ABS to receive accident,Finished,21/7/2013,08.55.00,Yes,Collision with vehicle,Sunday,RIGHT THROUGH,No,Day,Yes,Cross intersection,Other injury accident,60 km/hr,No,40450,145.06368,-37.83216,Intersection,BOROONDARA,METROPOLITAN SOUTH EAST REGION,2505605.956,2407651.767,4,1,0,0,1,3,1,3,0,2,2,0,0,0,0,0,0,0,0,1,No,0,2,0,2,0,0,MELB_URBAN,MELB_URBAN,BOROONDARA,METROPOLITAN SOUTH EAST REGION,,,Arterial Other,Arterial Other,Undivided,Undiv,Metro
3402381,T20130015058,ABS to receive accident,Finished,21/7/2013,11.43.00,No,Struck Pedestrian,Sunday,PED NEAR SIDE. PED HIT BY VEHICLE FROM THE RIGHT.,No,Day,Yes,T intersection,Serious injury accident,50 km/hr,No,49866,144.3371,-38.13698,Intersection,GEELONG,SOUTH WESTERN REGION,2441881.776,2373616.635,2,1,0,1,0,1,2,0,0,0,1,1,0,0,0,0,0,1,0,0,No,0,1,0,1,0,0,LARGE_PROVINCIAL_CITIES,LARGE_PROVINCIAL_CITIES,GEELONG,SOUTH WESTERN REGION,C,C,Arterial Other,"Arterial Other,Local Road",Undivided,Undiv,Country
3402382,T20130015059,ABS to receive accident,Finished,19/7/2013,21.13.00,Yes,Collision with a fixed object,Friday,OFF RIGHT BEND INTO OBJECT/PARKED VEHICLE,No,Dark Street lights on,Yes,Not at intersection,Other injury accident,80 km/hr,Yes,262203,146.42434,-38.23644,Non-Intersection,LATROBE,EASTERN REGION,2624705.786,2361846.148,3,1,0,0,1,2,2,1,0,0,3,0,0,0,0,0,0,0,0,3,No,0,3,0,3,0,0,SMALL_CITIES,SMALL_CITIES,LATROBE,"EASTERN REGION,EASTERN REGION",C,C,Arterial Other,Arterial Other,Divided,Div,Country
3402383,T20130015060,ABS to receive accident,Finished,20/7/2013,11.50.00,No,Collision with a fixed object,Saturday,LEFT OFF CARRIAGEWAY INTO OBJECT/PARKED VEHICLE,No,Day,No,Not at intersection,Serious injury accident,100 km/hr,Yes,263877,145.29552,-36.37551,Non-Intersection,SHEPPARTON,NORTH EASTERN REGION,2526515.957,2569250.594,1,1,0,1,0,0,0,1,0,0,1,0,0,0,0,0,0,0,0,0,No,0,1,0,1,0,0,RURAL_VICTORIA,RURAL_VICTORIA,SHEPPARTON,NORTH EASTERN REGION,,,Local Road,Local Road,Undivided,Undiv,Country
3402384,T20130015063,ABS to receive accident,Finished,21/7/2013,09.45.00,Yes,Collision with vehicle,Sunday,RIGHT NEAR (INTERSECTIONS ONLY),No,Day,Yes,T intersection,Serious injury accident,80 km/hr,No,40806,145.17044,-37.84856,Intersection,WHITEHORSE,METROPOLITAN SOUTH EAST REGION,2515000.456,2405819.353,5,1,0,1,0,4,4,1,0,3,2,0,0,0,0,0,0,0,0,1,No,0,2,0,2,0,0,MELB_URBAN,MELB_URBAN,WHITEHORSE,METROPOLITAN SOUTH EAST REGION,,,Arterial Highway,"Arterial Highway,Local Road",Divided,"Div,Undiv",Metro
3402385,T20130015065,ABS to receive accident,Finished,20/7/2013,19.45.00,Yes,Struck Pedestrian,Saturday,PED NEAR SIDE. PED HIT BY VEHICLE FROM THE RIGHT.,Yes,Dark Street lights unknown,Yes,Cross intersection,Other injury accident,60 km/hr,No,262675,144.74421,-37.71053,Intersection,MELTON,METROPOLITAN NORTH WEST REGION,2477447.312,2421122.264,2,1,0,0,1,1,1,0,0,0,0,1,0,0,1,0,0,0,0,0,No,0,1,0,0,0,0,MELB_URBAN,MELB_URBAN,MELTON,METROPOLITAN NORTH WEST REGION,,,Local Road,Local Road,Divided,"Div,Undiv",Metro
3402386,T20130015067,ABS to receive accident,Finished,21/7/2013,09.00.00,Yes,Collision with vehicle,Sunday,CROSS TRAFFIC(INTERSECTIONS ONLY),No,Day,Yes,Cross intersection,Serious injury accident,60 km/hr,No,44641,144.28437,-36.76229,Intersection,BENDIGO,NORTHERN REGION,2436112.521,2526135.643,3,2,0,2,0,1,1,2,2,0,1,0,0,0,0,0,0,0,0,0,No,0,3,0,1,0,0,LARGE_PROVINCIAL_CITIES,LARGE_PROVINCIAL_CITIES,BENDIGO,NORTHERN REGION,,,Local Road,Local Road,Undivided,Undiv,Country
3402387,T20130015068,ABS to receive accident,Finished,21/7/2013,13.39.00,No,Collision with a fixed object,Sunday,LEFT OFF CARRIAGEWAY INTO OBJECT/PARKED VEHICLE,No,Day,Yes,Not at intersection,Other injury accident,100 km/hr,Yes,262277,145.21761,-37.82581,Non-Intersection,MAROONDAH,METROPOLITAN SOUTH EAST REGION,2519157.704,2408336.009,1,1,0,0,1,0,0,1,0,0,1,0,0,0,0,0,0,0,1,0,No,0,1,0,1,0,0,MELB_URBAN,MELB_URBAN,MAROONDAH,METROPOLITAN SOUTH EAST REGION,M,M,Freeway,Freeway,Divided,Div,Metro
3402388,T20130015071,ABS to receive accident,Finished,20/7/2013,18.05.00,Yes,Collision with a fixed object,Saturday,LEFT OFF CARRIAGEWAY INTO OBJECT/PARKED VEHICLE,No,Dark Street lights on,Yes,Not at intersection,Serious injury accident,80 km/hr,Yes,262428,144.91626,-37.69437,Non-Intersection,HUME,METROPOLITAN NORTH WEST REGION,2492615.106,2422942.687,1,1,0,1,0,0,1,0,0,0,1,0,0,0,0,0,0,0,0,0,No,0,1,0,1,0,0,MELB_URBAN,MELB_URBAN,HUME,METROPOLITAN NORTH WEST REGION,M,M,Freeway,Freeway,Divided,Div,Metro
3402389,T20130015072,ABS to receive accident,Finished,20/7/2013,18.30.00,Yes,Collision with vehicle,Saturday,RIGHT REAR.,No,Dark Street lights on,No,T intersection,Other injury accident,60 km/hr,No,43595,145.1492,-38.19414,Intersection,FRANKSTON,METROPOLITAN SOUTH EAST REGION,2513070.511,2367464.294,4,1,0,0,1,3,2,2,0,2,2,0,0,0,0,0,0,0,0,1,No,0,2,0,2,0,0,MELB_URBAN,MELB_URBAN,"FRANKSTON,MORNINGTON PENINSULA",METROPOLITAN SOUTH EAST REGION,C,C,Arterial Other,"Arterial Other,Local Road",Undivided,Undiv,Metro
3402390,T20130015073,ABS to receive accident,Finished,21/7/2013,03.20.00,Yes,Collision with a fixed object,Sunday,LEFT OFF CARRIAGEWAY INTO OBJECT/PARKED VEHICLE,No,Dark No street lights,Yes,Not at intersection,Serious injury accident,80 km/hr,Yes,263187,145.78404,-38.10717,Non-Intersection,BAW BAW,EASTERN REGION,2568765.412,2376845.208,1,1,0,1,0,0,1,0,0,0,1,0,0,0,0,0,0,0,0,0,Yes,0,1,0,1,0,0,RURAL_VICTORIA,RURAL_VICTORIA,BAW BAW,"EASTERN REGION,EASTERN REGION",C,C,Arterial Other,Arterial Other,Undivided,Undiv,Country
3402391,T20130015076,ABS to receive accident,Finished,21/7/2013,13.55.00,No,Collision with a fixed object,Sunday,OFF RIGHT BEND INTO OBJECT/PARKED VEHICLE,No,Day,Yes,Not at intersection,Other injury accident,50 km/hr,Yes,262322,145.17346,-37.98351,Non-Intersection,DANDENONG,METROPOLITAN SOUTH EAST REGION,2515238.664,2390840.642,1,1,0,0,1,0,1,0,0,0,0,0,0,1,0,0,0,0,0,0,No,1,1,0,0,1,0,MELB_URBAN,MELB_URBAN,DANDENONG,METROPOLITAN SOUTH EAST REGION,,,Local Road,Local Road,Undivided,Undiv,Metro
3402392,T20130015077,ABS to receive accident,Finished,21/7/2013,12.25.00,No,Collision with vehicle,Sunday,RIGHT THROUGH,No,Day,Yes,Cross intersection,Other injury accident,60 km/hr,No,243974,144.78122,-37.69723,Intersection,BRIMBANK,METROPOLITAN NORTH WEST REGION,2480706.369,2422606.141,4,1,0,0,1,3,1,3,0,2,2,0,0,0,0,0,0,0,0,0,No,0,2,0,2,0,0,MELB_URBAN,MELB_URBAN,BRIMBANK,METROPOLITAN NORTH WEST REGION,C,C,Arterial Other,Arterial Other,Divided,Div,Metro
3402393,T20130015080,ABS to receive accident,Finished,21/7/2013,15.51.00,No,Collision with vehicle,,RIGHT THROUGH,No,Day,Yes,Multiple intersection,Other injury accident,60 km/hr,No,12928,144.93912,-37.786,Intersection,MOONEE VALLEY,METROPOLITAN NORTH WEST REGION,2494637.836,2412775.063,5,3,0,0,3,2,2,1,0,3,2,0,0,0,0,0,0,0,0,0,No,0,2,0,2,0,0,MELB_URBAN,MELB_URBAN,MOONEE VALLEY,METROPOLITAN NORTH WEST REGION,M,M,Freeway,"Freeway,Arterial Other",Undivided,Undiv,Metro
3402394,T20130015175,ABS to receive accident,Finished,23/7/2013,08.00.00,No,Collision with a fixed object,Tuesday,LEFT OFF CARRIAGEWAY INTO OBJECT/PARKED VEHICLE,No,Day,Yes,T intersection,Serious injury accident,80 km/hr,Yes,263596,145.50985,-37.81119,Intersection,YARRA RANGES,METROPOLITAN SOUTH EAST REGION,2544893.756,2409860.025,3,2,0,2,0,1,2,1,0,2,1,0,0,0,0,0,0,0,0,0,No,0,1,0,1,0,0,RURAL_VICTORIA,RURAL_VICTORIA,YARRA RANGES,METROPOLITAN SOUTH EAST REGION,C,C,Arterial Other,"Arterial Other,Local Road",Undivided,Undiv,Metro
3402395,T20130015181,ABS to receive accident,Finished,23/7/2013,10.00.00,No,No collision and no object struck,Monday,OUT OF CONTROL ON CARRIAGEWAY (ON STRAIGHT),No,Day,Yes,Multiple intersection,Serious injury accident,40 km/hr,No,29396,144.96874,-37.80816,Intersection,MELBOURNE,METROPOLITAN NORTH WEST REGION,2497247.653,2410316.555,1,1,0,1,0,0,0,1,1,0,0,0,0,0,0,0,0,0,0,0,No,0,1,0,0,0,0,MELBOURNE_CBD,"MELBOURNE_CBD,MELB_URBAN",MELBOURNE,METROPOLITAN NORTH WEST REGION,,,Local Road,Local Road,Divided,"Div,Undiv",Metro
3402396,T20130015182,ABS to receive accident,Finished,23/7/2013,09.55.00,No,Collision with vehicle,Tuesday,RIGHT NEAR (INTERSECTIONS ONLY),No,Day,Yes,T intersection,Other injury accident,60 km/hr,No,42371,145.10766,-37.94187,Intersection,KINGSTON,METROPOLITAN SOUTH EAST REGION,2509463.253,2395471.107,2,1,0,0,1,1,1,1,0,0,2,0,0,0,0,0,0,0,0,0,No,0,2,0,2,0,0,MELB_URBAN,MELB_URBAN,KINGSTON,METROPOLITAN SOUTH EAST REGION,,,Local Road,Local Road,Undivided,Undiv,Metro
3402397,T20130015185,ABS to receive accident,Finished,23/7/2013,08.55.00,No,Collision with vehicle,Tuesday,VEHICLE STRIKES ANOTHER VEH WHILE EMERGING FROM DRIVEWAY,No,Day,Yes,Not at intersection,Other injury accident,70 km/hr,No,262005,145.05257,-37.93514,Non-Intersection,GLEN EIRA,METROPOLITAN SOUTH EAST REGION,2504621.296,2396221.83,4,2,0,0,2,2,1,3,0,1,3,0,0,0,0,0,0,0,1,0,No,0,3,0,3,0,0,MELB_URBAN,MELB_URBAN,GLEN EIRA,METROPOLITAN SOUTH EAST REGION,,,Arterial Other,Arterial Other,Divided,Div,Metro
3402398,T20130015187,ABS to receive accident,Finished,23/7/2013,10.37.00,No,Collision with vehicle,Tuesday,RIGHT THROUGH,No,Day,Yes,T intersection,Other injury accident,50 km/hr,No,246186,143.91892,-35.73504,Intersection,GANNAWARRA,NORTHERN REGION,2402194.159,2639802.048,2,1,0,0,1,1,1,1,0,0,1,0,0,1,0,0,0,0,1,0,No,0,2,0,1,1,0,TOWNS,TOWNS,GANNAWARRA,NORTHERN REGION,C,C,Arterial Other,"Arterial Other,Local Road",Undivided,Undiv,Country
3402399,T20130015188,ABS to receive accident,Finished,13/7/2013,10.45.00,No,collision with some other object,Saturday,STRUCK OBJECT ON CARRIAGEWAY,No,Day,No,Not at intersection,Other injury accident,Not known,No,262044,146.40897,-37.95702,Non-Intersection,BAW BAW,EASTERN REGION,2623819.374,2392878.468,1,1,0,0,1,0,1,0,0,0,0,0,0,1,0,0,0,0,0,0,No,0,1,0,0,1,0,RURAL_VICTORIA,RURAL_VICTORIA,BAW BAW,"EASTERN REGION,EASTERN REGION",,,Local Road,Local Road,Undivided,Undiv,Country