OBJECTID,ACCIDENT_NO,ABS_CODE,ACCIDENT_STATUS,ACCIDENT_DATE,ACCIDENT_TIME,ALCOHOLTIME,ACCIDENT_TYPE,DAY_OF_WEEK,DCA_CODE,HIT_RUN_FLAG,LIGHT_CONDITION,POLICE_ATTEND,ROAD_GEOMETRY,SEVERITY,SPEED_ZONE,RUN_OFFROAD,NODE_ID,LONGITUDE,LATITUDE,NODE_TYPE,LGA_NAME,REGION_NAME,VICGRID_X,VICGRID_Y,TOTAL_PERSONS,INJ_OR_FATAL,FATALITY,SERIOUSINJURY,OTHERINJURY,NONINJURED,MALES,FEMALES,BICYCLIST,PASSENGER,DRIVER,PEDESTRIAN,PILLION,MOTORIST,UNKNOWN,PED_CYCLIST_5_12,PED_CYCLIST_13_18,OLD_PEDESTRIAN,OLD_DRIVER,YOUNG_DRIVER,ALCOHOL_RELATED,UNLICENCSED,NO_OF_VEHICLES,HEAVYVEHICLE,PASSENGERVEHICLE,MOTORCYCLE,PUBLICVEHICLE,DEG_URBAN_NAME,DEG_URBAN_ALL,LGA_NAME_ALL,REGION_NAME_ALL,SRNS,SRNS_ALL,RMA,RMA_ALL,DIVIDED,DIVIDED_ALL,STAT_DIV_NAME
3402400,T20130015189,ABS to receive accident,Finished,19/7/2013,19.30.00,Yes,Collision with vehicle,Friday,RIGHT THROUGH,No,Dark Street lights on,No,Cross intersection,Other injury accident,40 km/hr,No,29441,144.99708,-37.83041,Intersection,YARRA,METROPOLITAN NORTH WEST REGION,2499743.221,2407847.412,2,1,0,0,1,1,0,2,1,0,1,0,0,0,0,0,0,0,0,1,No,0,2,0,1,0,0,MELB_URBAN,MELB_URBAN,YARRA,METROPOLITAN NORTH WEST REGION,,,Arterial Other,"Arterial Other,Local Road",Undivided,Undiv,Metro
3402401,T20130015190,ABS to receive accident,Finished,19/7/2013,17.55.00,Yes,Collision with vehicle,Friday,REAR END(VEHICLES IN SAME LANE),No,Dark Street lights on,No,Not at intersection,Other injury accident,60 km/hr,No,262367,144.70556,-37.85486,Non-Intersection,WYNDHAM,METROPOLITAN NORTH WEST REGION,2474088.506,2405093.662,3,1,0,0,1,2,1,2,0,0,3,0,0,0,0,0,0,0,0,0,No,0,3,0,3,0,0,MELB_URBAN,MELB_URBAN,WYNDHAM,METROPOLITAN NORTH WEST REGION,,,Local Road,Local Road,Divided,Div,Metro
3402402,T20130015198,ABS to receive accident,Finished,23/7/2013,09.40.00,No,Collision with a fixed object,Tuesday,LEFT OFF CARRIAGEWAY INTO OBJECT/PARKED VEHICLE,No,Day,Yes,Not at intersection,Serious injury accident,100 km/hr,Yes,262429,143.02588,-37.27646,Non-Intersection,ARARAT,WESTERN REGION,2324955.59,2467508.054,1,1,0,1,0,0,0,1,0,0,1,0,0,0,0,0,0,0,0,0,No,0,1,0,1,0,0,RURAL_VICTORIA,RURAL_VICTORIA,ARARAT,WESTERN REGION,,,Local Road,Local Road,Undivided,Undiv,Country
3402403,T20130015206,ABS to receive accident,Finished,23/7/2013,14.10.00,No,Vehicle overturned (no collision),Tuesday,OFF CARRIAGEWAY TO RIGHT,No,Day,Yes,Not at intersection,Other injury accident,100 km/hr,Yes,263378,146.45925,-36.32903,Non-Intersection,WANGARATTA,NORTH EASTERN REGION,2631006.441,2573444.703,1,1,0,0,1,0,1,0,0,0,1,0,0,0,0,0,0,0,0,0,No,0,1,1,0,0,0,RURAL_VICTORIA,RURAL_VICTORIA,WANGARATTA,NORTH EASTERN REGION,,,Local Road,Local Road,Undivided,Undiv,Country
3402404,T20130015212,ABS to receive accident,Finished,23/7/2013,15.15.00,No,Collision with vehicle,Tuesday,VEHICLE OFF FOOTPATH STRIKES VEH ON CARRIAGEWAY,No,Day,Yes,Not at intersection,Serious injury accident,60 km/hr,No,263283,145.04272,-37.85044,Non-Intersection,STONNINGTON,METROPOLITAN SOUTH EAST REGION,2503759.218,2405623.485,2,1,0,1,0,1,1,1,1,0,1,0,0,0,0,0,0,0,0,1,No,0,2,0,1,0,0,MELB_URBAN,MELB_URBAN,STONNINGTON,METROPOLITAN SOUTH EAST REGION,,,Arterial Other,Arterial Other,Undivided,Undiv,Metro
3402405,T20130015214,ABS to receive accident,Finished,17/7/2013,17.15.00,No,Collision with vehicle,Wednesday,REAR END(VEHICLES IN SAME LANE),No,Unk.,No,Not at intersection,Other injury accident,60 km/hr,No,263917,145.07978,-37.8211,Non-Intersection,BOROONDARA,METROPOLITAN SOUTH EAST REGION,2507023.898,2408877.713,4,1,0,0,1,3,1,2,0,1,3,0,0,0,0,0,0,0,0,0,No,0,3,0,3,0,0,MELB_URBAN,MELB_URBAN,BOROONDARA,METROPOLITAN SOUTH EAST REGION,,,Arterial Other,Arterial Other,Undivided,Undiv,Metro
3402406,T20130015215,ABS to receive accident,Finished,23/7/2013,16.20.00,No,Collision with vehicle,Tuesday,RIGHT FAR (INTERSECTIONS ONLY),No,Day,No,T intersection,Other injury accident,Not known,No,44318,144.63797,-37.89633,Intersection,WYNDHAM,METROPOLITAN NORTH WEST REGION,2468158.468,2400470.65,3,1,0,0,1,2,2,1,0,0,3,0,0,0,0,0,0,0,0,0,No,0,3,0,3,0,0,MELB_URBAN,MELB_URBAN,WYNDHAM,METROPOLITAN NORTH WEST REGION,C,C,Arterial Other,"Arterial Other,Local Road",Divided,"Div,Undiv",Metro
3402407,T20130015341,ABS to receive accident,Finished,25/7/2013,07.45.00,No,Collision with vehicle,Thursday,RIGHT FAR (INTERSECTIONS ONLY),No,Day,Yes,Cross intersection,Other injury accident,60 km/hr,No,46691,145.00898,-37.86863,Intersection,GLEN EIRA,METROPOLITAN SOUTH EAST REGION,2500789.732,2403605.106,2,1,0,0,1,1,2,0,0,0,1,0,0,1,0,0,0,0,0,0,No,0,3,0,2,1,0,MELB_URBAN,MELB_URBAN,GLEN EIRA,METROPOLITAN SOUTH EAST REGION,,,Local Road,Local Road,Undivided,Undiv,Metro
3402408,T20130015343,ABS to receive accident,Finished,25/7/2013,09.25.00,No,Collision with vehicle,Thursday,VEHICLE OFF FOOTPATH STRIKES VEH ON CARRIAGEWAY,No,Day,Yes,T intersection,Serious injury accident,60 km/hr,No,10594,145.02976,-37.79198,Non-Intersection,BOROONDARA,METROPOLITAN SOUTH EAST REGION,2502620.987,2412111.993,2,1,0,1,0,1,1,1,1,0,1,0,0,0,0,0,0,0,0,1,No,0,2,0,1,0,0,MELB_URBAN,MELB_URBAN,BOROONDARA,METROPOLITAN SOUTH EAST REGION,,,Arterial Other,Arterial Other,Divided,Div,Metro
3402409,T20130015344,ABS to receive accident,Finished,25/7/2013,08.43.00,No,Collision with vehicle,Thursday,LANE CHANGE LEFT (NOT OVERTAKING),No,Day,Yes,Not at intersection,Other injury accident,80 km/hr,No,262336,145.019,-37.83101,Non-Intersection,YARRA,METROPOLITAN NORTH WEST REGION,2501672.602,2407780.764,4,3,0,0,3,1,2,2,0,1,3,0,0,0,0,0,0,0,0,1,No,1,3,1,2,0,0,MELB_URBAN,MELB_URBAN,YARRA,METROPOLITAN NORTH WEST REGION,M,M,Freeway,Freeway,Divided,Div,Metro
3402410,T20130015345,ABS to receive accident,Finished,25/7/2013,08.39.00,No,Collision with vehicle,Thursday,LEFT NEAR (INTERSECTIONS ONLY),No,Day,Yes,Cross intersection,Other injury accident,60 km/hr,No,253525,144.90591,-37.58892,Intersection,HUME,METROPOLITAN NORTH WEST REGION,2491691.138,2434644.245,2,1,0,0,1,1,0,2,0,0,2,0,0,0,0,0,0,0,0,1,No,0,2,0,2,0,0,MELB_URBAN,MELB_URBAN,HUME,METROPOLITAN NORTH WEST REGION,,,Local Road,Local Road,Undivided,Undiv,Metro
3402411,T20130015346,ABS to receive accident,Finished,25/7/2013,09.19.00,No,Collision with vehicle,Thursday,REAR END(VEHICLES IN SAME LANE),No,Day,Yes,Cross intersection,Other injury accident,60 km/hr,No,36816,144.929,-37.64379,Intersection,HUME,METROPOLITAN NORTH WEST REGION,2493734.378,2428557.311,2,2,0,0,2,0,0,2,0,0,2,0,0,0,0,0,0,0,0,0,No,0,2,0,2,0,0,MELB_URBAN,MELB_URBAN,HUME,METROPOLITAN NORTH WEST REGION,,,Arterial Other,"Arterial Other,Local Road",Divided,"Div,Undiv",Metro
3402412,T20130015347,ABS to receive accident,Finished,18/7/2013,08.00.00,No,Collision with vehicle,Thursday,RIGHT REAR.,No,Day,No,Cross intersection,Other injury accident,60 km/hr,No,44768,145.11512,-37.7141,Intersection,BANYULE,METROPOLITAN NORTH WEST REGION,2510149.662,2420750.393,2,1,0,0,1,1,0,2,0,0,2,0,0,0,0,0,0,0,0,1,No,0,2,0,2,0,0,MELB_URBAN,MELB_URBAN,BANYULE,METROPOLITAN NORTH WEST REGION,,,Arterial Other,"Arterial Other,Local Road",Undivided,Undiv,Metro
3402413,T20130015350,ABS to receive accident,Finished,25/7/2013,09.50.00,No,collision with some other object,Thursday,LOAD OR MISSILE STRUCK VEHICLE,No,Day,Yes,Not at intersection,Serious injury accident,100 km/hr,No,262158,144.54688,-37.47888,Non-Intersection,MACEDON RANGES,NORTHERN REGION,2459926.201,2446764.853,1,1,0,1,0,0,1,0,0,0,1,0,0,0,0,0,0,0,0,0,No,0,1,0,1,0,0,RURAL_VICTORIA,RURAL_VICTORIA,MACEDON RANGES,NORTHERN REGION,C,C,Arterial Other,Arterial Other,Undivided,Undiv,Country
3402414,T20130015354,ABS to receive accident,Finished,25/7/2013,11.58.00,No,Collision with a fixed object,Thursday,LEFT OFF CARRIAGEWAY INTO OBJECT/PARKED VEHICLE,No,Day,Yes,T intersection,Serious injury accident,60 km/hr,Yes,41036,145.28529,-37.86825,Intersection,KNOX,METROPOLITAN SOUTH EAST REGION,2525101.507,2403610.256,3,1,0,1,0,2,2,1,0,1,2,0,0,0,0,0,0,0,0,0,No,0,2,0,2,0,0,MELB_URBAN,MELB_URBAN,KNOX,METROPOLITAN SOUTH EAST REGION,,,Arterial Other,"Arterial Other,Local Road",Undivided,Undiv,Metro
3402415,T20130015355,ABS to receive accident,Finished,24/7/2013,14.30.00,No,Struck Pedestrian,Wednesday,PED WALKING WITH TRAFFIC,No,Day,No,Not at intersection,Other injury accident,60 km/hr,No,265404,145.02588,-37.88036,Non-Intersection,GLEN EIRA,METROPOLITAN SOUTH EAST REGION,2502276.752,2402303.37,2,1,0,0,1,1,1,1,0,0,1,1,0,0,0,0,0,0,0,0,No,0,1,0,1,0,0,MELB_URBAN,MELB_URBAN,GLEN EIRA,METROPOLITAN SOUTH EAST REGION,,,Arterial Other,Arterial Other,Undivided,Undiv,Metro
3402416,T20130015359,ABS to receive accident,Finished,24/7/2013,17.15.00,No,Collision with a fixed object,Wednesday,OFF END OF ROAD/T-INTERSECTION.,No,Dark No street lights,Yes,T intersection,Serious injury accident,80 km/hr,No,71191,145.15475,-38.05305,Intersection,DANDENONG,METROPOLITAN SOUTH EAST REGION,2513582.693,2383124.893,1,1,0,1,0,0,0,1,0,0,1,0,0,0,0,0,0,0,0,0,No,0,1,0,1,0,0,MELB_URBAN,MELB_URBAN,DANDENONG,METROPOLITAN SOUTH EAST REGION,,,Local Road,Local Road,Undivided,Undiv,Metro
3402417,T20130015363,ABS to receive accident,Finished,25/7/2013,13.35.00,No,Collision with vehicle,Thursday,RIGHT THROUGH,No,Day,Yes,Not at intersection,Other injury accident,60 km/hr,No,262337,145.12445,-37.78428,Non-Intersection,MANNINGHAM,METROPOLITAN SOUTH EAST REGION,2510961.819,2412959.953,2,1,0,0,1,1,0,2,0,0,2,0,0,0,0,0,0,0,0,1,No,0,2,0,2,0,0,MELB_URBAN,MELB_URBAN,MANNINGHAM,METROPOLITAN SOUTH EAST REGION,,,Arterial Other,Arterial Other,Divided,Div,Metro
3402418,T20130015364,ABS to receive accident,Finished,25/7/2013,15.00.00,No,Collision with vehicle,Thursday,RIGHT THROUGH,No,Day,Yes,Cross intersection,Other injury accident,60 km/hr,No,45407,144.92573,-37.75379,Intersection,MOONEE VALLEY,METROPOLITAN NORTH WEST REGION,2493455.486,2416349.116,3,2,0,0,2,1,1,2,0,1,2,0,0,0,0,0,0,0,0,0,No,0,2,0,2,0,0,MELB_URBAN,MELB_URBAN,MOONEE VALLEY,METROPOLITAN NORTH WEST REGION,,,Arterial Other,"Arterial Other,Local Road",Divided,"Div,Undiv",Metro
3402419,T20130015365,ABS to receive accident,Finished,24/7/2013,06.15.00,No,Collision with vehicle,Wednesday,REAR END(VEHICLES IN SAME LANE),No,Day,Yes,Not at intersection,Other injury accident,100 km/hr,No,263646,145.18626,-37.9306,Non-Intersection,MONASH,METROPOLITAN SOUTH EAST REGION,2516374.451,2396710.928,8,1,0,0,1,7,8,0,0,0,8,0,0,0,0,0,0,0,0,1,No,0,8,2,5,0,0,MELB_URBAN,MELB_URBAN,MONASH,METROPOLITAN SOUTH EAST REGION,M,M,Freeway,Freeway,Divided,Div,Metro
3402420,T20130015216,ABS to receive accident,Finished,23/7/2013,16.15.00,No,Collision with a fixed object,Tuesday,LEFT OFF CARRIAGEWAY INTO OBJECT/PARKED VEHICLE,No,Day,Yes,Not at intersection,Serious injury accident,60 km/hr,Yes,262248,144.8984,-37.68627,Non-Intersection,HUME,METROPOLITAN NORTH WEST REGION,2491039.135,2423839.963,1,1,0,1,0,0,1,0,0,0,1,0,0,0,0,0,0,0,0,1,No,0,1,0,1,0,0,MELB_URBAN,MELB_URBAN,HUME,METROPOLITAN NORTH WEST REGION,,,Local Road,Local Road,Undivided,Undiv,Metro
3402421,T20130015218,ABS to receive accident,Finished,23/7/2013,15.51.00,No,Struck Pedestrian,Tuesday,PED NEAR SIDE. PED HIT BY VEHICLE FROM THE RIGHT.,No,Day,Yes,Not at intersection,Serious injury accident,40 km/hr,No,262249,144.91614,-37.72519,Non-Intersection,MOONEE VALLEY,METROPOLITAN NORTH WEST REGION,2492607.236,2419521.694,2,1,0,1,0,1,0,2,0,0,1,1,0,0,0,1,0,0,0,0,No,0,1,0,1,0,0,MELB_URBAN,MELB_URBAN,MOONEE VALLEY,METROPOLITAN NORTH WEST REGION,,,Local Road,Local Road,Undivided,Undiv,Metro
3402422,T20130015220,ABS to receive accident,Finished,23/7/2013,14.50.00,No,Collision with vehicle,Tuesday,VEHICLE STRIKES DOOR OF PARKED/STATIONARY VEHICLE,No,Day,No,Not at intersection,Other injury accident,60 km/hr,No,262279,144.99921,-37.92557,Non-Intersection,BAYSIDE,METROPOLITAN SOUTH EAST REGION,2499930.519,2397285.358,2,1,0,0,1,1,1,1,0,0,1,1,0,0,0,0,0,0,1,0,No,0,2,0,2,0,0,MELB_URBAN,MELB_URBAN,BAYSIDE,METROPOLITAN SOUTH EAST REGION,,,Local Road,Local Road,Undivided,Undiv,Metro
3402423,T20130015221,ABS to receive accident,Finished,23/7/2013,16.00.00,No,Collision with vehicle,Tuesday,LANE SIDE SWIPE (VEHICLES IN PARALLEL LANES),No,Dusk/Dawn,Yes,Not at intersection,Other injury accident,100 km/hr,No,262874,145.09097,-37.88323,Non-Intersection,MONASH,METROPOLITAN SOUTH EAST REGION,2508002.601,2401981.247,2,1,0,0,1,1,2,0,0,0,2,0,0,0,0,0,0,0,0,1,No,0,2,1,1,0,0,MELB_URBAN,MELB_URBAN,MONASH,METROPOLITAN SOUTH EAST REGION,M,M,Freeway,Freeway,Divided,Div,Metro
3402424,T20130015222,ABS to receive accident,Finished,23/7/2013,16.20.00,No,Collision with vehicle,Tuesday,RIGHT NEAR (INTERSECTIONS ONLY),No,Day,Yes,T intersection,Other injury accident,60 km/hr,No,50496,143.68229,-37.64833,Intersection,GOLDEN PLAINS,SOUTH WESTERN REGION,2383725.377,2427250.215,4,3,0,0,3,1,2,2,0,2,2,0,0,0,0,0,0,0,0,1,No,0,2,0,2,0,0,SMALL_TOWNS,SMALL_TOWNS,GOLDEN PLAINS,SOUTH WESTERN REGION,B,B,Arterial Highway,"Arterial Highway,Local Road",Undivided,Undiv,Country
3402425,T20130015225,ABS to receive accident,Finished,23/7/2013,17.13.00,No,Collision with vehicle,Tuesday,CROSS TRAFFIC(INTERSECTIONS ONLY),No,Day,Yes,Cross intersection,Fatal accident,80 km/hr,No,52540,142.14075,-34.22777,Intersection,MILDURA,WESTERN REGION,2236331.325,2803696.907,2,1,1,0,0,1,1,1,0,0,1,0,0,1,0,0,0,0,0,0,No,0,2,0,1,1,0,RURAL_VICTORIA,RURAL_VICTORIA,MILDURA,WESTERN REGION,,,Local Road,Local Road,Undivided,Undiv,Country
3402426,T20130015227,ABS to receive accident,Finished,23/7/2013,17.00.00,No,Collision with vehicle,Tuesday,RIGHT NEAR (INTERSECTIONS ONLY),No,Dusk/Dawn,Yes,T intersection,Other injury accident,50 km/hr,No,262054,145.04269,-37.87479,Intersection,STONNINGTON,METROPOLITAN SOUTH EAST REGION,2503755.434,2402921.09,2,1,0,0,1,1,0,2,0,0,2,0,0,0,0,0,0,0,1,0,No,0,2,0,2,0,0,MELB_URBAN,MELB_URBAN,STONNINGTON,METROPOLITAN SOUTH EAST REGION,,,Local Road,Local Road,Undivided,Undiv,Metro
3402427,T20130015230,ABS to receive accident,Finished,23/7/2013,20.00.00,Yes,Collision with vehicle,Tuesday,RIGHT THROUGH,No,Dark Street lights on,Yes,T intersection,Other injury accident,70 km/hr,No,29565,145.13062,-37.8189,Intersection,WHITEHORSE,METROPOLITAN SOUTH EAST REGION,2511499.918,2409116.704,3,1,0,0,1,2,0,3,0,1,2,0,0,0,0,0,0,0,0,2,No,0,2,0,2,0,0,MELB_URBAN,MELB_URBAN,WHITEHORSE,METROPOLITAN SOUTH EAST REGION,,,Arterial Highway,"Arterial Highway,Local Road",Divided,"Div,Undiv",Metro
3402428,T20130015232,ABS to receive accident,Finished,23/7/2013,18.15.00,Yes,Collision with vehicle,Tuesday,RIGHT THROUGH,No,Dark Street lights on,Yes,Cross intersection,Serious injury accident,60 km/hr,No,51916,144.31616,-36.70516,Intersection,BENDIGO,NORTHERN REGION,2438904.872,2532496.128,3,2,0,1,1,1,2,1,0,1,2,0,0,0,0,0,0,0,0,0,No,0,2,0,2,0,0,LARGE_PROVINCIAL_CITIES,LARGE_PROVINCIAL_CITIES,BENDIGO,NORTHERN REGION,A,A,Arterial Highway,"Arterial Highway,Local Road",Undivided,Undiv,Country
3402429,T20130015234,ABS to receive accident,Finished,23/7/2013,22.40.00,Yes,Collision with vehicle,Tuesday,RIGHT NEAR (INTERSECTIONS ONLY),Yes,Dark Street lights unknown,Yes,T intersection,Other injury accident,50 km/hr,No,44438,144.33694,-38.13777,Intersection,GEELONG,SOUTH WESTERN REGION,2441868.456,2373529.138,2,1,0,0,1,1,2,0,0,0,2,0,0,0,0,0,0,0,0,0,No,0,2,0,2,0,0,LARGE_PROVINCIAL_CITIES,LARGE_PROVINCIAL_CITIES,GEELONG,SOUTH WESTERN REGION,C,C,Arterial Other,"Arterial Other,Local Road",Undivided,Undiv,Country
3402430,T20130015237,ABS to receive accident,Finished,23/7/2013,12.55.00,No,Collision with a fixed object,Tuesday,OFF LEFT BEND INTO OBJECT/PARKED VEHICLE,No,Unk.,Yes,Not at intersection,Other injury accident,80 km/hr,Yes,263139,145.08524,-37.89233,Non-Intersection,STONNINGTON,METROPOLITAN SOUTH EAST REGION,2507497.47,2400971.391,1,1,0,0,1,0,1,0,0,0,1,0,0,0,0,0,0,0,0,1,Yes,0,1,0,1,0,0,MELB_URBAN,MELB_URBAN,STONNINGTON,METROPOLITAN SOUTH EAST REGION,,,Arterial Highway,Arterial Highway,Divided,Div,Metro
3402431,T20130015239,ABS to receive accident,Finished,24/7/2013,00.24.00,Yes,Vehicle overturned (no collision),Wednesday,OFF CARRIAGEWAY TO LEFT,No,Dark No street lights,Yes,Not at intersection,Serious injury accident,80 km/hr,Yes,262156,145.19105,-38.24973,Non-Intersection,MORNINGTON PENINSULA,METROPOLITAN SOUTH EAST REGION,2516724.611,2361286.553,1,1,0,1,0,0,1,0,0,0,1,0,0,0,0,0,0,0,0,0,Yes,1,1,0,1,0,0,RURAL_VICTORIA,RURAL_VICTORIA,MORNINGTON PENINSULA,METROPOLITAN SOUTH EAST REGION,C,C,Arterial Other,Arterial Other,Undivided,Undiv,Metro
3402432,T20130015241,ABS to receive accident,Finished,21/7/2013,18.38.00,Yes,Collision with vehicle,Sunday,RIGHT REAR.,No,Dark Street lights on,Yes,T intersection,Other injury accident,60 km/hr,No,74136,145.59171,-38.59433,Intersection,BASS COAST,EASTERN REGION,2551560.95,2322885.03,5,1,0,0,1,4,2,3,0,3,2,0,0,0,0,0,0,0,0,0,No,0,2,0,2,0,0,TOWNS,TOWNS,BASS COAST,"EASTERN REGION,EASTERN REGION",B,B,Arterial Highway,"Arterial Highway,Local Road",Undivided,Undiv,Country
3402433,T20130015243,ABS to receive accident,Finished,24/7/2013,04.00.00,Yes,Collision with a fixed object,Wednesday,LEFT OFF CARRIAGEWAY INTO OBJECT/PARKED VEHICLE,No,Dark No street lights,Yes,Cross intersection,Serious injury accident,100 km/hr,Yes,50267,144.54192,-38.22608,Intersection,GEELONG,SOUTH WESTERN REGION,2459886.535,2363832.691,1,1,0,1,0,0,1,0,0,0,1,0,0,0,0,0,0,0,0,1,No,0,1,0,1,0,0,RURAL_VICTORIA,RURAL_VICTORIA,GEELONG,SOUTH WESTERN REGION,B,"B,C",Arterial Highway,"Arterial Highway,Arterial Other",Divided,Div,Country
3402434,T20130015245,ABS to receive accident,Finished,24/7/2013,05.30.00,Yes,Struck animal,Wednesday,STRUCK ANIMAL,No,Dark No street lights,Yes,Not at intersection,Serious injury accident,100 km/hr,No,262100,145.39923,-38.14297,Non-Intersection,CASEY,METROPOLITAN SOUTH EAST REGION,2534998.788,2373081.612,1,1,0,1,0,0,1,0,0,0,1,0,0,0,0,0,0,0,0,0,No,0,1,0,1,0,0,SMALL_TOWNS,SMALL_TOWNS,CASEY,METROPOLITAN SOUTH EAST REGION,C,C,Arterial Other,Arterial Other,Undivided,Undiv,Metro
3402435,T20130015251,ABS to receive accident,Finished,24/7/2013,08.30.00,No,Collision with vehicle,Wednesday,VEHICLE STRIKES DOOR OF PARKED/STATIONARY VEHICLE,No,Day,Yes,Not at intersection,Other injury accident,50 km/hr,No,262056,144.95111,-37.81994,Non-Intersection,MELBOURNE,METROPOLITAN NORTH WEST REGION,2495695.733,2409007.954,3,1,0,0,1,2,2,1,0,1,1,0,0,1,0,0,0,0,0,0,No,0,2,0,1,1,0,MELB_URBAN,MELB_URBAN,MELBOURNE,METROPOLITAN NORTH WEST REGION,,,Local Road,Local Road,Undivided,Undiv,Metro
3402436,T20130015252,ABS to receive accident,Finished,21/7/2013,11.00.00,No,Collision with vehicle,Sunday,CROSS TRAFFIC(INTERSECTIONS ONLY),Yes,Day,No,Cross intersection,Other injury accident,60 km/hr,No,64118,145.02615,-37.77324,Intersection,DAREBIN,METROPOLITAN NORTH WEST REGION,2502303.703,2414192.516,2,1,0,0,1,1,2,0,1,0,1,0,0,0,0,0,0,0,0,0,No,0,2,0,1,0,0,MELB_URBAN,MELB_URBAN,DAREBIN,METROPOLITAN NORTH WEST REGION,,,Arterial Other,"Arterial Other,Local Road",Undivided,Undiv,Metro
3402437,T20130015253,ABS to receive accident,Finished,23/7/2013,19.05.00,Yes,Struck Pedestrian,Tuesday,FAR SIDE. PED HIT BY VEHICLE FROM THE LEFT,No,Dark Street lights on,Yes,Not at intersection,Other injury accident,40 km/hr,No,262055,145.16327,-37.87834,Non-Intersection,MONASH,METROPOLITAN SOUTH EAST REGION,2514363.482,2402514.839,2,1,0,0,1,1,2,0,0,0,1,1,0,0,0,1,0,0,0,0,No,0,1,0,1,0,0,MELB_URBAN,MELB_URBAN,MONASH,METROPOLITAN SOUTH EAST REGION,,,Local Road,Local Road,Undivided,Undiv,Metro
3402438,T20130015257,ABS to receive accident,Finished,24/7/2013,07.50.00,No,Collision with vehicle,Wednesday,OTHER ADJACENT (INTERSECTIONS ONLY),No,Day,No,Multiple intersection,Other injury accident,60 km/hr,No,264433,144.82261,-37.7809,Intersection,BRIMBANK,METROPOLITAN NORTH WEST REGION,2484374.123,2413327.402,2,1,0,0,1,1,1,1,0,0,2,0,0,0,0,0,0,0,0,1,No,0,2,0,2,0,0,MELB_URBAN,MELB_URBAN,BRIMBANK,METROPOLITAN NORTH WEST REGION,,,Local Road,Local Road,Undivided,Undiv,Metro
3402439,T20130015269,ABS to receive accident,Finished,23/7/2013,06.50.00,No,Struck Pedestrian,Tuesday,FAR SIDE. PED HIT BY VEHICLE FROM THE LEFT,No,Dark Street lights on,Yes,Not at intersection,Serious injury accident,60 km/hr,No,262099,144.83069,-37.7884,Non-Intersection,BRIMBANK,METROPOLITAN NORTH WEST REGION,2485087.313,2412496.53,2,1,0,1,0,1,2,0,0,0,1,1,0,0,0,0,0,0,0,0,No,0,2,0,1,0,1,MELB_URBAN,MELB_URBAN,BRIMBANK,METROPOLITAN NORTH WEST REGION,,,Local Road,Local Road,Undivided,Undiv,Metro
3402440,T20130015270,ABS to receive accident,Finished,23/7/2013,10.30.00,No,No collision and no object struck,Tuesday,OUT OF CONTROL ON CARRIAGEWAY (ON STRAIGHT),No,Day,No,T intersection,Other injury accident,50 km/hr,No,41761,145.14662,-37.91049,Intersection,MONASH,METROPOLITAN SOUTH EAST REGION,2512892.906,2398949.444,2,1,0,0,1,1,1,1,1,0,0,0,0,0,1,0,0,0,0,0,No,0,2,0,0,0,0,MELB_URBAN,MELB_URBAN,MONASH,METROPOLITAN SOUTH EAST REGION,,,Local Road,Local Road,Undivided,Undiv,Metro
3402441,T20130015272,ABS to receive accident,Finished,24/7/2013,08.00.00,No,Collision with vehicle,Wednesday,RIGHT NEAR (INTERSECTIONS ONLY),No,Day,Yes,T intersection,Other injury accident,60 km/hr,No,42642,144.95681,-37.7332,Intersection,MORELAND,METROPOLITAN NORTH WEST REGION,2496193.065,2418635.496,2,1,0,0,1,1,2,0,0,0,1,0,0,1,0,0,0,0,0,0,No,0,2,0,1,1,0,MELB_URBAN,MELB_URBAN,MORELAND,METROPOLITAN NORTH WEST REGION,,,Arterial Other,"Arterial Other,Local Road",Undivided,Undiv,Metro
3402442,T20130015273,ABS to receive accident,Finished,10/7/2013,05.40.00,Yes,Collision with vehicle,Wednesday,CROSS TRAFFIC(INTERSECTIONS ONLY),No,Dark Street lights on,No,Cross intersection,Other injury accident,100 km/hr,No,900,145.1945,-38.0722,Intersection,FRANKSTON,METROPOLITAN SOUTH EAST REGION,2517067.028,2380992.676,2,1,0,0,1,1,2,0,0,0,2,0,0,0,0,0,0,0,0,1,No,0,2,0,2,0,0,MELB_URBAN,MELB_URBAN,FRANKSTON,METROPOLITAN SOUTH EAST REGION,,,,,,,Metro
3402443,T20130015275,ABS to receive accident,Finished,24/7/2013,12.51.00,No,Collision with a fixed object,Wednesday,LEFT OFF CARRIAGEWAY INTO OBJECT/PARKED VEHICLE,No,Day,Yes,Not at intersection,Other injury accident,60 km/hr,Yes,264697,145.08147,-37.82406,Non-Intersection,BOROONDARA,METROPOLITAN SOUTH EAST REGION,2507172.384,2408548.814,3,2,0,0,2,1,1,2,0,2,1,0,0,0,0,0,0,0,0,0,No,0,1,0,1,0,0,MELB_URBAN,MELB_URBAN,BOROONDARA,METROPOLITAN SOUTH EAST REGION,,,Arterial Other,Arterial Other,Undivided,Undiv,Metro