OBJECTID,ACCIDENT_NO,ABS_CODE,ACCIDENT_STATUS,ACCIDENT_DATE,ACCIDENT_TIME,ALCOHOLTIME,ACCIDENT_TYPE,DAY_OF_WEEK,DCA_CODE,HIT_RUN_FLAG,LIGHT_CONDITION,POLICE_ATTEND,ROAD_GEOMETRY,SEVERITY,SPEED_ZONE,RUN_OFFROAD,NODE_ID,LONGITUDE,LATITUDE,NODE_TYPE,LGA_NAME,REGION_NAME,VICGRID_X,VICGRID_Y,TOTAL_PERSONS,INJ_OR_FATAL,FATALITY,SERIOUSINJURY,OTHERINJURY,NONINJURED,MALES,FEMALES,BICYCLIST,PASSENGER,DRIVER,PEDESTRIAN,PILLION,MOTORIST,UNKNOWN,PED_CYCLIST_5_12,PED_CYCLIST_13_18,OLD_PEDESTRIAN,OLD_DRIVER,YOUNG_DRIVER,ALCOHOL_RELATED,UNLICENCSED,NO_OF_VEHICLES,HEAVYVEHICLE,PASSENGERVEHICLE,MOTORCYCLE,PUBLICVEHICLE,DEG_URBAN_NAME,DEG_URBAN_ALL,LGA_NAME_ALL,REGION_NAME_ALL,SRNS,SRNS_ALL,RMA,RMA_ALL,DIVIDED,DIVIDED_ALL,STAT_DIV_NAME
3402444,T20130015278,ABS to receive accident,Finished,24/7/2013,12.00.00,No,Collision with a fixed object,Wednesday,OFF RIGHT BEND INTO OBJECT/PARKED VEHICLE,No,Day,Yes,Not at intersection,Serious injury accident,100 km/hr,Yes,262176,143.92582,-37.71097,Non-Intersection,BALLARAT,WESTERN REGION,2405292.188,2420568.92,1,1,0,1,0,0,0,1,0,0,1,0,0,0,0,0,0,0,0,1,No,0,1,0,1,0,0,RURAL_VICTORIA,RURAL_VICTORIA,"MOORABOOL,BALLARAT",WESTERN REGION,,,Local Road,Local Road,Undivided,Undiv,Country
3402445,T20130015280,ABS to receive accident,Finished,24/7/2013,10.30.00,No,Collision with vehicle,Wednesday,REAR END(VEHICLES IN SAME LANE),No,Day,No,Not at intersection,Other injury accident,80 km/hr,No,262323,145.21152,-37.98236,Non-Intersection,DANDENONG,METROPOLITAN SOUTH EAST REGION,2518582.834,2390961.681,2,1,0,0,1,1,1,1,0,0,2,0,0,0,0,0,0,0,0,0,No,0,2,0,2,0,0,MELB_URBAN,MELB_URBAN,DANDENONG,METROPOLITAN SOUTH EAST REGION,,,Arterial Highway,Arterial Highway,Divided,Div,Metro
3402446,T20130015281,ABS to receive accident,Finished,24/7/2013,11.40.00,No,Collision with vehicle,Wednesday,VEHICLE COLLIDES WITH VEHICLE PARKED ON LEFT OF ROAD,No,Day,Yes,Not at intersection,Other injury accident,60 km/hr,No,262324,145.6415,-35.91759,Non-Intersection,MOIRA,NORTH EASTERN REGION,2557900.87,2619906.534,1,1,0,0,1,0,1,0,0,0,1,0,0,0,0,0,0,0,1,0,No,0,3,0,3,0,0,TOWNS,TOWNS,MOIRA,NORTH EASTERN REGION,C,C,Arterial Other,Arterial Other,Undivided,Undiv,Country
3402447,T20130015283,ABS to receive accident,Finished,22/7/2013,19.15.00,Yes,Collision with vehicle,Monday,REAR END(VEHICLES IN SAME LANE),Yes,Dark Street lights on,No,Cross intersection,Other injury accident,80 km/hr,No,29784,144.92878,-37.64055,Intersection,HUME,METROPOLITAN NORTH WEST REGION,2493714.794,2428916.521,3,1,0,0,1,2,2,1,0,1,2,0,0,0,0,0,0,0,0,0,No,0,2,0,2,0,0,MELB_URBAN,MELB_URBAN,HUME,METROPOLITAN NORTH WEST REGION,,,Arterial Other,"Arterial Other,Local Road",Divided,Div,Metro
3402448,T20130015285,ABS to receive accident,Finished,24/7/2013,13.30.00,No,No collision and no object struck,Wednesday,OFF CARRIAGEWAY ON RIGHT BEND,No,Day,Yes,Not at intersection,Serious injury accident,100 km/hr,Yes,262430,147.05776,-36.41325,Non-Intersection,INDIGO,NORTH EASTERN REGION,2684529.474,2563109.752,1,1,0,1,0,0,0,1,0,0,1,0,0,0,0,0,0,0,0,1,No,0,1,0,1,0,0,RURAL_VICTORIA,RURAL_VICTORIA,INDIGO,NORTH EASTERN REGION,,,Local Road,Local Road,Undivided,Undiv,Country
3402449,T20130015287,ABS to receive accident,Finished,24/7/2013,15.10.00,No,Collision with vehicle,Wednesday,RIGHT NEAR (INTERSECTIONS ONLY),No,Day,Yes,T intersection,Other injury accident,60 km/hr,No,45402,144.92172,-37.78561,Intersection,MOONEE VALLEY,METROPOLITAN NORTH WEST REGION,2493104.668,2412817.022,3,3,0,0,3,0,2,1,0,1,2,0,0,0,0,0,0,0,1,0,No,0,2,0,2,0,0,MELB_URBAN,MELB_URBAN,MOONEE VALLEY,METROPOLITAN NORTH WEST REGION,,,Arterial Other,"Arterial Other,Local Road",Undivided,Undiv,Metro
3402450,T20130015289,ABS to receive accident,Finished,24/7/2013,15.40.00,No,Collision with vehicle,Wednesday,LEFT NEAR (INTERSECTIONS ONLY),No,Day,Yes,T intersection,Other injury accident,60 km/hr,No,45257,144.89777,-37.76963,Intersection,MARIBYRNONG,METROPOLITAN NORTH WEST REGION,2490992.998,2414588.064,2,1,0,0,1,1,2,0,0,0,2,0,0,0,0,0,0,0,0,0,No,0,2,0,2,0,0,MELB_URBAN,MELB_URBAN,MARIBYRNONG,METROPOLITAN NORTH WEST REGION,,,Arterial Other,"Arterial Other,Local Road",Undivided,Undiv,Metro
3402451,T20130015292,ABS to receive accident,Finished,24/7/2013,16.58.00,No,Struck Pedestrian,Wednesday,PED NEAR SIDE. PED HIT BY VEHICLE FROM THE RIGHT.,No,Day,Yes,Not at intersection,Serious injury accident,70 km/hr,No,262102,144.68338,-37.87442,Non-Intersection,WYNDHAM,METROPOLITAN NORTH WEST REGION,2472144.271,2402916.396,2,1,0,1,0,1,1,1,0,0,1,1,0,0,0,0,1,0,0,1,No,0,1,0,1,0,0,MELB_URBAN,MELB_URBAN,WYNDHAM,METROPOLITAN NORTH WEST REGION,C,C,Arterial Other,Arterial Other,Divided,Div,Metro
3402452,T20130015293,ABS to receive accident,Finished,24/7/2013,15.50.00,No,Collision with vehicle,Wednesday,RIGHT/LEFT. ONE VEH TURNING RIGHT THE OTHER LEFT.,No,Day,Yes,Cross intersection,Serious injury accident,60 km/hr,No,39959,144.85632,-37.83207,Intersection,HOBSONS BAY,METROPOLITAN NORTH WEST REGION,2487351.876,2407653.614,2,2,0,1,1,0,2,0,0,0,2,0,0,0,0,0,0,0,1,1,No,0,2,0,2,0,0,MELB_URBAN,MELB_URBAN,HOBSONS BAY,METROPOLITAN NORTH WEST REGION,,,Arterial Other,"Arterial Other,Local Road",Undivided,Undiv,Metro
3402453,T20130015295,ABS to receive accident,Finished,24/7/2013,17.45.00,No,Collision with vehicle,Wednesday,LANE CHANGE RIGHT (NOT OVERTAKING),No,Dark Street lights on,Yes,Not at intersection,Serious injury accident,60 km/hr,No,263720,145.09529,-37.81452,Non-Intersection,BOROONDARA,METROPOLITAN SOUTH EAST REGION,2508390.145,2409606.655,2,1,0,1,0,1,2,0,1,0,1,0,0,0,0,0,0,0,0,1,No,0,2,0,1,0,0,MELB_URBAN,MELB_URBAN,BOROONDARA,METROPOLITAN SOUTH EAST REGION,,,Arterial Other,Arterial Other,Undivided,Undiv,Metro
3402454,T20130015296,ABS to receive accident,Finished,24/7/2013,16.46.00,No,Collision with vehicle,Wednesday,VEHICLE STRIKES ANOTHER VEH WHILE EMERGING FROM DRIVEWAY,Yes,Day,Yes,Not at intersection,Serious injury accident,90 km/hr,No,262157,145.30096,-38.08522,Non-Intersection,CASEY,METROPOLITAN SOUTH EAST REGION,2526404.041,2379522.733,2,1,0,1,0,1,2,0,0,0,2,0,0,0,0,0,0,0,0,0,No,1,2,0,2,0,0,MELB_URBAN,MELB_URBAN,CASEY,METROPOLITAN SOUTH EAST REGION,,,Arterial Other,Arterial Other,Undivided,Undiv,Metro
3402455,T20130015297,ABS to receive accident,Finished,21/7/2013,16.00.00,Yes,Struck Pedestrian,Sunday,PED NEAR SIDE. PED HIT BY VEHICLE FROM THE RIGHT.,No,Day,No,Y intersection,Other injury accident,50 km/hr,No,37006,144.97615,-37.82309,Non-Intersection,MELBOURNE,METROPOLITAN NORTH WEST REGION,2497900.014,2408659.594,2,2,0,0,2,0,1,1,0,0,1,1,0,0,0,0,0,0,0,0,No,0,1,0,1,0,0,MELB_URBAN,MELB_URBAN,MELBOURNE,METROPOLITAN NORTH WEST REGION,,,Arterial Highway,Arterial Highway,Divided,Div,Metro
3402456,T20130015298,ABS to receive accident,Finished,24/7/2013,16.40.00,No,Collision with vehicle,Wednesday,CROSS TRAFFIC(INTERSECTIONS ONLY),No,Day,Yes,Cross intersection,Other injury accident,50 km/hr,No,51098,145.35715,-36.39163,Intersection,SHEPPARTON,NORTH EASTERN REGION,2532039.307,2567442.597,2,1,0,0,1,1,2,0,0,0,2,0,0,0,0,0,0,0,0,0,No,0,2,0,2,0,0,SMALL_CITIES,SMALL_CITIES,SHEPPARTON,NORTH EASTERN REGION,,,Local Road,Local Road,Undivided,Undiv,Country
3402457,T20130015299,ABS to receive accident,Finished,24/7/2013,17.38.00,No,Collision with vehicle,Wednesday,RIGHT NEAR (INTERSECTIONS ONLY),No,Dusk/Dawn,Yes,T intersection,Serious injury accident,70 km/hr,No,53376,144.73119,-36.15517,Intersection,CAMPASPE,NORTHERN REGION,2475811.949,2593705.314,3,3,0,2,1,0,1,2,0,1,2,0,0,0,0,0,0,0,0,1,No,0,2,0,2,0,0,RURAL_VICTORIA,RURAL_VICTORIA,CAMPASPE,NORTHERN REGION,B,B,Arterial Highway,"Arterial Highway,Local Road",Undivided,Undiv,Country
3402458,T20130015301,ABS to receive accident,Finished,24/7/2013,18.00.00,Yes,Collision with vehicle,Tuesday,RIGHT TURN SIDESWIPE,No,Dark Street lights on,Yes,T intersection,Serious injury accident,60 km/hr,No,29684,145.1209,-37.91906,Intersection,MONASH,METROPOLITAN SOUTH EAST REGION,2510630.433,2398001.822,7,2,0,2,0,5,3,4,0,5,2,0,0,0,0,0,0,0,0,0,No,0,2,1,1,0,0,MELB_URBAN,MELB_URBAN,MONASH,METROPOLITAN SOUTH EAST REGION,,,Arterial Other,"Arterial Other,Local Road",Divided,"Div,Undiv",Metro
3402459,T20130015302,ABS to receive accident,Finished,24/7/2013,08.15.00,No,Collision with vehicle,Wednesday,REAR END(VEHICLES IN SAME LANE),No,Day,No,Not at intersection,Other injury accident,50 km/hr,No,262326,144.91173,-37.75857,Non-Intersection,MOONEE VALLEY,METROPOLITAN NORTH WEST REGION,2492222.148,2415816.779,4,2,0,0,2,2,1,2,0,2,1,0,0,0,1,0,0,0,0,0,No,0,2,0,1,0,0,MELB_URBAN,MELB_URBAN,MOONEE VALLEY,METROPOLITAN NORTH WEST REGION,,,Local Road,Local Road,Undivided,Undiv,Metro
3402460,T20130015305,ABS to receive accident,Finished,24/7/2013,13.50.00,No,Collision with vehicle,Wednesday,CROSS TRAFFIC(INTERSECTIONS ONLY),No,Day,Yes,Cross intersection,Other injury accident,100 km/hr,No,19446,144.15878,-36.80968,Intersection,BENDIGO,NORTHERN REGION,2424947.643,2520785.695,3,2,0,0,2,1,2,1,0,1,2,0,0,0,0,0,0,0,0,0,No,0,2,0,2,0,0,RURAL_VICTORIA,RURAL_VICTORIA,BENDIGO,NORTHERN REGION,A,"A,C",Arterial Highway,"Arterial Highway,Arterial Other",Undivided,Undiv,Country
3402461,T20130015315,ABS to receive accident,Finished,24/7/2013,18.10.00,Yes,Collision with vehicle,Wednesday,REAR END(VEHICLES IN SAME LANE),Yes,Dark Street lights on,Yes,T intersection,Serious injury accident,80 km/hr,No,57616,145.13647,-38.02222,Intersection,DANDENONG,METROPOLITAN SOUTH EAST REGION,2511982.984,2386548.754,3,1,0,1,0,2,3,0,1,0,2,0,0,0,0,0,0,0,0,0,No,0,3,0,1,0,0,MELB_URBAN,MELB_URBAN,"KINGSTON,DANDENONG",METROPOLITAN SOUTH EAST REGION,,,Arterial Highway,"Arterial Highway,Local Road",Divided,"Div,Undiv",Metro
3402462,T20130015318,ABS to receive accident,Finished,24/7/2013,22.00.00,Yes,Collision with vehicle,Tuesday,RIGHT THROUGH,No,Dark Street lights on,Yes,Multiple intersection,Serious injury accident,70 km/hr,No,11041,145.02848,-37.68748,Intersection,WHITTLESEA,METROPOLITAN NORTH WEST REGION,2502534.776,2423707.811,6,6,0,2,4,0,0,6,0,4,2,0,0,0,0,0,0,0,0,1,No,0,2,0,2,0,0,MELB_URBAN,MELB_URBAN,WHITTLESEA,METROPOLITAN NORTH WEST REGION,,,Arterial Other,Arterial Other,Divided,Div,Metro
3402463,T20130015319,ABS to receive accident,Finished,24/7/2013,19.30.00,Yes,Collision with vehicle,Wednesday,REAR END(VEHICLES IN SAME LANE),No,Dark No street lights,Yes,Not at intersection,Serious injury accident,80 km/hr,No,263721,145.07027,-37.67552,Non-Intersection,WHITTLESEA,METROPOLITAN NORTH WEST REGION,2506198.286,2425035.505,3,1,0,1,0,2,2,1,0,1,2,0,0,0,0,0,0,0,0,0,Yes,0,2,0,2,0,0,MELB_URBAN,MELB_URBAN,WHITTLESEA,METROPOLITAN NORTH WEST REGION,C,C,Arterial Other,Arterial Other,Divided,Div,Metro
3402464,T20130015322,ABS to receive accident,Finished,19/7/2013,20.10.00,Yes,Collision with vehicle,Friday,VEHICLE STRIKES ANOTHER VEH WHILE EMERGING FROM DRIVEWAY,No,Dark Street lights on,No,Not at intersection,Other injury accident,60 km/hr,No,263058,145.15393,-37.81893,Non-Intersection,WHITEHORSE,METROPOLITAN SOUTH EAST REGION,2513552.364,2409110.567,6,1,0,0,1,5,1,2,0,4,2,0,0,0,0,0,0,0,0,0,No,0,2,0,2,0,0,MELB_URBAN,MELB_URBAN,WHITEHORSE,METROPOLITAN SOUTH EAST REGION,,,Arterial Other,Arterial Other,Undivided,Undiv,Metro
3402465,T20130015326,ABS to receive accident,Finished,25/7/2013,02.11.00,Yes,Collision with a fixed object,Thursday,LEFT OFF CARRIAGEWAY INTO OBJECT/PARKED VEHICLE,No,Dark Street lights on,Yes,T intersection,Other injury accident,40 km/hr,Yes,36928,144.96248,-37.8189,Intersection,MELBOURNE,METROPOLITAN NORTH WEST REGION,2496696.526,2409124.591,2,2,0,0,2,0,1,1,0,1,1,0,0,0,0,0,0,0,0,0,No,0,1,0,1,0,0,MELBOURNE_CBD,"MELBOURNE_CBD,MELB_URBAN",MELBOURNE,METROPOLITAN NORTH WEST REGION,,,Local Road,Local Road,Divided,"Div,Undiv",Metro
3402466,T20130015327,ABS to receive accident,Finished,25/7/2013,01.00.00,Yes,Collision with a fixed object,Thursday,OFF RIGHT BEND INTO OBJECT/PARKED VEHICLE,No,Dark No street lights,Yes,Not at intersection,Serious injury accident,100 km/hr,Yes,257718,143.86365,-36.88702,Non-Intersection,LODDON,NORTHERN REGION,2398719.757,2511931.559,4,1,0,1,0,3,2,2,0,3,1,0,0,0,0,0,0,0,0,0,No,0,1,0,1,0,0,RURAL_VICTORIA,RURAL_VICTORIA,LODDON,NORTHERN REGION,C,C,Arterial Other,Arterial Other,Undivided,Undiv,Country
3402467,T20130015329,ABS to receive accident,Finished,25/7/2013,05.13.00,Yes,Collision with vehicle,Thursday,VEHICLE COLLIDES WITH VEHICLE PARKED ON LEFT OF ROAD,No,Dark Street lights on,Yes,Not at intersection,Serious injury accident,50 km/hr,No,262103,144.94044,-37.64661,Non-Intersection,HUME,METROPOLITAN NORTH WEST REGION,2494744.103,2428244.187,1,1,0,1,0,0,1,0,0,0,1,0,0,0,0,0,0,0,0,0,No,0,2,0,1,0,0,MELB_URBAN,MELB_URBAN,HUME,METROPOLITAN NORTH WEST REGION,,,Local Road,Local Road,Undivided,Undiv,Metro
3402468,T20130015334,ABS to receive accident,Finished,22/7/2013,11.05.00,No,Collision with a fixed object,Monday,RIGHT OFF CARRIAGEWAY INTO OBJECT/PARKED VEHICLE,No,Day,Yes,Not at intersection,Other injury accident,80 km/hr,Yes,262278,145.11626,-38.3632,Non-Intersection,MORNINGTON PENINSULA,METROPOLITAN SOUTH EAST REGION,2510162.004,2348700.201,1,1,0,0,1,0,0,1,0,0,1,0,0,0,0,0,0,0,0,1,No,0,1,0,1,0,0,RURAL_VICTORIA,RURAL_VICTORIA,MORNINGTON PENINSULA,METROPOLITAN SOUTH EAST REGION,C,C,Arterial Other,Arterial Other,Undivided,Undiv,Metro
3402469,T20130015335,ABS to receive accident,Finished,25/7/2013,07.30.00,No,Collision with vehicle,Thursday,LANE CHANGE RIGHT (NOT OVERTAKING),No,Day,Yes,Not at intersection,Serious injury accident,70 km/hr,No,262335,144.95395,-37.65912,Non-Intersection,HUME,METROPOLITAN NORTH WEST REGION,2495936.783,2426856.826,2,1,0,1,0,1,2,0,0,0,1,0,0,1,0,0,0,0,0,0,No,0,2,0,1,1,0,MELB_URBAN,MELB_URBAN,HUME,METROPOLITAN NORTH WEST REGION,,,Arterial Other,Arterial Other,Divided,Div,Metro
3402470,T20130015339,ABS to receive accident,Finished,25/7/2013,07.00.00,No,Collision with a fixed object,Thursday,OFF RIGHT BEND INTO OBJECT/PARKED VEHICLE,No,Dusk/Dawn,Yes,Not at intersection,Serious injury accident,100 km/hr,Yes,262250,146.40847,-38.60433,Non-Intersection,SOUTH GIPPSLAND,EASTERN REGION,2622711.981,2321026.757,2,1,0,1,0,1,1,1,0,1,1,0,0,0,0,0,0,0,0,0,No,0,1,0,1,0,0,RURAL_VICTORIA,RURAL_VICTORIA,SOUTH GIPPSLAND,"EASTERN REGION,EASTERN REGION",,,Local Road,Local Road,Undivided,Undiv,Country
3402471,T20130015340,ABS to receive accident,Finished,25/7/2013,07.00.00,No,Collision with a fixed object,Thursday,OFF LEFT BEND INTO OBJECT/PARKED VEHICLE,No,Dark No street lights,Yes,Not at intersection,Serious injury accident,100 km/hr,Yes,264382,144.97253,-37.09611,Non-Intersection,MITCHELL,NORTHERN REGION,2497558.026,2489335.641,1,1,0,1,0,0,0,1,0,0,1,0,0,0,0,0,0,0,0,0,No,0,1,0,1,0,0,RURAL_VICTORIA,RURAL_VICTORIA,MITCHELL,NORTHERN REGION,,,Local Road,Local Road,Undivided,Undiv,Country
3402472,T20130015123,ABS to receive accident,Finished,22/7/2013,10.50.00,No,Struck Pedestrian,Monday,PED ON FOOTHPATH STRUCK BY VEHENTERING/LEAVING DRIVEWAY.,No,Day,Yes,Not at intersection,Other injury accident,50 km/hr,No,229172,144.89509,-38.35843,Non-Intersection,MORNINGTON PENINSULA,METROPOLITAN SOUTH EAST REGION,2490829.408,2349230.841,3,1,0,0,1,2,2,1,0,1,1,1,0,0,0,0,0,1,0,0,No,0,1,0,1,0,0,MELB_URBAN,MELB_URBAN,MORNINGTON PENINSULA,METROPOLITAN SOUTH EAST REGION,B,B,Arterial Highway,Arterial Highway,Divided,Div,Metro
3402473,T20130015125,ABS to receive accident,Finished,20/7/2013,10.45.00,No,Collision with vehicle,Saturday,RIGHT THROUGH,No,Day,No,Cross intersection,Other injury accident,60 km/hr,No,41313,145.03006,-37.88088,Intersection,GLEN EIRA,METROPOLITAN SOUTH EAST REGION,2502644.798,2402245.156,3,1,0,0,1,2,0,3,0,1,2,0,0,0,0,0,0,0,0,0,No,0,2,0,2,0,0,MELB_URBAN,MELB_URBAN,GLEN EIRA,METROPOLITAN SOUTH EAST REGION,,,Arterial Other,"Arterial Other,Local Road",Undivided,Undiv,Metro
3402474,T20130015127,ABS to receive accident,Finished,21/7/2013,03.20.00,Yes,Collision with a fixed object,Sunday,RIGHT OFF CARRIAGEWAY INTO OBJECT/PARKED VEHICLE,No,Dark No street lights,Yes,Not at intersection,Serious injury accident,110 km/hr,Yes,262246,145.95385,-38.1684,Non-Intersection,BAW BAW,EASTERN REGION,2583590.314,2369913.341,2,1,0,1,0,1,2,0,0,1,1,0,0,0,0,0,0,0,0,1,No,0,1,0,1,0,0,RURAL_VICTORIA,RURAL_VICTORIA,BAW BAW,"EASTERN REGION,EASTERN REGION",M,M,Freeway,Freeway,Divided,Div,Country
3402475,T20130015129,ABS to receive accident,Finished,22/7/2013,15.00.00,No,Collision with vehicle,Monday,VEHICLE COLLIDES WITH VEHICLE PARKED ON LEFT OF ROAD,No,Day,Yes,T intersection,Serious injury accident,60 km/hr,No,262247,144.90888,-38.36367,Intersection,MORNINGTON PENINSULA,METROPOLITAN SOUTH EAST REGION,2492035.03,2348650.503,1,1,0,1,0,0,0,1,0,0,0,0,0,1,0,0,0,0,0,0,No,0,2,0,0,1,0,MELB_URBAN,MELB_URBAN,MORNINGTON PENINSULA,METROPOLITAN SOUTH EAST REGION,,,Local Road,Local Road,Undivided,Undiv,Metro
3402476,T20130015130,ABS to receive accident,Finished,22/7/2013,14.29.00,No,Struck Pedestrian,Monday,ANY MANOEUVRE INVOLVING PED NOT INCLUDED IN DCAs 100-108.,No,Day,Yes,Not at intersection,Serious injury accident,40 km/hr,No,262098,145.02824,-37.86301,Non-Intersection,STONNINGTON,METROPOLITAN SOUTH EAST REGION,2502484.486,2404228.808,2,1,0,1,0,1,1,1,0,0,1,1,0,0,0,0,0,1,0,0,No,0,1,0,1,0,0,MELB_URBAN,MELB_URBAN,STONNINGTON,METROPOLITAN SOUTH EAST REGION,,,Arterial Other,Arterial Other,Undivided,Undiv,Metro
3402477,T20130015131,ABS to receive accident,Finished,22/7/2013,12.00.00,No,Collision with vehicle,Monday,RIGHT NEAR (INTERSECTIONS ONLY),No,Day,Yes,T intersection,Other injury accident,60 km/hr,No,40496,145.07625,-37.83363,Intersection,BOROONDARA,METROPOLITAN SOUTH EAST REGION,2506711.965,2407487.676,2,1,0,0,1,1,1,1,0,0,2,0,0,0,0,0,0,0,0,1,No,0,2,0,2,0,0,MELB_URBAN,MELB_URBAN,BOROONDARA,METROPOLITAN SOUTH EAST REGION,,,Arterial Other,"Arterial Other,Local Road",Undivided,Undiv,Metro
3402478,T20130015132,ABS to receive accident,Finished,22/7/2013,11.05.00,No,Collision with vehicle,Monday,HEAD ON (NOT OVERTAKING),No,Day,Yes,Not at intersection,Fatal accident,100 km/hr,No,262267,144.90022,-37.53503,Non-Intersection,HUME,METROPOLITAN NORTH WEST REGION,2491181.925,2440624.025,2,2,1,0,1,0,2,0,0,0,2,0,0,0,0,0,0,0,0,0,No,0,2,1,1,0,0,RURAL_VICTORIA,RURAL_VICTORIA,HUME,METROPOLITAN NORTH WEST REGION,C,C,Arterial Other,Arterial Other,Undivided,Undiv,Metro
3402479,T20130015133,ABS to receive accident,Finished,22/7/2013,15.30.00,No,Struck Pedestrian,Monday,PED NEAR SIDE. PED HIT BY VEHICLE FROM THE RIGHT.,No,Day,Yes,Cross intersection,Other injury accident,40 km/hr,No,29420,144.96002,-37.81961,Intersection,MELBOURNE,METROPOLITAN NORTH WEST REGION,2496479.808,2409044.898,2,1,0,0,1,1,0,2,0,0,1,1,0,0,0,0,0,0,0,0,No,0,1,0,1,0,0,MELBOURNE_CBD,"MELBOURNE_CBD,MELB_URBAN",MELBOURNE,METROPOLITAN NORTH WEST REGION,,,Local Road,Local Road,Undivided,Undiv,Metro
3402480,T20130015136,ABS to receive accident,Finished,22/7/2013,13.00.00,No,Vehicle overturned (no collision),Monday,OFF CARRIAGEWAY ON LEFT BEND,No,Day,Yes,Not at intersection,Serious injury accident,40 km/hr,Yes,262292,141.85576,-35.36914,Non-Intersection,MILDURA,WESTERN REGION,2214243.436,2676241.723,1,1,0,1,0,0,1,0,0,0,1,0,0,0,0,0,0,0,0,0,No,0,1,0,1,0,0,RURAL_VICTORIA,RURAL_VICTORIA,MILDURA,WESTERN REGION,,,Local Road,Local Road,Undivided,Undiv,Country
3402481,T20130015137,ABS to receive accident,Finished,20/7/2013,21.00.00,Yes,Collision with vehicle,Friday,RIGHT NEAR (INTERSECTIONS ONLY),No,Dark Street lights on,Yes,T intersection,Other injury accident,70 km/hr,No,29392,145.08071,-37.76006,Intersection,MANNINGHAM,METROPOLITAN SOUTH EAST REGION,2507111.39,2415652.279,3,1,0,0,1,2,2,1,0,0,3,0,0,0,0,0,0,0,0,1,No,0,3,0,3,0,0,MELB_URBAN,MELB_URBAN,MANNINGHAM,METROPOLITAN SOUTH EAST REGION,,,Arterial Highway,"Arterial Highway,Arterial Other",Divided,Div,Metro
3402482,T20130015142,ABS to receive accident,Finished,10/7/2013,13.45.00,No,Collision with vehicle,Wednesday,REAR END(VEHICLES IN SAME LANE),No,Day,No,Cross intersection,Other injury accident,60 km/hr,No,29507,145.13391,-37.75961,Intersection,MANNINGHAM,METROPOLITAN SOUTH EAST REGION,2511799.203,2415696.553,2,1,0,0,1,1,0,2,0,0,2,0,0,0,0,0,0,0,0,1,No,0,2,0,2,0,0,MELB_URBAN,MELB_URBAN,MANNINGHAM,METROPOLITAN SOUTH EAST REGION,,,Arterial Other,Arterial Other,Divided,Div,Metro
3402483,T20130015144,ABS to receive accident,Finished,22/7/2013,16.30.00,No,Collision with a fixed object,Monday,LEFT OFF CARRIAGEWAY INTO OBJECT/PARKED VEHICLE,No,Day,Yes,T intersection,Other injury accident,60 km/hr,Yes,44575,144.92598,-37.69035,Intersection,HUME,METROPOLITAN NORTH WEST REGION,2493471.766,2423388.837,1,1,0,0,1,0,1,0,0,0,1,0,0,0,0,0,0,0,0,0,No,0,1,0,1,0,0,MELB_URBAN,MELB_URBAN,HUME,METROPOLITAN NORTH WEST REGION,,,Local Road,Local Road,Undivided,Undiv,Metro
3402484,T20130015146,ABS to receive accident,Finished,22/7/2013,18.30.00,Yes,Struck Pedestrian,Monday,FAR SIDE. PED HIT BY VEHICLE FROM THE LEFT,Yes,Dusk/Dawn,No,Cross intersection,Other injury accident,Not known,No,157,144.9008,-37.79028,Intersection,MARIBYRNONG,METROPOLITAN NORTH WEST REGION,2491262.727,2412296.23,3,1,0,0,1,2,1,1,0,0,1,2,0,0,0,0,0,0,0,0,No,0,1,0,1,0,0,MELB_URBAN,MELB_URBAN,MARIBYRNONG,METROPOLITAN NORTH WEST REGION,,,Arterial Other,"Arterial Other,Local Road",Undivided,Undiv,Metro
3402485,T20130015150,ABS to receive accident,Finished,22/7/2013,19.29.00,Yes,Collision with a fixed object,Monday,RIGHT OFF CARRIAGEWAY INTO OBJECT/PARKED VEHICLE,No,Dark Street lights on,Yes,Not at intersection,Other injury accident,60 km/hr,Yes,262003,144.34773,-38.07637,Non-Intersection,GEELONG,SOUTH WESTERN REGION,2442768.283,2380351.139,1,1,0,0,1,0,0,1,0,0,1,0,0,0,0,0,0,0,0,1,No,0,1,0,1,0,0,LARGE_PROVINCIAL_CITIES,LARGE_PROVINCIAL_CITIES,GEELONG,SOUTH WESTERN REGION,,,Local Road,Local Road,Undivided,Undiv,Country
3402486,T20130015155,ABS to receive accident,Finished,22/7/2013,21.20.00,Yes,Collision with vehicle,Monday,CROSS TRAFFIC(INTERSECTIONS ONLY),No,Dark Street lights on,Yes,Cross intersection,Serious injury accident,40 km/hr,No,29840,144.96182,-37.76886,Intersection,MORELAND,METROPOLITAN NORTH WEST REGION,2496635.892,2414678.32,2,1,0,1,0,1,1,1,0,0,1,0,0,1,0,0,0,0,0,0,No,0,2,0,1,1,0,MELB_URBAN,MELB_URBAN,MORELAND,METROPOLITAN NORTH WEST REGION,,,Arterial Other,"Arterial Other,Local Road",Undivided,Undiv,Metro