OBJECTID,ACCIDENT_NO,ABS_CODE,ACCIDENT_STATUS,ACCIDENT_DATE,ACCIDENT_TIME,ALCOHOLTIME,ACCIDENT_TYPE,DAY_OF_WEEK,DCA_CODE,HIT_RUN_FLAG,LIGHT_CONDITION,POLICE_ATTEND,ROAD_GEOMETRY,SEVERITY,SPEED_ZONE,RUN_OFFROAD,NODE_ID,LONGITUDE,LATITUDE,NODE_TYPE,LGA_NAME,REGION_NAME,VICGRID_X,VICGRID_Y,TOTAL_PERSONS,INJ_OR_FATAL,FATALITY,SERIOUSINJURY,OTHERINJURY,NONINJURED,MALES,FEMALES,BICYCLIST,PASSENGER,DRIVER,PEDESTRIAN,PILLION,MOTORIST,UNKNOWN,PED_CYCLIST_5_12,PED_CYCLIST_13_18,OLD_PEDESTRIAN,OLD_DRIVER,YOUNG_DRIVER,ALCOHOL_RELATED,UNLICENCSED,NO_OF_VEHICLES,HEAVYVEHICLE,PASSENGERVEHICLE,MOTORCYCLE,PUBLICVEHICLE,DEG_URBAN_NAME,DEG_URBAN_ALL,LGA_NAME_ALL,REGION_NAME_ALL,SRNS,SRNS_ALL,RMA,RMA_ALL,DIVIDED,DIVIDED_ALL,STAT_DIV_NAME
3402487,T20130015156,ABS to receive accident,Finished,22/7/2013,17.10.00,No,Collision with vehicle,Monday,CROSS TRAFFIC(INTERSECTIONS ONLY),No,Day,Yes,Cross intersection,Other injury accident,60 km/hr,No,37984,145.00694,-37.74943,Intersection,DAREBIN,METROPOLITAN NORTH WEST REGION,2500611.871,2416835.404,2,1,0,0,1,1,1,1,1,0,1,0,0,0,0,0,0,0,0,1,No,0,2,0,1,0,0,MELB_URBAN,MELB_URBAN,DAREBIN,METROPOLITAN NORTH WEST REGION,,,Local Road,Local Road,Undivided,Undiv,Metro
3402488,T20130015157,ABS to receive accident,Finished,22/7/2013,21.40.00,Yes,Collision with a fixed object,Monday,LEFT OFF CARRIAGEWAY INTO OBJECT/PARKED VEHICLE,No,Dark Street lights on,Yes,Not at intersection,Serious injury accident,50 km/hr,Yes,261968,144.67225,-37.88016,Non-Intersection,WYNDHAM,METROPOLITAN NORTH WEST REGION,2471167.146,2402275.996,1,1,0,1,0,0,0,1,0,0,1,0,0,0,0,0,0,0,0,0,Yes,0,1,0,1,0,0,MELB_URBAN,MELB_URBAN,WYNDHAM,METROPOLITAN NORTH WEST REGION,,,Local Road,Local Road,Undivided,Undiv,Metro
3402489,T20130015159,ABS to receive accident,Finished,22/7/2013,19.25.00,Yes,Collision with a fixed object,Monday,LEFT OFF CARRIAGEWAY INTO OBJECT/PARKED VEHICLE,No,Dark Street lights on,Yes,Not at intersection,Fatal accident,50 km/hr,Yes,262603,145.06435,-37.64582,Non-Intersection,WHITTLESEA,METROPOLITAN NORTH WEST REGION,2505678.992,2428332.056,1,1,1,0,0,0,0,1,0,0,1,0,0,0,0,0,0,0,0,1,No,0,1,0,1,0,0,MELB_URBAN,MELB_URBAN,WHITTLESEA,METROPOLITAN NORTH WEST REGION,,,Local Road,Local Road,Divided,Div,Metro
3402490,T20130015160,ABS to receive accident,Finished,23/7/2013,00.10.00,Yes,Collision with vehicle,Monday,LANE SIDE SWIPE (VEHICLES IN PARALLEL LANES),Yes,Dark Street lights unknown,No,T intersection,Other injury accident,60 km/hr,No,40738,145.13595,-37.87076,Intersection,MONASH,METROPOLITAN SOUTH EAST REGION,2511960.981,2403360.14,2,1,0,0,1,1,1,0,1,0,0,0,0,0,1,0,0,0,0,0,No,0,2,0,0,0,0,MELB_URBAN,MELB_URBAN,MONASH,METROPOLITAN SOUTH EAST REGION,,,Arterial Other,"Arterial Other,Local Road",Undivided,Undiv,Metro
3402491,T20130015161,ABS to receive accident,Finished,22/7/2013,22.30.00,Yes,Struck Pedestrian,Monday,FAR SIDE. PED HIT BY VEHICLE FROM THE LEFT,No,Dark Street lights unknown,Yes,T intersection,Other injury accident,40 km/hr,No,36647,144.99032,-37.79958,Intersection,YARRA,METROPOLITAN NORTH WEST REGION,2499147.785,2411269.136,2,1,0,0,1,1,2,0,0,0,1,1,0,0,0,0,0,1,0,0,No,0,1,0,1,0,0,MELB_URBAN,MELB_URBAN,YARRA,METROPOLITAN NORTH WEST REGION,,,Arterial Other,"Arterial Other,Local Road",Undivided,Undiv,Metro
3402492,T20130015162,ABS to receive accident,Finished,22/7/2013,06.05.00,No,Struck Pedestrian,Monday,PED NEAR SIDE. PED HIT BY VEHICLE FROM THE RIGHT.,Yes,Dark Street lights on,Yes,T intersection,Serious injury accident,60 km/hr,No,1250,144.81054,-37.75832,Intersection,BRIMBANK,METROPOLITAN NORTH WEST REGION,2483305.745,2415831.613,2,1,0,1,0,1,1,0,0,0,1,1,0,0,0,0,0,0,0,0,No,0,1,0,1,0,0,MELB_URBAN,MELB_URBAN,BRIMBANK,METROPOLITAN NORTH WEST REGION,,,Arterial Other,"Arterial Other,Local Road",Undivided,Undiv,Metro
3402493,T20130015164,ABS to receive accident,Finished,22/7/2013,23.20.00,Yes,Collision with a fixed object,Monday,OFF LEFT BEND INTO OBJECT/PARKED VEHICLE,No,Dark Street lights on,Yes,Not at intersection,Other injury accident,60 km/hr,Yes,263503,145.21187,-38.13921,Non-Intersection,FRANKSTON,METROPOLITAN SOUTH EAST REGION,2518574.831,2373551.282,1,1,0,0,1,0,1,0,0,0,1,0,0,0,0,0,0,0,0,1,No,0,1,0,1,0,0,MELB_URBAN,MELB_URBAN,FRANKSTON,METROPOLITAN SOUTH EAST REGION,,,Local Road,Local Road,Undivided,Undiv,Metro
3402494,T20130015166,ABS to receive accident,Finished,23/7/2013,02.10.00,Yes,Collision with a fixed object,Tuesday,RIGHT OFF CARRIAGEWAY INTO OBJECT/PARKED VEHICLE,No,Dark No street lights,Yes,Not at intersection,Serious injury accident,100 km/hr,Yes,261970,144.92796,-37.736,Non-Intersection,MOONEE VALLEY,METROPOLITAN NORTH WEST REGION,2493650.402,2418323.157,1,1,0,1,0,0,0,1,0,0,1,0,0,0,0,0,0,0,0,1,No,0,1,0,1,0,0,MELB_URBAN,MELB_URBAN,MOONEE VALLEY,METROPOLITAN NORTH WEST REGION,M,M,Freeway,Freeway,Undivided,Undiv,Metro
3402495,T20130015167,ABS to receive accident,Finished,21/7/2013,20.46.00,Yes,No collision and no object struck,Sunday,UNKNOWN-NO DETAILS ON MANOEUVRES OF ROAD-USERS IN ACCIDENT,No,Dark Street lights on,Yes,Unknown,Other injury accident,40 km/hr,No,261997,145.05306,-37.90781,Non-Intersection,GLEN EIRA,METROPOLITAN SOUTH EAST REGION,2504666.131,2399255.436,1,1,0,0,1,0,1,0,0,0,0,0,0,1,0,0,0,0,0,0,No,0,1,0,0,1,0,MELB_URBAN,MELB_URBAN,GLEN EIRA,METROPOLITAN SOUTH EAST REGION,,,Local Road,Local Road,Undivided,Undiv,Metro
3402496,T20130015171,ABS to receive accident,Finished,23/7/2013,07.10.00,No,Struck Pedestrian,Tuesday,PED NEAR SIDE. PED HIT BY VEHICLE FROM THE RIGHT.,No,Day,Yes,Cross intersection,Serious injury accident,60 km/hr,No,40603,145.09821,-37.83598,Intersection,WHITEHORSE,METROPOLITAN SOUTH EAST REGION,2508644.529,2407224.895,2,1,0,1,0,1,1,1,0,0,1,1,0,0,0,1,0,0,0,0,No,0,1,0,1,0,0,MELB_URBAN,MELB_URBAN,"WHITEHORSE,BOROONDARA",METROPOLITAN SOUTH EAST REGION,,,Arterial Other,Arterial Other,Undivided,Undiv,Metro
3402497,T20130015174,ABS to receive accident,Finished,22/7/2013,17.35.00,No,Collision with a fixed object,Monday,OFF LEFT BEND INTO OBJECT/PARKED VEHICLE,No,Dark No street lights,Yes,Not at intersection,Serious injury accident,100 km/hr,Yes,261969,146.18202,-38.07621,Non-Intersection,BAW BAW,EASTERN REGION,2603712.314,2379921.446,1,1,0,1,0,0,1,0,0,0,1,0,0,0,0,0,0,0,0,0,Yes,0,1,0,1,0,0,RURAL_VICTORIA,RURAL_VICTORIA,BAW BAW,"EASTERN REGION,EASTERN REGION",C,C,Arterial Other,Arterial Other,Undivided,Undiv,Country
3402498,T20130015544,ABS to receive accident,Finished,27/7/2013,15.21.00,Yes,Collision with a fixed object,Saturday,LEFT OFF CARRIAGEWAY INTO OBJECT/PARKED VEHICLE,No,Day,Yes,Cross intersection,Other injury accident,50 km/hr,Yes,51642,144.2828,-36.76346,Intersection,BENDIGO,NORTHERN REGION,2435973.007,2526005.309,1,1,0,0,1,0,1,0,0,0,1,0,0,0,0,0,0,0,0,0,No,0,1,1,0,0,0,LARGE_PROVINCIAL_CITIES,LARGE_PROVINCIAL_CITIES,BENDIGO,NORTHERN REGION,C,C,Arterial Other,"Arterial Other,Local Road",Undivided,Undiv,Country
3402499,T20130015546,ABS to receive accident,Finished,10/7/2013,10.30.00,No,Collision with vehicle,Wednesday,LANE CHANGE RIGHT (NOT OVERTAKING),No,Day,No,Cross intersection,Other injury accident,50 km/hr,No,17629,145.40076,-36.38128,Intersection,SHEPPARTON,NORTH EASTERN REGION,2535956.155,2568575.981,2,1,0,0,1,1,0,2,0,0,2,0,0,0,0,0,0,0,0,0,No,0,2,0,2,0,0,SMALL_CITIES,SMALL_CITIES,SHEPPARTON,NORTH EASTERN REGION,A,A,Arterial Highway,"Arterial Highway,Local Road",Divided,"Div,Undiv",Country
3402500,T20130015551,ABS to receive accident,Finished,27/7/2013,19.05.00,Yes,Collision with vehicle,Saturday,REAR END(VEHICLES IN SAME LANE),No,Dark Street lights on,Yes,T intersection,Other injury accident,60 km/hr,No,29533,145.0272,-37.81721,Intersection,BOROONDARA,METROPOLITAN SOUTH EAST REGION,2502395.039,2409312.524,8,1,0,0,1,7,2,2,0,5,3,0,0,0,0,0,0,0,0,2,No,0,3,0,3,0,0,MELB_URBAN,MELB_URBAN,BOROONDARA,METROPOLITAN SOUTH EAST REGION,,,Arterial Other,"Arterial Other,Local Road",Undivided,Undiv,Metro
3402501,T20130015552,ABS to receive accident,Finished,27/7/2013,18.00.00,Yes,Collision with vehicle,Friday,RIGHT REAR.,No,Dark Street lights on,Yes,T intersection,Other injury accident,60 km/hr,No,39816,145.30538,-37.81568,Intersection,MAROONDAH,METROPOLITAN SOUTH EAST REGION,2526887.441,2409439.106,2,1,0,0,1,1,2,0,0,0,2,0,0,0,0,0,0,0,0,0,No,0,2,0,2,0,0,MELB_URBAN,MELB_URBAN,"YARRA RANGES,MAROONDAH",METROPOLITAN SOUTH EAST REGION,,,Local Road,Local Road,Undivided,Undiv,Metro
3402502,T20130015553,ABS to receive accident,Finished,27/7/2013,19.35.00,Yes,Collision with vehicle,Saturday,REAR END(VEHICLES IN SAME LANE),No,Dark Street lights on,Yes,Not at intersection,Other injury accident,80 km/hr,No,262463,145.17113,-37.94617,Non-Intersection,DANDENONG,METROPOLITAN SOUTH EAST REGION,2515041.865,2394985.855,8,2,0,0,2,6,3,5,0,5,3,0,0,0,0,0,0,0,0,1,No,0,3,0,3,0,0,MELB_URBAN,MELB_URBAN,DANDENONG,METROPOLITAN SOUTH EAST REGION,,,Arterial Highway,Arterial Highway,Divided,Div,Metro
3402503,T20130015554,ABS to receive accident,Finished,27/7/2013,19.06.00,Yes,Struck Pedestrian,Saturday,FAR SIDE. PED HIT BY VEHICLE FROM THE LEFT,No,Dark Street lights on,Yes,Not at intersection,Serious injury accident,70 km/hr,No,262824,144.99827,-37.69354,Non-Intersection,WHITTLESEA,METROPOLITAN NORTH WEST REGION,2499847.485,2423038.281,4,1,0,1,0,3,1,3,0,2,1,1,0,0,0,0,0,0,0,1,No,0,1,0,1,0,0,MELB_URBAN,MELB_URBAN,"WHITTLESEA,DAREBIN",METROPOLITAN NORTH WEST REGION,,,Arterial Other,Arterial Other,Divided,Div,Metro
3402504,T20130015555,ABS to receive accident,Finished,18/7/2013,20.00.00,Yes,No collision and no object struck,Thursday,OUT OF CONTROL ON CARRIAGEWAY (ON STRAIGHT),No,Dark Street lights on,No,Not at intersection,Serious injury accident,60 km/hr,No,262119,144.96997,-37.80056,Non-Intersection,MELBOURNE,METROPOLITAN NORTH WEST REGION,2497355.705,2411159.874,1,1,0,1,0,0,1,0,0,0,0,0,0,1,0,0,0,0,0,0,No,0,1,0,0,1,0,MELB_URBAN,MELB_URBAN,MELBOURNE,METROPOLITAN NORTH WEST REGION,,,Local Road,Local Road,Divided,Div,Metro
3402505,T20130015556,ABS to receive accident,Finished,27/7/2013,15.30.00,Yes,Collision with a fixed object,Saturday,LEFT OFF CARRIAGEWAY INTO OBJECT/PARKED VEHICLE,No,Day,Yes,Cross intersection,Other injury accident,70 km/hr,Yes,38236,145.06905,-37.75973,Intersection,BANYULE,METROPOLITAN NORTH WEST REGION,2506083.885,2415689.689,1,1,0,0,1,0,1,0,0,0,1,0,0,0,0,0,0,0,0,1,No,0,1,0,1,0,0,MELB_URBAN,MELB_URBAN,BANYULE,METROPOLITAN NORTH WEST REGION,,,Arterial Highway,"Arterial Highway,Arterial Other",Divided,Div,Metro
3402506,T20130015560,ABS to receive accident,Finished,27/7/2013,20.28.00,Yes,Collision with vehicle,Saturday,VEHICLE COLLIDES WITH VEHICLE PARKED ON LEFT OF ROAD,No,Dark Street lights on,Yes,Not at intersection,Other injury accident,60 km/hr,No,264169,142.13429,-34.19205,Non-Intersection,MILDURA,WESTERN REGION,2235616.739,2807642.933,3,3,0,0,3,0,3,0,0,1,2,0,0,0,0,0,0,0,0,0,Yes,0,2,0,2,0,0,SMALL_CITIES,SMALL_CITIES,MILDURA,WESTERN REGION,,,Local Road,Local Road,Undivided,Undiv,Country
3402507,T20130015561,ABS to receive accident,Finished,27/7/2013,22.50.00,Yes,Collision with vehicle,Saturday,VEHICLE COLLIDES WITH VEHICLE PARKED ON LEFT OF ROAD,No,Dark No street lights,Yes,Not at intersection,Other injury accident,50 km/hr,No,262613,145.30938,-37.78595,Non-Intersection,YARRA RANGES,METROPOLITAN SOUTH EAST REGION,2527250.745,2412737.419,1,1,0,0,1,0,1,0,0,0,1,0,0,0,0,0,0,0,0,0,No,0,2,0,2,0,0,MELB_URBAN,MELB_URBAN,YARRA RANGES,METROPOLITAN SOUTH EAST REGION,,,Local Road,Local Road,Undivided,Undiv,Metro
3402508,T20130015566,ABS to receive accident,Finished,27/7/2013,23.00.00,Yes,Collision with a fixed object,Saturday,LEFT OFF CARRIAGEWAY INTO OBJECT/PARKED VEHICLE,No,Dark No street lights,Yes,Not at intersection,Other injury accident,100 km/hr,Yes,262935,145.12912,-38.24823,Non-Intersection,MORNINGTON PENINSULA,METROPOLITAN SOUTH EAST REGION,2511303.531,2361462.166,1,1,0,0,1,0,0,1,0,0,1,0,0,0,0,0,0,0,0,1,No,0,1,0,1,0,0,RURAL_VICTORIA,RURAL_VICTORIA,MORNINGTON PENINSULA,METROPOLITAN SOUTH EAST REGION,,,Local Road,Local Road,Undivided,Undiv,Metro
3402509,T20130015568,ABS to receive accident,Finished,28/7/2013,04.54.00,Yes,Collision with a fixed object,Sunday,LEFT OFF CARRIAGEWAY INTO OBJECT/PARKED VEHICLE,No,Dark Street lights on,Yes,Not at intersection,Serious injury accident,80 km/hr,Yes,264231,145.01541,-37.83028,Non-Intersection,YARRA,METROPOLITAN NORTH WEST REGION,2501356.43,2407861.213,1,1,0,1,0,0,1,0,0,0,1,0,0,0,0,0,0,0,0,0,No,0,1,0,1,0,0,MELB_URBAN,MELB_URBAN,YARRA,METROPOLITAN NORTH WEST REGION,M,M,Freeway,Freeway,Divided,Div,Metro
3402510,T20130015569,ABS to receive accident,Finished,28/7/2013,04.05.00,Yes,Collision with a fixed object,Sunday,RIGHT OFF CARRIAGEWAY INTO OBJECT/PARKED VEHICLE,No,Dark No street lights,Yes,Not at intersection,Other injury accident,70 km/hr,Yes,262567,145.06213,-38.23781,Non-Intersection,MORNINGTON PENINSULA,METROPOLITAN SOUTH EAST REGION,2505439.961,2362625.2,1,1,0,0,1,0,1,0,0,0,1,0,0,0,0,0,0,0,0,1,Yes,0,1,0,1,0,0,MELB_URBAN,MELB_URBAN,MORNINGTON PENINSULA,METROPOLITAN SOUTH EAST REGION,C,C,Arterial Other,Arterial Other,Undivided,Undiv,Metro
3402511,T20130015368,ABS to receive accident,Finished,25/7/2013,10.01.00,No,Collision with vehicle,Thursday,CROSS TRAFFIC(INTERSECTIONS ONLY),No,Day,Yes,Cross intersection,Other injury accident,50 km/hr,No,67320,147.62313,-37.82395,Intersection,EAST GIPPSLAND,EASTERN REGION,2730905.544,2405383.416,2,1,0,0,1,1,1,1,0,0,1,0,0,1,0,0,0,0,1,0,No,0,2,0,1,1,0,SMALL_CITIES,SMALL_CITIES,EAST GIPPSLAND,"EASTERN REGION,EASTERN REGION",,,Local Road,Local Road,Divided,"Div,Undiv",Country
3402512,T20130015369,ABS to receive accident,Finished,25/7/2013,14.33.00,No,Collision with vehicle,Thursday,VEHICLE STRIKES ANOTHER VEH WHILE EMERGING FROM DRIVEWAY,No,Day,Yes,Not at intersection,Serious injury accident,60 km/hr,No,262159,145.28544,-37.86556,Non-Intersection,KNOX,METROPOLITAN SOUTH EAST REGION,2525115.98,2403908.43,5,3,0,2,1,2,1,4,0,3,2,0,0,0,0,0,0,0,0,1,No,0,2,0,2,0,0,MELB_URBAN,MELB_URBAN,KNOX,METROPOLITAN SOUTH EAST REGION,,,Arterial Other,Arterial Other,Undivided,Undiv,Metro
3402513,T20130015371,ABS to receive accident,Finished,21/7/2013,16.00.00,Yes,Collision with vehicle,Sunday,RIGHT REAR.,No,Day,No,T intersection,Other injury accident,50 km/hr,No,262139,144.0988,-38.46552,Intersection,SURF COAST,SOUTH WESTERN REGION,2421336.159,2336974.624,2,1,0,0,1,1,2,0,0,0,1,0,0,1,0,0,0,0,0,0,No,0,2,0,1,1,0,TOWNS,TOWNS,SURF COAST,SOUTH WESTERN REGION,B,B,Arterial Highway,"Arterial Highway,Local Road",Undivided,Undiv,Country
3402514,T20130015374,ABS to receive accident,Finished,25/7/2013,17.00.00,No,Collision with vehicle,Thursday,RIGHT REAR.,No,Dusk/Dawn,Yes,T intersection,Other injury accident,80 km/hr,No,262368,144.72815,-36.13025,Intersection,CAMPASPE,NORTHERN REGION,2475530.304,2596469.871,3,2,0,0,2,1,1,2,0,1,2,0,0,0,0,0,0,0,1,0,No,0,2,0,2,0,0,SMALL_CITIES,SMALL_CITIES,CAMPASPE,NORTHERN REGION,,,,,,,Country
3402515,T20130015375,ABS to receive accident,Finished,25/7/2013,18.00.00,Yes,Collision with vehicle,Thursday,REAR END(VEHICLES IN SAME LANE),No,Day,No,Cross intersection,Other injury accident,Not known,No,44492,145.025,-37.73227,Intersection,DAREBIN,METROPOLITAN NORTH WEST REGION,2502203.936,2418738.903,2,1,0,0,1,1,1,1,0,0,2,0,0,0,0,0,0,0,0,1,No,1,2,0,2,0,0,MELB_URBAN,MELB_URBAN,DAREBIN,METROPOLITAN NORTH WEST REGION,,,Arterial Highway,"Arterial Highway,Local Road",Divided,"Div,Undiv",Metro
3402516,T20130015378,ABS to receive accident,Finished,25/7/2013,16.54.00,No,Collision with vehicle,Thursday,REAR END(VEHICLES IN SAME LANE),No,Day,Yes,Not at intersection,Other injury accident,60 km/hr,No,262689,144.83199,-37.7502,Non-Intersection,BRIMBANK,METROPOLITAN NORTH WEST REGION,2485194.246,2416736.449,4,1,0,0,1,3,4,0,0,0,4,0,0,0,0,0,0,0,0,0,No,1,4,0,4,0,0,MELB_URBAN,MELB_URBAN,BRIMBANK,METROPOLITAN NORTH WEST REGION,,,Arterial Other,Arterial Other,Divided,Div,Metro
3402517,T20130015379,ABS to receive accident,Finished,21/7/2013,16.20.00,Yes,Collision with vehicle,Sunday,LEFT NEAR (INTERSECTIONS ONLY),No,Day,No,T intersection,Other injury accident,60 km/hr,No,71623,144.33654,-38.11517,Intersection,GEELONG,SOUTH WESTERN REGION,2441816.347,2376037.295,2,1,0,0,1,1,2,0,1,0,1,0,0,0,0,0,0,0,0,0,No,0,2,0,1,0,0,LARGE_PROVINCIAL_CITIES,LARGE_PROVINCIAL_CITIES,GEELONG,SOUTH WESTERN REGION,,,Local Road,Local Road,Undivided,Undiv,Country
3402518,T20130015380,ABS to receive accident,Finished,22/7/2013,08.18.00,No,Collision with vehicle,Monday,CROSS TRAFFIC(INTERSECTIONS ONLY),No,Day,Yes,Cross intersection,Other injury accident,80 km/hr,No,37423,144.73039,-37.6904,Intersection,MELTON,METROPOLITAN NORTH WEST REGION,2476222.623,2423352.153,3,2,0,0,2,1,1,2,0,1,2,0,0,0,0,0,0,0,0,0,No,0,2,0,2,0,0,MELB_URBAN,MELB_URBAN,MELTON,METROPOLITAN NORTH WEST REGION,C,C,Arterial Other,"Arterial Other,Local Road",Divided,"Div,Undiv",Metro
3402519,T20130015382,ABS to receive accident,Finished,11/7/2013,18.30.00,Yes,Struck Pedestrian,Thursday,PED NEAR SIDE. PED HIT BY VEHICLE FROM THE RIGHT.,Yes,Dark Street lights unknown,No,Not at intersection,Other injury accident,60 km/hr,No,262561,145.05893,-37.20242,Non-Intersection,MITCHELL,NORTHERN REGION,2505230.851,2477537.329,2,1,0,0,1,1,1,0,0,0,0,1,0,0,1,0,0,0,0,0,No,0,1,0,0,0,0,TOWNS,TOWNS,MITCHELL,NORTHERN REGION,,,Local Road,Local Road,Undivided,Undiv,Country
3402520,T20130015385,ABS to receive accident,Finished,25/7/2013,18.00.00,Yes,Collision with vehicle,Thursday,VEHICLE STRIKES DOOR OF PARKED/STATIONARY VEHICLE,No,Dark Street lights on,Yes,Not at intersection,Serious injury accident,40 km/hr,No,262251,144.97799,-37.80108,Non-Intersection,YARRA,METROPOLITAN NORTH WEST REGION,2498061.939,2411102.36,3,1,0,1,0,2,1,2,1,0,1,0,0,0,1,0,0,0,0,0,No,0,3,0,2,0,0,MELB_URBAN,MELB_URBAN,YARRA,METROPOLITAN NORTH WEST REGION,,,Local Road,Local Road,Undivided,Undiv,Metro
3402521,T20130015386,ABS to receive accident,Finished,21/7/2013,13.00.00,No,No collision and no object struck,Sunday,OUT OF CONTROL ON CARRIAGEWAY (ON STRAIGHT),No,Day,No,Not at intersection,Other injury accident,60 km/hr,No,262140,144.43838,-37.48683,Non-Intersection,MOORABOOL,WESTERN REGION,2450335.824,2445831.647,1,1,0,0,1,0,1,0,0,0,0,0,0,1,0,0,0,0,0,0,No,0,1,0,0,1,0,RURAL_VICTORIA,RURAL_VICTORIA,MOORABOOL,WESTERN REGION,,,Local Road,Local Road,Undivided,Undiv,Country
3402522,T20130015389,ABS to receive accident,Finished,25/7/2013,16.50.00,No,Collision with vehicle,Thursday,CROSS TRAFFIC(INTERSECTIONS ONLY),No,Day,Yes,Cross intersection,Other injury accident,100 km/hr,No,247275,146.42849,-36.0587,Intersection,INDIGO,NORTH EASTERN REGION,2628695.303,2603478.207,4,1,0,0,1,3,2,2,0,2,2,0,0,0,0,0,0,0,0,0,No,0,2,0,2,0,0,RURAL_VICTORIA,RURAL_VICTORIA,INDIGO,NORTH EASTERN REGION,B,B,Arterial Highway,"Arterial Highway,Local Road",Undivided,Undiv,Country
3402523,T20130015390,ABS to receive accident,Finished,25/7/2013,18.30.00,Yes,Collision with vehicle,Thursday,HEAD ON (NOT OVERTAKING),No,Dark Street lights on,Yes,T intersection,Serious injury accident,60 km/hr,No,42599,145.19203,-37.94879,Intersection,DANDENONG,METROPOLITAN SOUTH EAST REGION,2516878.118,2394691.54,2,2,0,1,1,0,0,2,0,0,2,0,0,0,0,0,0,0,0,0,No,0,2,0,2,0,0,MELB_URBAN,MELB_URBAN,DANDENONG,METROPOLITAN SOUTH EAST REGION,,,Arterial Other,"Arterial Other,Local Road",Undivided,Undiv,Metro
3402524,T20130015392,ABS to receive accident,Finished,25/7/2013,18.12.00,Yes,Collision with vehicle,Thursday,U TURN,No,Dusk/Dawn,Yes,Not at intersection,Other injury accident,60 km/hr,No,262370,145.16598,-37.76343,Non-Intersection,MANNINGHAM,METROPOLITAN SOUTH EAST REGION,2514624.286,2415267.936,2,2,0,0,2,0,2,0,0,0,2,0,0,0,0,0,0,0,0,0,No,0,2,0,2,0,0,MELB_URBAN,MELB_URBAN,MANNINGHAM,METROPOLITAN SOUTH EAST REGION,,,Arterial Other,Arterial Other,Divided,Div,Metro
3402525,T20130015394,ABS to receive accident,Finished,25/7/2013,18.48.00,Yes,Collision with vehicle,Thursday,HEAD ON (NOT OVERTAKING),No,Dark No street lights,Yes,Not at intersection,Serious injury accident,80 km/hr,No,262177,145.40201,-36.35713,Non-Intersection,SHEPPARTON,NORTH EASTERN REGION,2536079.467,2571254.837,2,2,0,2,0,0,1,1,0,0,2,0,0,0,0,0,0,0,0,0,Yes,0,2,0,2,0,0,SMALL_CITIES,SMALL_CITIES,SHEPPARTON,NORTH EASTERN REGION,A,A,Arterial Highway,Arterial Highway,Divided,Div,Country
3402526,T20130015398,ABS to receive accident,Finished,25/7/2013,18.10.00,Yes,Collision with vehicle,Thursday,CROSS TRAFFIC(INTERSECTIONS ONLY),No,Dark Street lights on,Yes,Cross intersection,Serious injury accident,50 km/hr,No,48619,145.11375,-38.03938,Intersection,KINGSTON,METROPOLITAN SOUTH EAST REGION,2509985.758,2384647.443,3,3,0,2,1,0,1,2,0,1,2,0,0,0,0,0,0,0,0,0,No,1,2,0,2,0,0,MELB_URBAN,MELB_URBAN,KINGSTON,METROPOLITAN SOUTH EAST REGION,,,Local Road,Local Road,Undivided,Undiv,Metro
3402527,T20130015399,ABS to receive accident,Finished,25/7/2013,21.55.00,Yes,Collision with vehicle,Thursday,VEHICLE STRIKES ANOTHER VEH WHILE EMERGING FROM DRIVEWAY,No,Dark Street lights on,Yes,Not at intersection,Other injury accident,40 km/hr,No,262565,144.96679,-37.84831,Non-Intersection,PORT PHILLIP,METROPOLITAN NORTH WEST REGION,2497077.482,2405860.431,2,1,0,0,1,1,2,0,1,0,1,0,0,0,0,0,0,0,0,0,No,0,2,0,1,0,0,MELB_URBAN,MELB_URBAN,PORT PHILLIP,METROPOLITAN NORTH WEST REGION,,,Local Road,Local Road,Undivided,Undiv,Metro
3402528,T20130015400,ABS to receive accident,Finished,25/7/2013,20.20.00,Yes,Collision with vehicle,Thursday,CROSS TRAFFIC(INTERSECTIONS ONLY),No,Dark Street lights on,Yes,Cross intersection,Other injury accident,60 km/hr,No,278618,144.86331,-37.68214,Intersection,HUME,METROPOLITAN NORTH WEST REGION,2487943.385,2424294.948,3,1,0,0,1,2,2,1,0,1,2,0,0,0,0,0,0,0,0,1,No,0,2,0,2,0,0,MELB_URBAN,MELB_URBAN,HUME,METROPOLITAN NORTH WEST REGION,,,Local Road,Local Road,Divided,"Div,Undiv",Metro
3402529,T20130015401,ABS to receive accident,Finished,25/7/2013,19.00.00,Yes,Collision with vehicle,Thursday,HEAD ON (NOT OVERTAKING),No,Dark No street lights,Yes,Not at intersection,Serious injury accident,100 km/hr,No,263933,145.98812,-38.5797,Non-Intersection,SOUTH GIPPSLAND,EASTERN REGION,2586119.603,2324222.74,5,5,0,5,0,0,4,1,0,2,3,0,0,0,0,0,0,0,0,1,Yes,0,3,0,3,0,0,RURAL_VICTORIA,RURAL_VICTORIA,SOUTH GIPPSLAND,"EASTERN REGION,EASTERN REGION",A,A,Arterial Highway,Arterial Highway,Undivided,Undiv,Country