OBJECTID,ACCIDENT_NO,ABS_CODE,ACCIDENT_STATUS,ACCIDENT_DATE,ACCIDENT_TIME,ALCOHOLTIME,ACCIDENT_TYPE,DAY_OF_WEEK,DCA_CODE,HIT_RUN_FLAG,LIGHT_CONDITION,POLICE_ATTEND,ROAD_GEOMETRY,SEVERITY,SPEED_ZONE,RUN_OFFROAD,NODE_ID,LONGITUDE,LATITUDE,NODE_TYPE,LGA_NAME,REGION_NAME,VICGRID_X,VICGRID_Y,TOTAL_PERSONS,INJ_OR_FATAL,FATALITY,SERIOUSINJURY,OTHERINJURY,NONINJURED,MALES,FEMALES,BICYCLIST,PASSENGER,DRIVER,PEDESTRIAN,PILLION,MOTORIST,UNKNOWN,PED_CYCLIST_5_12,PED_CYCLIST_13_18,OLD_PEDESTRIAN,OLD_DRIVER,YOUNG_DRIVER,ALCOHOL_RELATED,UNLICENCSED,NO_OF_VEHICLES,HEAVYVEHICLE,PASSENGERVEHICLE,MOTORCYCLE,PUBLICVEHICLE,DEG_URBAN_NAME,DEG_URBAN_ALL,LGA_NAME_ALL,REGION_NAME_ALL,SRNS,SRNS_ALL,RMA,RMA_ALL,DIVIDED,DIVIDED_ALL,STAT_DIV_NAME
3402530,T20130015405,ABS to receive accident,Finished,26/7/2013,00.30.00,Yes,Collision with a fixed object,Friday,LEFT OFF CARRIAGEWAY INTO OBJECT/PARKED VEHICLE,No,Dark Street lights on,Yes,Not at intersection,Serious injury accident,60 km/hr,Yes,262104,145.06025,-37.64415,Non-Intersection,WHITTLESEA,METROPOLITAN NORTH WEST REGION,2505317.071,2428517.924,1,1,0,1,0,0,1,0,0,0,1,0,0,0,0,0,0,0,0,1,No,0,1,0,1,0,0,MELB_URBAN,MELB_URBAN,WHITTLESEA,METROPOLITAN NORTH WEST REGION,,,Local Road,Local Road,Undivided,Undiv,Metro
3402531,T20130015407,ABS to receive accident,Finished,20/7/2013,15.10.00,Yes,Struck Pedestrian,Saturday,PED STRUCK WALKING TO/FROM OR BOARDING/ALIGHTING VEHICLE.,Yes,Day,Yes,Not at intersection,Other injury accident,50 km/hr,No,262135,144.72985,-36.13445,Non-Intersection,CAMPASPE,NORTHERN REGION,2475684.532,2596004.29,2,1,0,0,1,1,0,2,0,0,1,1,0,0,0,0,0,0,0,0,No,0,1,0,1,0,0,SMALL_CITIES,SMALL_CITIES,CAMPASPE,NORTHERN REGION,,,Local Road,Local Road,Undivided,Undiv,Country
3402532,T20130015409,ABS to receive accident,Finished,26/7/2013,08.30.00,No,Collision with vehicle,Friday,RIGHT NEAR (INTERSECTIONS ONLY),No,Day,Yes,T intersection,Other injury accident,50 km/hr,No,262373,146.87317,-36.11932,Intersection,WODONGA,NORTH EASTERN REGION,2668620.542,2596058.103,3,2,0,0,2,1,2,1,0,1,2,0,0,0,0,0,0,0,0,0,No,0,2,0,2,0,0,SMALL_CITIES,SMALL_CITIES,WODONGA,NORTH EASTERN REGION,,,Local Road,Local Road,Undivided,Undiv,Country
3402533,T20130015419,ABS to receive accident,Finished,26/7/2013,07.45.00,No,Collision with vehicle,Friday,REAR END(VEHICLES IN SAME LANE),No,Day,No,T intersection,Other injury accident,80 km/hr,No,40878,145.20696,-37.85995,Intersection,KNOX,METROPOLITAN SOUTH EAST REGION,2518211.147,2404548.488,2,1,0,0,1,1,1,1,0,0,2,0,0,0,0,0,0,0,0,1,No,0,2,0,2,0,0,MELB_URBAN,MELB_URBAN,KNOX,METROPOLITAN SOUTH EAST REGION,,,Arterial Highway,"Arterial Highway,Arterial Other",Divided,Div,Metro
3402534,T20130015420,ABS to receive accident,Finished,26/7/2013,09.15.00,No,Collision with a fixed object,Friday,OFF RIGHT BEND INTO OBJECT/PARKED VEHICLE,No,Day,Yes,Not at intersection,Serious injury accident,80 km/hr,Yes,262161,145.38661,-37.65974,Non-Intersection,YARRA RANGES,METROPOLITAN SOUTH EAST REGION,2534110.135,2426719.422,1,1,0,1,0,0,1,0,0,0,0,0,0,1,0,0,0,0,0,0,No,0,1,0,0,1,0,RURAL_VICTORIA,RURAL_VICTORIA,YARRA RANGES,METROPOLITAN SOUTH EAST REGION,B,B,Arterial Other,Arterial Other,Undivided,Undiv,Metro
3402535,T20130015424,ABS to receive accident,Finished,26/7/2013,07.05.00,No,Collision with vehicle,Friday,HEAD ON (NOT OVERTAKING),No,Dusk/Dawn,Yes,Not at intersection,Serious injury accident,100 km/hr,No,269665,145.03155,-38.30426,Non-Intersection,MORNINGTON PENINSULA,METROPOLITAN SOUTH EAST REGION,2502760.038,2355249.343,2,2,0,2,0,0,2,0,0,0,2,0,0,0,0,0,0,0,0,1,No,0,2,0,2,0,0,RURAL_VICTORIA,RURAL_VICTORIA,MORNINGTON PENINSULA,METROPOLITAN SOUTH EAST REGION,B,B,Arterial Other,Arterial Other,Undivided,Undiv,Metro
3402536,T20130015428,ABS to receive accident,Finished,26/7/2013,09.38.00,No,Collision with vehicle,Friday,REAR END(VEHICLES IN SAME LANE),No,Day,Yes,Not at intersection,Other injury accident,80 km/hr,No,196440,145.29486,-37.77108,Non-Intersection,MAROONDAH,METROPOLITAN SOUTH EAST REGION,2525977.281,2414391.673,2,1,0,0,1,1,2,0,0,0,2,0,0,0,0,0,0,0,0,0,No,0,2,0,2,0,0,MELB_URBAN,MELB_URBAN,MAROONDAH,METROPOLITAN SOUTH EAST REGION,,,Arterial Highway,Arterial Highway,Divided,Div,Metro
3402537,T20130015429,ABS to receive accident,Finished,26/7/2013,09.00.00,No,Collision with vehicle,Friday,VEHICLE STRIKES ANOTHER VEH WHILE EMERGING FROM DRIVEWAY,No,Day,Yes,T intersection,Other injury accident,60 km/hr,No,39011,144.77549,-37.72684,Intersection,BRIMBANK,METROPOLITAN NORTH WEST REGION,2480209.226,2419318.878,3,1,0,0,1,2,3,0,0,1,1,0,0,1,0,0,0,0,0,0,No,0,2,0,1,1,0,MELB_URBAN,MELB_URBAN,BRIMBANK,METROPOLITAN NORTH WEST REGION,,,Local Road,Local Road,Undivided,Undiv,Metro
3402538,T20130015431,ABS to receive accident,Finished,26/7/2013,10.40.00,No,Collision with vehicle,Friday,REAR END(VEHICLES IN SAME LANE),No,Day,No,T intersection,Other injury accident,60 km/hr,No,63507,144.90252,-37.75541,Intersection,MOONEE VALLEY,METROPOLITAN NORTH WEST REGION,2491409.982,2416166.557,3,1,0,0,1,2,2,1,0,0,3,0,0,0,0,0,0,0,0,0,No,0,3,0,3,0,0,MELB_URBAN,MELB_URBAN,MOONEE VALLEY,METROPOLITAN NORTH WEST REGION,,,Arterial Other,"Arterial Other,Local Road",Undivided,Undiv,Metro
3402539,T20130015432,ABS to receive accident,Finished,18/7/2013,16.50.00,No,No collision and no object struck,Thursday,OFF CARRIAGEWAY TO LEFT,No,Day,No,Not at intersection,Serious injury accident,100 km/hr,Yes,262089,144.6171,-36.25504,Non-Intersection,CAMPASPE,NORTHERN REGION,2465590.323,2582589.316,1,1,0,1,0,0,1,0,0,0,1,0,0,0,0,0,0,0,0,0,Yes,0,1,0,1,0,0,RURAL_VICTORIA,RURAL_VICTORIA,CAMPASPE,NORTHERN REGION,,,Local Road,Local Road,Undivided,Undiv,Country
3402540,T20130015434,ABS to receive accident,Finished,25/7/2013,21.15.00,Yes,Collision with a fixed object,Thursday,LEFT OFF CARRIAGEWAY INTO OBJECT/PARKED VEHICLE,No,Dark No street lights,Yes,Not at intersection,Other injury accident,100 km/hr,Yes,262371,143.30548,-38.32923,Non-Intersection,COLAC OTWAY,SOUTH WESTERN REGION,2351824.289,2351159.531,2,2,0,0,2,0,1,1,0,1,1,0,0,0,0,0,0,0,0,0,No,0,1,0,1,0,0,RURAL_VICTORIA,RURAL_VICTORIA,"CORANGAMITE,COLAC OTWAY",SOUTH WESTERN REGION,C,C,Arterial Other,Arterial Other,Undivided,Undiv,Country
3402541,T20130015436,ABS to receive accident,Finished,26/7/2013,13.00.00,No,Collision with vehicle,Friday,U TURN,No,Unk.,No,Cross intersection,Other injury accident,Not known,No,228997,144.99243,-37.76436,Intersection,DAREBIN,METROPOLITAN NORTH WEST REGION,2499332.964,2415178.117,2,1,0,0,1,1,2,0,1,0,1,0,0,0,0,0,0,0,0,0,No,0,2,0,1,0,0,MELB_URBAN,MELB_URBAN,DAREBIN,METROPOLITAN NORTH WEST REGION,,,Arterial Highway,"Arterial Highway,Local Road",Divided,"Div,Undiv",Metro
3402542,T20130015437,ABS to receive accident,Finished,26/7/2013,12.05.00,No,Collision with vehicle,Friday,CROSS TRAFFIC(INTERSECTIONS ONLY),No,Day,Yes,Cross intersection,Other injury accident,50 km/hr,No,262375,144.88533,-37.81122,Intersection,MARIBYRNONG,METROPOLITAN NORTH WEST REGION,2489903.352,2409971.141,2,1,0,0,1,1,1,1,0,0,2,0,0,0,0,0,0,0,0,0,No,0,2,0,2,0,0,MELB_URBAN,MELB_URBAN,MARIBYRNONG,METROPOLITAN NORTH WEST REGION,,,Local Road,Local Road,Undivided,Undiv,Metro
3402543,T20130015438,ABS to receive accident,Finished,26/7/2013,12.50.00,No,No collision and no object struck,Friday,OUT OF CONTROL ON CARRIAGEWAY (ON STRAIGHT),No,Day,Yes,Not at intersection,Other injury accident,60 km/hr,No,264168,144.97885,-37.77554,Non-Intersection,MORELAND,METROPOLITAN NORTH WEST REGION,2498136.45,2413937.042,2,1,0,0,1,1,1,1,0,0,0,1,0,1,0,0,0,0,0,0,No,0,1,0,0,1,0,MELB_URBAN,MELB_URBAN,"YARRA,MORELAND",METROPOLITAN NORTH WEST REGION,,,Arterial Other,Arterial Other,Undivided,Undiv,Metro
3402544,T20130015440,ABS to receive accident,Finished,26/7/2013,12.46.00,No,Collision with a fixed object,Friday,OFF RIGHT BEND INTO OBJECT/PARKED VEHICLE,No,Day,Yes,Not at intersection,Serious injury accident,100 km/hr,Yes,262876,148.53962,-37.78188,Non-Intersection,EAST GIPPSLAND,EASTERN REGION,2811722.122,2407437.81,2,2,0,1,1,0,1,1,0,1,1,0,0,0,0,0,0,0,0,0,No,0,1,0,1,0,0,RURAL_VICTORIA,RURAL_VICTORIA,EAST GIPPSLAND,"EASTERN REGION,EASTERN REGION",C,C,Arterial Other,Arterial Other,Undivided,Undiv,Country
3402545,T20130015441,ABS to receive accident,Finished,26/7/2013,12.30.00,No,Collision with vehicle,Friday,RIGHT THROUGH,No,Day,Yes,Cross intersection,Other injury accident,60 km/hr,No,912,145.14236,-38.11006,Intersection,FRANKSTON,METROPOLITAN SOUTH EAST REGION,2512485.9,2376798.585,3,1,0,0,1,2,2,1,0,1,2,0,0,0,0,0,0,0,0,0,No,0,2,0,2,0,0,MELB_URBAN,MELB_URBAN,FRANKSTON,METROPOLITAN SOUTH EAST REGION,,,Arterial Other,"Arterial Other,Local Road",Divided,Div,Metro
3402546,T20130015447,ABS to receive accident,Finished,26/7/2013,00.01.00,Yes,Collision with a fixed object,Friday,RIGHT OFF CARRIAGEWAY INTO OBJECT/PARKED VEHICLE,No,Dark No street lights,Yes,Not at intersection,Fatal accident,100 km/hr,Yes,263518,145.87084,-38.67808,Non-Intersection,SOUTH GIPPSLAND,EASTERN REGION,2575798.339,2313399.081,1,1,1,0,0,0,1,0,0,0,1,0,0,0,0,0,0,0,0,0,Yes,0,1,0,1,0,0,RURAL_VICTORIA,RURAL_VICTORIA,SOUTH GIPPSLAND,"EASTERN REGION,EASTERN REGION",C,C,Arterial Other,Arterial Other,Undivided,Undiv,Country
3402547,T20130015448,ABS to receive accident,Finished,26/7/2013,11.55.00,No,Collision with vehicle,Friday,RIGHT THROUGH,No,Day,Yes,T intersection,Other injury accident,50 km/hr,No,223460,145.35703,-36.39512,Intersection,SHEPPARTON,NORTH EASTERN REGION,2532026.283,2567056.219,6,3,0,0,3,3,3,3,0,4,2,0,0,0,0,0,0,0,0,0,No,0,2,0,2,0,0,SMALL_CITIES,SMALL_CITIES,SHEPPARTON,NORTH EASTERN REGION,A,A,Arterial Highway,"Arterial Highway,Local Road",Divided,"Div,Undiv",Country
3402548,T20130015451,ABS to receive accident,Finished,22/7/2013,16.00.00,No,Collision with vehicle,Monday,REAR END(VEHICLES IN SAME LANE),No,Day,No,Not at intersection,Other injury accident,80 km/hr,No,262912,144.78466,-37.84467,Non-Intersection,HOBSONS BAY,METROPOLITAN NORTH WEST REGION,2481047.3,2406243.021,4,1,0,0,1,3,3,1,0,1,3,0,0,0,0,0,0,0,0,1,No,0,3,0,3,0,0,MELB_URBAN,MELB_URBAN,HOBSONS BAY,METROPOLITAN NORTH WEST REGION,M,M,Freeway,Freeway,Divided,Div,Metro
3402549,T20130015454,ABS to receive accident,Finished,26/7/2013,14.05.00,No,Collision with vehicle,Friday,REAR END(VEHICLES IN SAME LANE),No,Day,Yes,Not at intersection,Other injury accident,60 km/hr,No,263305,145.09437,-37.85744,Non-Intersection,BOROONDARA,METROPOLITAN SOUTH EAST REGION,2508304.373,2404843.227,3,1,0,0,1,2,2,1,0,1,2,0,0,0,0,0,0,0,0,0,No,1,2,0,2,0,0,MELB_URBAN,MELB_URBAN,"MONASH,BOROONDARA",METROPOLITAN SOUTH EAST REGION,,,Arterial Highway,Arterial Highway,Undivided,Undiv,Metro
3402550,T20130015458,ABS to receive accident,Finished,26/7/2013,13.30.00,No,Collision with vehicle,Friday,CROSS TRAFFIC(INTERSECTIONS ONLY),No,Day,Yes,Cross intersection,Serious injury accident,60 km/hr,No,29468,144.98502,-37.84569,Intersection,STONNINGTON,METROPOLITAN NORTH WEST REGION,2498681.885,2406151.63,2,2,0,1,1,0,2,0,0,0,2,0,0,0,0,0,0,0,1,0,No,0,2,0,2,0,0,MELB_URBAN,MELB_URBAN,"STONNINGTON,MELBOURNE","METROPOLITAN NORTH WEST REGION,METROPOLITAN SOUTH EAST REGION",,,Arterial Highway,"Arterial Highway,Arterial Other",Undivided,Undiv,Metro
3402551,T20130015459,ABS to receive accident,Finished,26/7/2013,15.15.00,No,Collision with vehicle,Friday,LEFT NEAR (INTERSECTIONS ONLY),No,Day,Yes,Cross intersection,Other injury accident,70 km/hr,No,41555,145.08888,-37.88935,Intersection,STONNINGTON,METROPOLITAN SOUTH EAST REGION,2507818.215,2401302.324,2,1,0,0,1,1,1,1,0,0,2,0,0,0,0,0,0,0,0,1,No,0,2,0,2,0,0,MELB_URBAN,MELB_URBAN,"STONNINGTON,MONASH",METROPOLITAN SOUTH EAST REGION,,,Arterial Highway,"Arterial Highway,Local Road",Divided,"Div,Undiv",Metro
3402552,T20130015460,ABS to receive accident,Finished,26/7/2013,14.50.00,No,Collision with vehicle,Friday,VEHICLE COLLIDES WITH VEHICLE PARKED ON LEFT OF ROAD,No,Day,Yes,Not at intersection,Other injury accident,60 km/hr,No,262512,145.03401,-37.98019,Non-Intersection,BAYSIDE,METROPOLITAN SOUTH EAST REGION,2502987.815,2391222.514,1,1,0,0,1,0,0,1,0,0,1,0,0,0,0,0,0,0,0,0,No,0,2,0,1,0,0,MELB_URBAN,MELB_URBAN,BAYSIDE,METROPOLITAN SOUTH EAST REGION,,,Local Road,Local Road,Undivided,Undiv,Metro
3402553,T20130015462,ABS to receive accident,Finished,26/7/2013,15.30.00,No,Collision with vehicle,Friday,LANE CHANGE LEFT (NOT OVERTAKING),No,Day,Yes,Not at intersection,Other injury accident,80 km/hr,No,262385,144.92367,-37.82804,Non-Intersection,MELBOURNE,METROPOLITAN NORTH WEST REGION,2493280.538,2408107.444,2,1,0,0,1,1,2,0,0,0,2,0,0,0,0,0,0,0,0,0,No,0,2,1,1,0,0,MELB_URBAN,MELB_URBAN,MELBOURNE,METROPOLITAN NORTH WEST REGION,M,M,Freeway,Freeway,Divided,Div,Metro
3402554,T20130015463,ABS to receive accident,Finished,26/7/2013,16.30.00,Yes,Collision with vehicle,Friday,REAR END(VEHICLES IN SAME LANE),No,Day,Yes,T intersection,Serious injury accident,70 km/hr,No,37217,145.00522,-37.69424,Intersection,WHITTLESEA,METROPOLITAN NORTH WEST REGION,2500460.158,2422960.263,2,1,0,1,0,1,1,1,0,0,2,0,0,0,0,0,0,0,0,0,No,0,2,0,2,0,0,MELB_URBAN,MELB_URBAN,"WHITTLESEA,DAREBIN",METROPOLITAN NORTH WEST REGION,,,Arterial Other,"Arterial Other,Local Road",Divided,"Div,Undiv",Metro
3402555,T20130015466,ABS to receive accident,Finished,23/7/2013,13.07.00,No,Collision with vehicle,Tuesday,HEAD ON (NOT OVERTAKING),No,Day,Yes,Not at intersection,Other injury accident,100 km/hr,No,262280,143.12808,-38.25022,Non-Intersection,CORANGAMITE,SOUTH WESTERN REGION,2336141.361,2359637.891,2,1,0,0,1,1,2,0,0,0,2,0,0,0,0,0,0,0,0,0,No,0,2,2,0,0,0,RURAL_VICTORIA,RURAL_VICTORIA,CORANGAMITE,SOUTH WESTERN REGION,C,C,Arterial Other,Arterial Other,Undivided,Undiv,Country
3402556,T20130015468,ABS to receive accident,Finished,26/7/2013,15.40.00,No,Collision with a fixed object,Friday,RIGHT OFF CARRIAGEWAY INTO OBJECT/PARKED VEHICLE,No,Day,Yes,Not at intersection,Serious injury accident,100 km/hr,Yes,263259,143.58394,-38.41247,Non-Intersection,COLAC OTWAY,SOUTH WESTERN REGION,2376309.668,2342316.643,3,1,0,1,0,2,1,2,0,2,1,0,0,0,0,0,0,0,1,0,No,0,1,0,1,0,0,RURAL_VICTORIA,RURAL_VICTORIA,COLAC OTWAY,SOUTH WESTERN REGION,C,C,Arterial Other,Arterial Other,Undivided,Undiv,Country
3402557,T20130015469,ABS to receive accident,Finished,26/7/2013,16.10.00,Yes,Struck Pedestrian,Friday,FAR SIDE. PED HIT BY VEHICLE FROM THE LEFT,No,Day,No,Not at intersection,Other injury accident,50 km/hr,No,262386,144.9609,-37.77614,Non-Intersection,MORELAND,METROPOLITAN NORTH WEST REGION,2496555.566,2413870.044,2,1,0,0,1,1,1,1,0,0,1,1,0,0,0,0,0,1,0,0,No,0,1,0,1,0,0,MELB_URBAN,MELB_URBAN,MORELAND,METROPOLITAN NORTH WEST REGION,,,Local Road,Local Road,Undivided,Undiv,Metro
3402558,T20130015472,ABS to receive accident,Finished,26/7/2013,17.45.00,Yes,Collision with vehicle,Friday,RIGHT THROUGH,No,Dusk/Dawn,Yes,T intersection,Other injury accident,60 km/hr,No,44782,145.12285,-37.70963,Intersection,BANYULE,METROPOLITAN NORTH WEST REGION,2510831.801,2421244.718,2,1,0,0,1,1,1,1,1,0,1,0,0,0,0,0,0,0,0,0,No,0,2,0,1,0,0,MELB_URBAN,MELB_URBAN,BANYULE,METROPOLITAN NORTH WEST REGION,,,Local Road,Local Road,Undivided,Undiv,Metro
3402559,T20130015473,ABS to receive accident,Finished,26/7/2013,15.55.00,No,Collision with vehicle,Friday,REAR END(VEHICLES IN SAME LANE),No,Day,Yes,Not at intersection,Other injury accident,50 km/hr,No,262387,144.77811,-37.86736,Non-Intersection,HOBSONS BAY,METROPOLITAN NORTH WEST REGION,2480476.482,2403723.573,4,1,0,0,1,3,2,2,0,2,2,0,0,0,0,0,0,0,0,1,No,1,2,0,1,0,1,MELB_URBAN,MELB_URBAN,HOBSONS BAY,METROPOLITAN NORTH WEST REGION,,,Local Road,Local Road,Undivided,Undiv,Metro
3402560,T20130015476,ABS to receive accident,Finished,26/7/2013,17.00.00,Yes,Collision with vehicle,Friday,REAR END(VEHICLES IN SAME LANE),Yes,Day,Yes,Cross intersection,Other injury accident,80 km/hr,No,29746,145.3052,-38.0253,Intersection,CASEY,METROPOLITAN SOUTH EAST REGION,2526797.638,2386172.634,7,1,0,0,1,6,4,2,0,4,2,0,0,0,1,0,0,0,0,0,No,0,3,0,2,0,0,MELB_URBAN,MELB_URBAN,CASEY,METROPOLITAN SOUTH EAST REGION,,,Arterial Highway,"Arterial Highway,Local Road",Divided,"Div,Undiv",Metro
3402561,T20130015478,ABS to receive accident,Finished,26/7/2013,14.30.00,No,Collision with a fixed object,Friday,OFF RIGHT BEND INTO OBJECT/PARKED VEHICLE,No,Day,Yes,Not at intersection,Serious injury accident,80 km/hr,Yes,269666,145.03525,-38.25766,Non-Intersection,MORNINGTON PENINSULA,METROPOLITAN SOUTH EAST REGION,2503085.261,2360422.48,5,5,0,1,4,0,1,4,0,4,1,0,0,0,0,0,0,0,0,1,No,0,1,0,1,0,0,MELB_URBAN,"RURAL_VICTORIA,MELB_URBAN",MORNINGTON PENINSULA,METROPOLITAN SOUTH EAST REGION,B,B,Arterial Highway,Arterial Highway,Undivided,Undiv,Metro
3402562,T20130015479,ABS to receive accident,Finished,25/7/2013,22.00.00,Yes,Struck Pedestrian,Thursday,PED NEAR SIDE. PED HIT BY VEHICLE FROM THE RIGHT.,No,Dark Street lights on,Yes,Not at intersection,Serious injury accident,50 km/hr,No,262160,145.06353,-37.8601,Non-Intersection,BOROONDARA,METROPOLITAN SOUTH EAST REGION,2505590.699,2404550.188,2,1,0,1,0,1,2,0,0,0,1,1,0,0,0,0,0,0,0,1,No,0,1,0,1,0,0,MELB_URBAN,MELB_URBAN,BOROONDARA,METROPOLITAN SOUTH EAST REGION,,,Local Road,Local Road,Undivided,Undiv,Metro
3402563,T20130015482,ABS to receive accident,Finished,26/7/2013,19.00.00,Yes,Collision with vehicle,Friday,RIGHT NEAR (INTERSECTIONS ONLY),No,Dark Street lights on,Yes,T intersection,Other injury accident,80 km/hr,No,277083,145.28544,-37.92503,Intersection,KNOX,METROPOLITAN SOUTH EAST REGION,2525095.445,2397308.296,3,2,0,0,2,1,1,2,0,1,2,0,0,0,0,0,0,0,0,0,No,0,2,0,2,0,0,RURAL_VICTORIA,RURAL_VICTORIA,KNOX,METROPOLITAN SOUTH EAST REGION,C,C,Arterial Other,Arterial Other,Undivided,Undiv,Metro
3402564,T20130015483,ABS to receive accident,Finished,26/7/2013,16.30.00,Yes,Collision with vehicle,Friday,HEAD ON (NOT OVERTAKING),No,Day,Yes,Not at intersection,Serious injury accident,80 km/hr,No,263214,145.33988,-37.73206,Non-Intersection,YARRA RANGES,METROPOLITAN SOUTH EAST REGION,2529958.886,2418709.285,4,4,0,2,2,0,1,3,0,2,2,0,0,0,0,0,0,0,0,0,No,0,2,0,2,0,0,MELB_URBAN,"RURAL_VICTORIA,MELB_URBAN",YARRA RANGES,METROPOLITAN SOUTH EAST REGION,,,Local Road,Local Road,Undivided,Undiv,Metro
3402565,T20130015485,ABS to receive accident,Finished,26/7/2013,16.40.00,Yes,Collision with vehicle,Friday,STRUCK TRAIN,No,Day,Yes,Not at intersection,Serious injury accident,40 km/hr,No,262434,144.94152,-37.83543,Non-Intersection,PORT PHILLIP,METROPOLITAN NORTH WEST REGION,2494852.594,2407288.784,2,1,0,1,0,1,2,0,0,0,2,0,0,0,0,0,0,0,0,0,Yes,0,2,0,1,0,0,MELB_URBAN,MELB_URBAN,PORT PHILLIP,METROPOLITAN NORTH WEST REGION,,,Local Road,Local Road,Divided,Div,Metro
3402566,T20130015488,ABS to receive accident,Finished,26/7/2013,18.50.00,Yes,Collision with vehicle,Friday,RIGHT THROUGH,No,Dark Street lights on,Yes,T intersection,Serious injury accident,60 km/hr,No,36055,144.70381,-37.86487,Intersection,WYNDHAM,METROPOLITAN NORTH WEST REGION,2473938.211,2403982.355,4,3,0,3,0,1,2,2,0,2,2,0,0,0,0,0,0,0,0,1,No,0,2,0,2,0,0,MELB_URBAN,MELB_URBAN,WYNDHAM,METROPOLITAN NORTH WEST REGION,,,Local Road,Local Road,Divided,Div,Metro
3402567,T20130015489,ABS to receive accident,Finished,26/7/2013,19.43.00,Yes,Collision with vehicle,Friday,REAR END(VEHICLES IN SAME LANE),No,Dark Street lights on,Yes,Cross intersection,Other injury accident,80 km/hr,No,36782,145.11866,-38.01911,Intersection,KINGSTON,METROPOLITAN SOUTH EAST REGION,2510419.252,2386897.098,4,1,0,0,1,3,3,1,0,1,3,0,0,0,0,0,0,0,0,1,No,1,3,0,3,0,0,MELB_URBAN,MELB_URBAN,KINGSTON,METROPOLITAN SOUTH EAST REGION,,,Arterial Other,"Arterial Other,Local Road",Divided,"Div,Undiv",Metro
3402568,T20130015494,ABS to receive accident,Finished,26/7/2013,17.10.00,No,Collision with vehicle,Thursday,LANE SIDE SWIPE (VEHICLES IN PARALLEL LANES),Yes,Dusk/Dawn,No,Cross intersection,Other injury accident,Not known,No,35383,144.99793,-37.82569,Intersection,YARRA,METROPOLITAN NORTH WEST REGION,2499817.596,2408371.683,2,1,0,0,1,1,1,0,1,0,0,0,0,0,1,0,0,0,0,0,No,0,2,0,0,0,0,MELB_URBAN,MELB_URBAN,YARRA,METROPOLITAN NORTH WEST REGION,,,Arterial Other,Arterial Other,Undivided,Undiv,Metro
3402569,T20130015496,ABS to receive accident,Finished,3/7/2013,17.45.00,No,Vehicle overturned (no collision),Wednesday,OUT OF CONTROL ON CARRIAGEWAY (ON STRAIGHT),No,Dark Street lights on,No,Not at intersection,Other injury accident,100 km/hr,No,262122,145.1525,-37.90197,Non-Intersection,MONASH,METROPOLITAN SOUTH EAST REGION,2513411.504,2399893.946,2,1,0,0,1,1,1,0,0,0,0,0,0,1,1,0,0,0,0,0,No,0,2,0,0,1,0,MELB_URBAN,MELB_URBAN,MONASH,METROPOLITAN SOUTH EAST REGION,M,M,Freeway,Freeway,Divided,Div,Metro
3402570,T20130015497,ABS to receive accident,Finished,26/7/2013,22.30.00,Yes,Collision with vehicle,Friday,REAR END(VEHICLES IN SAME LANE),No,Dark Street lights on,Yes,Not at intersection,Serious injury accident,60 km/hr,No,133568,144.88091,-38.36241,Non-Intersection,MORNINGTON PENINSULA,METROPOLITAN SOUTH EAST REGION,2489590.352,2348787.737,6,2,0,1,1,4,3,3,0,4,2,0,0,0,0,0,0,0,0,1,No,0,2,0,2,0,0,MELB_URBAN,MELB_URBAN,MORNINGTON PENINSULA,METROPOLITAN SOUTH EAST REGION,B,B,Arterial Highway,Arterial Highway,Undivided,Undiv,Metro
3402571,T20130015500,ABS to receive accident,Finished,26/7/2013,20.55.00,Yes,Collision with vehicle,Friday,HEAD ON (NOT OVERTAKING),No,Dark Street lights on,Yes,Not at intersection,Fatal accident,70 km/hr,No,263123,145.62618,-38.08526,Non-Intersection,CARDINIA,METROPOLITAN SOUTH EAST REGION,2554936.394,2379380.073,2,2,1,1,0,0,2,0,0,0,2,0,0,0,0,0,0,0,0,1,Yes,1,2,0,2,0,0,SMALL_TOWNS,SMALL_TOWNS,CARDINIA,METROPOLITAN SOUTH EAST REGION,C,C,Arterial Other,Arterial Other,Undivided,Undiv,Metro
3402572,T20130015501,ABS to receive accident,Finished,27/7/2013,01.50.00,Yes,Collision with vehicle,Saturday,REAR END(VEHICLES IN SAME LANE),No,Dark Street lights on,Yes,Not at intersection,Other injury accident,100 km/hr,No,262252,144.91647,-37.6944,Non-Intersection,HUME,METROPOLITAN NORTH WEST REGION,2492633.623,2422939.342,3,1,0,0,1,2,2,1,0,1,2,0,0,0,0,0,0,0,0,1,Yes,0,2,0,2,0,0,MELB_URBAN,MELB_URBAN,HUME,METROPOLITAN NORTH WEST REGION,M,M,Freeway,Freeway,Divided,Div,Metro
3402573,T20130015506,ABS to receive accident,Finished,27/7/2013,08.10.00,No,Collision with vehicle,Saturday,RIGHT TURN SIDESWIPE,No,Day,Yes,Multiple intersection,Serious injury accident,60 km/hr,No,478,145.02888,-37.80748,Intersection,BOROONDARA,METROPOLITAN SOUTH EAST REGION,2502543.339,2410391.849,2,1,0,1,0,1,2,0,1,0,1,0,0,0,0,0,0,0,0,0,No,0,2,0,1,0,0,MELB_URBAN,MELB_URBAN,BOROONDARA,METROPOLITAN SOUTH EAST REGION,,,Arterial Other,Arterial Other,Divided,"Div,Undiv",Metro