OBJECTID,ACCIDENT_NO,ABS_CODE,ACCIDENT_STATUS,ACCIDENT_DATE,ACCIDENT_TIME,ALCOHOLTIME,ACCIDENT_TYPE,DAY_OF_WEEK,DCA_CODE,HIT_RUN_FLAG,LIGHT_CONDITION,POLICE_ATTEND,ROAD_GEOMETRY,SEVERITY,SPEED_ZONE,RUN_OFFROAD,NODE_ID,LONGITUDE,LATITUDE,NODE_TYPE,LGA_NAME,REGION_NAME,VICGRID_X,VICGRID_Y,TOTAL_PERSONS,INJ_OR_FATAL,FATALITY,SERIOUSINJURY,OTHERINJURY,NONINJURED,MALES,FEMALES,BICYCLIST,PASSENGER,DRIVER,PEDESTRIAN,PILLION,MOTORIST,UNKNOWN,PED_CYCLIST_5_12,PED_CYCLIST_13_18,OLD_PEDESTRIAN,OLD_DRIVER,YOUNG_DRIVER,ALCOHOL_RELATED,UNLICENCSED,NO_OF_VEHICLES,HEAVYVEHICLE,PASSENGERVEHICLE,MOTORCYCLE,PUBLICVEHICLE,DEG_URBAN_NAME,DEG_URBAN_ALL,LGA_NAME_ALL,REGION_NAME_ALL,SRNS,SRNS_ALL,RMA,RMA_ALL,DIVIDED,DIVIDED_ALL,STAT_DIV_NAME
3402574,T20130015509,ABS to receive accident,Finished,25/7/2013,13.30.00,No,Vehicle overturned (no collision),Thursday,OUT OF CONTROL ON CARRIAGEWAY (ON STRAIGHT),No,Day,No,Not at intersection,Serious injury accident,60 km/hr,No,56176,145.09791,-38.27775,Intersection,MORNINGTON PENINSULA,METROPOLITAN SOUTH EAST REGION,2508568.266,2358188.743,1,1,0,1,0,0,1,0,0,0,0,0,0,1,0,0,0,0,0,0,No,0,1,0,0,1,0,RURAL_VICTORIA,RURAL_VICTORIA,MORNINGTON PENINSULA,METROPOLITAN SOUTH EAST REGION,,,Local Road,Local Road,Undivided,Undiv,Metro
3402575,T20130015513,ABS to receive accident,Finished,27/7/2013,09.50.00,No,Struck Pedestrian,Saturday,ANY MANOEUVRE INVOLVING PED NOT INCLUDED IN DCAs 100-108.,No,Day,Yes,Not at intersection,Serious injury accident,50 km/hr,No,262389,145.01014,-37.71703,Non-Intersection,DAREBIN,METROPOLITAN NORTH WEST REGION,2500893.983,2420430.95,2,1,0,1,0,1,1,1,0,0,1,1,0,0,0,0,0,1,0,0,No,0,1,0,1,0,0,MELB_URBAN,MELB_URBAN,DAREBIN,METROPOLITAN NORTH WEST REGION,,,Arterial Other,Arterial Other,Divided,Div,Metro
3402576,T20130015516,ABS to receive accident,Finished,27/7/2013,08.58.00,No,Struck Pedestrian,Saturday,ANY MANOEUVRE INVOLVING PED NOT INCLUDED IN DCAs 100-108.,No,Day,Yes,T intersection,Other injury accident,50 km/hr,No,47017,145.05883,-37.82632,Intersection,BOROONDARA,METROPOLITAN SOUTH EAST REGION,2505179.202,2408299.826,2,1,0,0,1,1,2,0,0,0,1,1,0,0,0,0,0,0,0,0,No,0,1,0,1,0,0,MELB_URBAN,MELB_URBAN,BOROONDARA,METROPOLITAN SOUTH EAST REGION,,,Local Road,Local Road,Undivided,Undiv,Metro
3402577,T20130015518,ABS to receive accident,Finished,26/7/2013,16.30.00,Yes,Vehicle overturned (no collision),Friday,OUT OF CONTROL ON CARRIAGEWAY (ON STRAIGHT),No,Day,Yes,T intersection,Other injury accident,60 km/hr,No,20827,146.54219,-38.19452,Intersection,LATROBE,EASTERN REGION,2635098.545,2366337.657,1,1,0,0,1,0,1,0,0,0,1,0,0,0,0,0,0,0,0,0,No,0,1,1,0,0,0,SMALL_CITIES,SMALL_CITIES,LATROBE,"EASTERN REGION,EASTERN REGION",M,"M,C",Arterial Highway,"Arterial Highway,Arterial Other",Divided,Div,Country
3402578,T20130015520,ABS to receive accident,Finished,27/7/2013,09.50.00,No,Collision with vehicle,Saturday,VEHICLE STRIKES DOOR OF PARKED/STATIONARY VEHICLE,No,Day,Yes,T intersection,Serious injury accident,60 km/hr,No,37143,144.99525,-37.82539,Intersection,YARRA,METROPOLITAN NORTH WEST REGION,2499581.505,2408405.016,2,1,0,1,0,1,2,0,1,0,1,0,0,0,0,0,0,0,0,0,No,1,2,0,1,0,0,MELB_URBAN,MELB_URBAN,YARRA,METROPOLITAN NORTH WEST REGION,,,Arterial Other,"Arterial Other,Local Road",Undivided,Undiv,Metro
3402579,T20130015522,ABS to receive accident,Finished,27/7/2013,11.35.00,No,Collision with vehicle,Saturday,REAR END(VEHICLES IN SAME LANE),No,Day,Yes,Cross intersection,Other injury accident,80 km/hr,No,29746,145.3052,-38.0253,Intersection,CASEY,METROPOLITAN SOUTH EAST REGION,2526797.638,2386172.634,5,1,0,0,1,4,2,3,0,2,3,0,0,0,0,0,0,0,0,1,No,0,3,0,3,0,0,MELB_URBAN,MELB_URBAN,CASEY,METROPOLITAN SOUTH EAST REGION,,,Arterial Highway,"Arterial Highway,Local Road",Divided,"Div,Undiv",Metro
3402580,T20130015523,ABS to receive accident,Finished,27/7/2013,10.55.00,No,Collision with vehicle,Saturday,REAR END(VEHICLES IN SAME LANE),No,Day,Yes,Not at intersection,Other injury accident,50 km/hr,No,262393,144.97878,-37.85575,Non-Intersection,PORT PHILLIP,METROPOLITAN NORTH WEST REGION,2498132.765,2405034.717,4,1,0,0,1,3,2,2,0,1,3,0,0,0,0,0,0,0,0,0,No,0,3,0,3,0,0,MELB_URBAN,MELB_URBAN,PORT PHILLIP,METROPOLITAN NORTH WEST REGION,,,Local Road,Local Road,Divided,Div,Metro
3402581,T20130015525,ABS to receive accident,Finished,27/7/2013,11.00.00,No,Collision with vehicle,Saturday,REAR END(VEHICLES IN SAME LANE),Yes,Day,No,T intersection,Other injury accident,60 km/hr,No,57646,145.11912,-38.14642,Non-Intersection,FRANKSTON,METROPOLITAN SOUTH EAST REGION,2510442.629,2372764.67,2,1,0,0,1,1,1,0,1,0,0,0,0,0,1,0,0,0,0,0,No,0,2,0,0,0,0,MELB_URBAN,MELB_URBAN,FRANKSTON,METROPOLITAN SOUTH EAST REGION,,,Arterial Highway,Arterial Highway,Divided,Div,Metro
3402582,T20130015526,ABS to receive accident,Finished,26/7/2013,16.10.00,Yes,Collision with vehicle,Friday,RIGHT REAR.,No,Day,Yes,T intersection,Other injury accident,60 km/hr,No,61353,145.51294,-37.6621,Intersection,YARRA RANGES,METROPOLITAN SOUTH EAST REGION,2545254.48,2426404.835,2,1,0,0,1,1,0,2,0,0,2,0,0,0,0,0,0,0,0,0,No,0,2,0,2,0,0,TOWNS,TOWNS,YARRA RANGES,METROPOLITAN SOUTH EAST REGION,B,B,Arterial Highway,"Arterial Highway,Local Road",Undivided,Undiv,Metro
3402583,T20130015528,ABS to receive accident,Finished,27/7/2013,11.30.00,No,Collision with vehicle,Saturday,RIGHT NEAR (INTERSECTIONS ONLY),No,Day,Yes,T intersection,Serious injury accident,60 km/hr,No,29671,145.18784,-37.91363,Intersection,MONASH,METROPOLITAN SOUTH EAST REGION,2516517.455,2398594.527,2,1,0,1,0,1,2,0,0,0,2,0,0,0,0,0,0,0,0,0,No,0,2,0,2,0,0,MELB_URBAN,MELB_URBAN,MONASH,METROPOLITAN SOUTH EAST REGION,,,Arterial Other,"Arterial Other,Local Road",Undivided,Undiv,Metro
3402584,T20130015531,ABS to receive accident,Finished,13/7/2013,09.00.00,No,collision with some other object,Saturday,STRUCK OBJECT ON CARRIAGEWAY,No,Day,No,Not at intersection,Other injury accident,Not known,No,262126,145.85394,-36.98175,Non-Intersection,MANSFIELD,NORTH EASTERN REGION,2576015.916,2501684.046,1,1,0,0,1,0,1,0,0,0,0,0,0,1,0,0,0,0,0,0,No,0,1,0,0,1,0,RURAL_VICTORIA,RURAL_VICTORIA,MANSFIELD,NORTH EASTERN REGION,,,Local Road,Local Road,Undivided,Undiv,Country
3402585,T20130015533,ABS to receive accident,Finished,27/7/2013,13.09.00,No,Collision with vehicle,Saturday,VEHICLE COLLIDES WITH VEHICLE PARKED ON LEFT OF ROAD,No,Day,Yes,Not at intersection,Serious injury accident,50 km/hr,No,262520,144.37256,-38.15871,Non-Intersection,GEELONG,SOUTH WESTERN REGION,2445006.807,2371226.07,1,1,0,1,0,0,1,0,0,0,1,0,0,0,0,0,0,0,1,0,No,0,2,0,2,0,0,LARGE_PROVINCIAL_CITIES,LARGE_PROVINCIAL_CITIES,GEELONG,SOUTH WESTERN REGION,,,Local Road,Local Road,Divided,Div,Country
3402586,T20130015534,ABS to receive accident,Finished,27/7/2013,11.25.00,No,Collision with vehicle,Saturday,RIGHT THROUGH,No,Day,Yes,Not at intersection,Serious injury accident,80 km/hr,No,263878,145.09606,-37.60027,Non-Intersection,WHITTLESEA,METROPOLITAN NORTH WEST REGION,2508481.648,2433384.915,2,1,0,1,0,1,1,1,1,0,1,0,0,0,0,0,0,0,0,0,No,0,2,0,1,0,0,MELB_URBAN,MELB_URBAN,WHITTLESEA,METROPOLITAN NORTH WEST REGION,C,C,Arterial Other,Arterial Other,Undivided,Undiv,Metro
3402587,T20130015537,ABS to receive accident,Finished,27/7/2013,14.18.00,Yes,No collision and no object struck,Saturday,OUT OF CONTROL ON CARRIAGEWAY (ON STRAIGHT),No,Day,Yes,T intersection,Other injury accident,100 km/hr,No,17731,145.33185,-36.49893,Intersection,SHEPPARTON,NORTH EASTERN REGION,2529728.032,2555545.926,2,1,0,0,1,1,2,0,0,0,1,0,0,1,0,0,0,0,0,0,No,0,2,0,1,1,0,RURAL_VICTORIA,RURAL_VICTORIA,SHEPPARTON,NORTH EASTERN REGION,,,Local Road,Local Road,Undivided,Undiv,Country
3402588,T20130015542,ABS to receive accident,Finished,27/7/2013,15.26.00,Yes,Collision with vehicle,Saturday,REAR END(VEHICLES IN SAME LANE),No,Day,Yes,T intersection,Other injury accident,80 km/hr,No,230235,145.24292,-37.89758,Intersection,KNOX,METROPOLITAN SOUTH EAST REGION,2521364.921,2400364.748,4,1,0,0,1,3,2,2,0,1,3,0,0,0,0,0,0,0,0,0,No,0,3,0,3,0,0,MELB_URBAN,MELB_URBAN,KNOX,METROPOLITAN SOUTH EAST REGION,,,Arterial Other,"Arterial Other,Local Road",Divided,"Div,Undiv",Metro
3402589,T20130015644,ABS to receive accident,Finished,29/7/2013,11.30.00,No,No collision and no object struck,Monday,OUT OF CONTROL ON CARRIAGEWAY (ON STRAIGHT),No,Day,Yes,Not at intersection,Other injury accident,100 km/hr,No,262294,144.93253,-37.74196,Non-Intersection,MORELAND,METROPOLITAN NORTH WEST REGION,2494053.865,2417662.12,2,1,0,0,1,1,1,0,0,0,0,0,0,1,1,0,0,0,0,0,No,0,2,0,0,1,0,MELB_URBAN,MELB_URBAN,MORELAND,METROPOLITAN NORTH WEST REGION,M,M,Freeway,Freeway,Divided,Div,Metro
3402590,T20130015646,ABS to receive accident,Finished,29/7/2013,12.40.00,No,Collision with vehicle,Monday,CROSS TRAFFIC(INTERSECTIONS ONLY),No,Day,Yes,Cross intersection,Other injury accident,60 km/hr,No,39323,145.12291,-37.82292,Intersection,WHITEHORSE,METROPOLITAN SOUTH EAST REGION,2510820.936,2408671.834,3,1,0,0,1,2,1,2,0,1,2,0,0,0,0,0,0,0,1,1,No,0,2,0,2,0,0,MELB_URBAN,MELB_URBAN,WHITEHORSE,METROPOLITAN SOUTH EAST REGION,,,Arterial Other,"Arterial Other,Local Road",Undivided,Undiv,Metro
3402591,T20130015648,ABS to receive accident,Finished,29/7/2013,13.10.00,No,Collision with vehicle,Monday,RIGHT THROUGH,No,Day,Yes,T intersection,Other injury accident,80 km/hr,No,35824,146.56078,-38.19078,Intersection,LATROBE,EASTERN REGION,2636734.194,2366725.876,3,1,0,0,1,2,1,2,0,1,2,0,0,0,0,0,0,0,0,1,No,0,2,0,2,0,0,SMALL_CITIES,SMALL_CITIES,LATROBE,"EASTERN REGION,EASTERN REGION",M,"M,A,C",Arterial Highway,"Arterial Highway,Arterial Other",Divided,"Div,Undiv",Country
3402592,T20130015649,ABS to receive accident,Finished,29/7/2013,09.44.00,No,Struck Pedestrian,Monday,PED NEAR SIDE. PED HIT BY VEHICLE FROM THE RIGHT.,No,Day,Yes,T intersection,Serious injury accident,60 km/hr,No,29768,145.28347,-38.10949,Intersection,CASEY,METROPOLITAN SOUTH EAST REGION,2524861.396,2376834.192,2,2,0,1,1,0,1,1,0,0,1,1,0,0,0,0,0,1,0,0,No,0,1,0,1,0,0,MELB_URBAN,MELB_URBAN,CASEY,METROPOLITAN SOUTH EAST REGION,M,M,Arterial Highway,"Arterial Highway,Local Road",Divided,"Div,Undiv",Metro
3402593,T20130015650,ABS to receive accident,Finished,29/7/2013,07.25.00,No,Collision with a fixed object,Monday,RIGHT OFF CARRIAGEWAY INTO OBJECT/PARKED VEHICLE,No,Day,Yes,Not at intersection,Other injury accident,100 km/hr,Yes,262652,144.12214,-37.24189,Non-Intersection,HEPBURN,WESTERN REGION,2422120.457,2472799.757,1,1,0,0,1,0,1,0,0,0,1,0,0,0,0,0,0,0,0,0,No,0,1,1,0,0,0,RURAL_VICTORIA,RURAL_VICTORIA,HEPBURN,WESTERN REGION,C,C,Arterial Other,Arterial Other,Undivided,Undiv,Country
3402594,T20130015658,ABS to receive accident,Finished,29/7/2013,15.45.00,No,Collision with a fixed object,Monday,OFF RIGHT BEND INTO OBJECT/PARKED VEHICLE,No,Day,Yes,Not at intersection,Other injury accident,100 km/hr,Yes,265992,145.60833,-38.38909,Non-Intersection,BASS COAST,EASTERN REGION,2553154.673,2345662.538,1,1,0,0,1,0,1,0,0,0,1,0,0,0,0,0,0,0,0,1,No,0,1,0,1,0,0,RURAL_VICTORIA,RURAL_VICTORIA,BASS COAST,"EASTERN REGION,EASTERN REGION",,,Local Road,Local Road,Undivided,Undiv,Country
3402595,T20130015659,ABS to receive accident,Finished,29/7/2013,16.05.00,No,Struck Pedestrian,Monday,PED EMERGES FROM IN FRONT OF PARKED OR STATIONARY VEHICLE,No,Day,Yes,Not at intersection,Serious injury accident,50 km/hr,No,262522,144.85909,-37.83476,Non-Intersection,HOBSONS BAY,METROPOLITAN NORTH WEST REGION,2487596.389,2407355.38,2,1,0,1,0,1,1,1,0,0,1,1,0,0,0,0,0,0,0,1,No,0,1,0,1,0,0,MELB_URBAN,MELB_URBAN,HOBSONS BAY,METROPOLITAN NORTH WEST REGION,,,Local Road,Local Road,Undivided,Undiv,Metro
3402596,T20130015661,ABS to receive accident,Finished,29/7/2013,17.10.00,No,Collision with vehicle,Monday,LANE SIDE SWIPE (VEHICLES IN PARALLEL LANES),No,Day,Yes,Cross intersection,Other injury accident,80 km/hr,No,30407,144.7565,-37.69358,Intersection,BRIMBANK,METROPOLITAN NORTH WEST REGION,2478525.738,2423006.454,2,1,0,0,1,1,2,0,0,0,1,0,0,1,0,0,0,0,0,0,No,0,2,0,1,1,0,MELB_URBAN,MELB_URBAN,BRIMBANK,METROPOLITAN NORTH WEST REGION,C,C,Arterial Other,"Arterial Other,Local Road",Divided,Div,Metro
3402597,T20130015662,ABS to receive accident,Finished,29/7/2013,17.00.00,No,Collision with vehicle,Monday,REAR END(VEHICLES IN SAME LANE),No,Day,Yes,T intersection,Other injury accident,80 km/hr,No,263306,144.88481,-37.66412,Non-Intersection,HUME,METROPOLITAN NORTH WEST REGION,2489837.552,2426296.796,5,1,0,0,1,4,2,3,0,3,2,0,0,0,0,0,0,0,0,1,No,0,2,0,2,0,0,MELB_URBAN,MELB_URBAN,HUME,METROPOLITAN NORTH WEST REGION,,,Arterial Other,Arterial Other,Divided,Div,Metro
3402598,T20130015664,ABS to receive accident,Finished,29/7/2013,15.59.00,No,Collision with vehicle,Monday,REAR END(VEHICLES IN SAME LANE),No,Day,Yes,Cross intersection,Other injury accident,70 km/hr,No,47573,144.93142,-37.64087,Intersection,HUME,METROPOLITAN NORTH WEST REGION,2493947.555,2428881.486,9,1,0,0,1,8,8,0,0,6,2,0,0,1,0,0,0,0,0,0,No,0,3,0,2,1,0,MELB_URBAN,MELB_URBAN,HUME,METROPOLITAN NORTH WEST REGION,,,Arterial Other,"Arterial Other,Local Road",Divided,"Div,Undiv",Metro
3402599,T20130015666,ABS to receive accident,Finished,29/7/2013,18.15.00,Yes,Collision with vehicle,Monday,REAR END(VEHICLES IN SAME LANE),No,Dark Street lights on,Yes,Not at intersection,Serious injury accident,50 km/hr,No,262224,144.94581,-37.81697,Non-Intersection,MELBOURNE,METROPOLITAN NORTH WEST REGION,2495229.186,2409337.811,6,1,0,1,0,5,3,3,0,4,1,0,0,1,0,0,0,0,0,0,No,0,2,0,1,1,0,MELB_URBAN,MELB_URBAN,MELBOURNE,METROPOLITAN NORTH WEST REGION,,,Local Road,Local Road,Divided,Div,Metro
3402600,T20130015668,ABS to receive accident,Finished,29/7/2013,14.11.00,No,Collision with vehicle,Monday,VEHICLE COLLIDES WITH VEHICLE PARKED ON LEFT OF ROAD,No,Day,Yes,T intersection,Other injury accident,50 km/hr,No,262302,145.04679,-37.73422,Intersection,BANYULE,METROPOLITAN NORTH WEST REGION,2504124.171,2418522.599,3,1,0,0,1,2,2,1,0,0,3,0,0,0,0,0,0,0,0,0,No,0,3,0,2,0,0,MELB_URBAN,MELB_URBAN,BANYULE,METROPOLITAN NORTH WEST REGION,,,Local Road,Local Road,Undivided,Undiv,Metro
3402601,T20130015673,ABS to receive accident,Finished,29/7/2013,15.15.00,No,Collision with vehicle,Sunday,RIGHT THROUGH,No,Day,Yes,T intersection,Other injury accident,70 km/hr,No,17632,145.42437,-36.38613,Intersection,SHEPPARTON,NORTH EASTERN REGION,2538071.849,2568027.926,2,1,0,0,1,1,0,2,0,0,2,0,0,0,0,0,0,0,0,1,No,0,2,0,2,0,0,SMALL_CITIES,SMALL_CITIES,SHEPPARTON,NORTH EASTERN REGION,A,A,Arterial Highway,"Arterial Highway,Local Road",Divided,"Div,Undiv",Country
3402602,T20130015777,ABS to receive accident,Finished,31/7/2013,10.30.00,No,Collision with vehicle,Wednesday,REAR END(VEHICLES IN SAME LANE),No,Day,Yes,T intersection,Other injury accident,60 km/hr,No,40770,145.1497,-37.86536,Intersection,MONASH,METROPOLITAN SOUTH EAST REGION,2513172.002,2403958.481,3,1,0,0,1,2,2,1,0,0,3,0,0,0,0,0,0,0,0,0,No,0,3,0,3,0,0,MELB_URBAN,MELB_URBAN,MONASH,METROPOLITAN SOUTH EAST REGION,,,Arterial Other,"Arterial Other,Local Road",Undivided,Undiv,Metro
3402603,T20130015780,ABS to receive accident,Finished,30/7/2013,04.45.00,Yes,Collision with a fixed object,Tuesday,RIGHT OFF CARRIAGEWAY INTO OBJECT/PARKED VEHICLE,No,Dark No street lights,No,T intersection,Other injury accident,100 km/hr,Yes,262321,146.82163,-36.32573,Intersection,INDIGO,NORTH EASTERN REGION,2663543.07,2573249.808,1,1,0,0,1,0,1,0,0,0,1,0,0,0,0,0,0,0,0,1,No,0,1,0,1,0,0,RURAL_VICTORIA,RURAL_VICTORIA,INDIGO,NORTH EASTERN REGION,,,Local Road,Local Road,Undivided,Undiv,Country
3402604,T20130015783,ABS to receive accident,Finished,31/7/2013,08.50.00,No,Collision with a fixed object,Wednesday,RIGHT OFF CARRIAGEWAY INTO OBJECT/PARKED VEHICLE,No,Day,Yes,Not at intersection,Serious injury accident,100 km/hr,Yes,264302,144.48589,-38.17753,Non-Intersection,GEELONG,SOUTH WESTERN REGION,2454951.103,2369196.568,1,1,0,1,0,0,1,0,0,0,1,0,0,0,0,0,0,0,0,0,No,0,1,0,1,0,0,RURAL_VICTORIA,RURAL_VICTORIA,GEELONG,SOUTH WESTERN REGION,C,C,Arterial Other,Arterial Other,Divided,Div,Country
3402605,T20130015786,ABS to receive accident,Finished,31/7/2013,12.15.00,No,Collision with vehicle,Wednesday,REAR END(VEHICLES IN SAME LANE),No,Day,Yes,Cross intersection,Serious injury accident,40 km/hr,No,40038,144.94234,-37.83858,Intersection,PORT PHILLIP,METROPOLITAN NORTH WEST REGION,2494924.886,2406938.706,2,1,0,1,0,1,2,0,0,0,2,0,0,0,0,0,0,0,0,1,No,0,2,0,1,0,0,MELB_URBAN,MELB_URBAN,PORT PHILLIP,METROPOLITAN NORTH WEST REGION,,,Arterial Other,"Arterial Other,Local Road",Divided,"Div,Undiv",Metro
3402606,T20130015787,ABS to receive accident,Finished,31/7/2013,13.15.00,No,Collision with vehicle,Wednesday,LANE SIDE SWIPE (VEHICLES IN PARALLEL LANES),No,Day,Yes,Not at intersection,Other injury accident,50 km/hr,No,262851,142.48319,-38.38342,Non-Intersection,WARRNAMBOOL,SOUTH WESTERN REGION,2280093.388,2343555.009,5,1,0,0,1,4,1,4,0,3,2,0,0,0,0,0,0,0,1,0,No,0,2,0,1,0,1,SMALL_CITIES,SMALL_CITIES,WARRNAMBOOL,SOUTH WESTERN REGION,,,Local Road,Local Road,Undivided,Undiv,Country
3402607,T20130015790,ABS to receive accident,Finished,31/7/2013,13.40.00,No,Collision with vehicle,Wednesday,REAR END(VEHICLES IN SAME LANE),No,Day,Yes,Not at intersection,Other injury accident,100 km/hr,No,262327,144.87528,-37.71601,Non-Intersection,BRIMBANK,METROPOLITAN NORTH WEST REGION,2489004.531,2420536.59,3,1,0,0,1,2,3,0,0,0,3,0,0,0,0,0,0,0,0,1,No,0,3,0,1,0,0,MELB_URBAN,MELB_URBAN,BRIMBANK,METROPOLITAN NORTH WEST REGION,M,M,Freeway,Freeway,Divided,Div,Metro
3402608,T20130015791,ABS to receive accident,Finished,28/7/2013,14.00.00,No,Collision with vehicle,Sunday,U TURN,No,Day,Yes,Not at intersection,Other injury accident,80 km/hr,No,262972,142.17943,-34.22024,Non-Intersection,MILDURA,WESTERN REGION,2239872.497,2804638.717,3,1,0,0,1,2,1,2,0,1,2,0,0,0,0,0,0,0,0,1,No,0,2,0,2,0,0,SMALL_CITIES,SMALL_CITIES,MILDURA,WESTERN REGION,,,Local Road,Local Road,Undivided,Undiv,Country
3402609,T20130015792,ABS to receive accident,Finished,9/7/2013,11.30.00,No,Collision with vehicle,Tuesday,VEHICLE STRIKES ANOTHER VEH WHILE EMERGING FROM DRIVEWAY,No,Unk.,No,Not at intersection,Other injury accident,Camping grounds or off road,No,262363,145.11647,-37.80899,Non-Intersection,WHITEHORSE,METROPOLITAN SOUTH EAST REGION,2510255.543,2410218.472,2,1,0,0,1,1,1,1,1,0,1,0,0,0,0,0,0,0,0,0,No,0,2,0,1,0,0,MELB_URBAN,MELB_URBAN,WHITEHORSE,METROPOLITAN SOUTH EAST REGION,,,Arterial Other,Arterial Other,Undivided,Undiv,Metro
3402610,T20130015797,ABS to receive accident,Finished,31/7/2013,06.50.00,No,Collision with a fixed object,Wednesday,OFF RIGHT BEND INTO OBJECT/PARKED VEHICLE,No,Dusk/Dawn,Yes,Not at intersection,Fatal accident,100 km/hr,Yes,263517,146.24675,-38.15368,Non-Intersection,BAW BAW,EASTERN REGION,2609278.465,2371249.928,2,2,1,0,1,0,1,1,0,1,1,0,0,0,0,0,0,0,0,1,No,0,1,0,1,0,0,RURAL_VICTORIA,RURAL_VICTORIA,BAW BAW,"EASTERN REGION,EASTERN REGION",,,Local Road,Local Road,Undivided,Undiv,Country
3402611,T20130015799,ABS to receive accident,Finished,31/7/2013,14.30.00,No,Struck Pedestrian,Wednesday,PED NEAR SIDE. PED HIT BY VEHICLE FROM THE RIGHT.,No,Day,Yes,Not at intersection,Other injury accident,40 km/hr,No,263534,145.21617,-37.98508,Non-Intersection,DANDENONG,METROPOLITAN SOUTH EAST REGION,2518990.414,2390658.203,2,1,0,0,1,1,1,1,0,0,1,1,0,0,0,0,0,1,0,0,No,0,1,0,1,0,0,MELB_URBAN,MELB_URBAN,DANDENONG,METROPOLITAN SOUTH EAST REGION,,,Local Road,Local Road,Undivided,Undiv,Metro
3402612,T20130015801,ABS to receive accident,Finished,31/7/2013,15.40.00,No,Collision with a fixed object,Wednesday,RIGHT OFF CARRIAGEWAY INTO OBJECT/PARKED VEHICLE,No,Day,Yes,Not at intersection,Other injury accident,50 km/hr,Yes,264171,145.22694,-37.97817,Non-Intersection,DANDENONG,METROPOLITAN SOUTH EAST REGION,2519938.739,2391423.429,1,1,0,0,1,0,0,1,0,0,1,0,0,0,0,0,0,0,0,0,No,0,1,0,1,0,0,MELB_URBAN,MELB_URBAN,DANDENONG,METROPOLITAN SOUTH EAST REGION,,,Local Road,Local Road,Undivided,Undiv,Metro
3402613,T20130015803,ABS to receive accident,Finished,31/7/2013,15.00.00,No,Collision with a fixed object,Wednesday,LEFT OFF CARRIAGEWAY INTO OBJECT/PARKED VEHICLE,No,Day,Yes,Not at intersection,Other injury accident,100 km/hr,Yes,263031,145.68794,-38.12713,Non-Intersection,CARDINIA,METROPOLITAN SOUTH EAST REGION,2560321.013,2374694.656,1,1,0,0,1,0,1,0,0,0,1,0,0,0,0,0,0,0,0,0,No,0,1,0,1,0,0,RURAL_VICTORIA,RURAL_VICTORIA,CARDINIA,METROPOLITAN SOUTH EAST REGION,,,Local Road,Local Road,Undivided,Undiv,Metro
3402614,T20130015807,ABS to receive accident,Finished,31/7/2013,17.45.00,No,Struck Pedestrian,Wednesday,PED NEAR SIDE. PED HIT BY VEHICLE FROM THE RIGHT.,No,Dark Street lights on,Yes,T intersection,Serious injury accident,50 km/hr,No,46528,144.8841,-37.78295,Intersection,MARIBYRNONG,METROPOLITAN NORTH WEST REGION,2489791.01,2413108.704,2,1,0,1,0,1,2,0,0,0,1,1,0,0,0,0,0,0,0,0,No,0,1,0,1,0,0,MELB_URBAN,MELB_URBAN,MARIBYRNONG,METROPOLITAN NORTH WEST REGION,,,Local Road,Local Road,Undivided,Undiv,Metro
3402615,T20130015675,ABS to receive accident,Finished,29/7/2013,20.00.00,Yes,Struck Pedestrian,Monday,FAR SIDE. PED HIT BY VEHICLE FROM THE LEFT,No,Dark No street lights,Yes,Not at intersection,Serious injury accident,50 km/hr,No,262255,144.9997,-37.79305,Non-Intersection,YARRA,METROPOLITAN NORTH WEST REGION,2499973.595,2411993.947,2,1,0,1,0,1,0,2,0,0,1,1,0,0,0,0,0,0,0,0,No,0,1,0,1,0,0,MELB_URBAN,MELB_URBAN,YARRA,METROPOLITAN NORTH WEST REGION,,,Local Road,Local Road,Undivided,Undiv,Metro
3402616,T20130015679,ABS to receive accident,Finished,29/7/2013,15.00.00,No,Struck Pedestrian,Monday,PED WALKING WITH TRAFFIC,Yes,Day,Yes,Not at intersection,Other injury accident,50 km/hr,No,262164,142.21026,-36.70389,Non-Intersection,HORSHAM,WESTERN REGION,2250791.477,2529204.281,2,1,0,0,1,1,1,1,0,0,1,1,0,0,0,0,0,0,0,1,Yes,1,1,0,1,0,0,SMALL_CITIES,SMALL_CITIES,HORSHAM,WESTERN REGION,,,Local Road,Local Road,Undivided,Undiv,Country
3402617,T20130015680,ABS to receive accident,Finished,29/7/2013,23.50.00,Yes,Collision with vehicle,Monday,REAR END(VEHICLES IN SAME LANE),No,Dark Street lights on,Yes,Not at intersection,Serious injury accident,60 km/hr,No,262165,145.02187,-37.88742,Non-Intersection,GLEN EIRA,METROPOLITAN SOUTH EAST REGION,2501923.896,2401519.613,4,3,0,3,0,1,1,3,0,2,2,0,0,0,0,0,0,0,0,2,No,0,2,0,2,0,0,MELB_URBAN,MELB_URBAN,GLEN EIRA,METROPOLITAN SOUTH EAST REGION,,,Arterial Other,Arterial Other,Undivided,Undiv,Metro