OBJECTID,ACCIDENT_NO,ABS_CODE,ACCIDENT_STATUS,ACCIDENT_DATE,ACCIDENT_TIME,ALCOHOLTIME,ACCIDENT_TYPE,DAY_OF_WEEK,DCA_CODE,HIT_RUN_FLAG,LIGHT_CONDITION,POLICE_ATTEND,ROAD_GEOMETRY,SEVERITY,SPEED_ZONE,RUN_OFFROAD,NODE_ID,LONGITUDE,LATITUDE,NODE_TYPE,LGA_NAME,REGION_NAME,VICGRID_X,VICGRID_Y,TOTAL_PERSONS,INJ_OR_FATAL,FATALITY,SERIOUSINJURY,OTHERINJURY,NONINJURED,MALES,FEMALES,BICYCLIST,PASSENGER,DRIVER,PEDESTRIAN,PILLION,MOTORIST,UNKNOWN,PED_CYCLIST_5_12,PED_CYCLIST_13_18,OLD_PEDESTRIAN,OLD_DRIVER,YOUNG_DRIVER,ALCOHOL_RELATED,UNLICENCSED,NO_OF_VEHICLES,HEAVYVEHICLE,PASSENGERVEHICLE,MOTORCYCLE,PUBLICVEHICLE,DEG_URBAN_NAME,DEG_URBAN_ALL,LGA_NAME_ALL,REGION_NAME_ALL,SRNS,SRNS_ALL,RMA,RMA_ALL,DIVIDED,DIVIDED_ALL,STAT_DIV_NAME
3402618,T20130015681,ABS to receive accident,Finished,29/7/2013,23.45.00,Yes,Struck Pedestrian,Monday,PED NEAR SIDE. PED HIT BY VEHICLE FROM THE RIGHT.,No,Dark Street lights on,Yes,T intersection,Serious injury accident,60 km/hr,No,44577,145.04939,-37.73304,Intersection,BANYULE,METROPOLITAN NORTH WEST REGION,2504353.745,2418652.634,2,1,0,1,0,1,1,1,0,0,1,1,0,0,0,0,0,0,0,0,No,0,1,0,1,0,0,MELB_URBAN,MELB_URBAN,BANYULE,METROPOLITAN NORTH WEST REGION,,,Arterial Other,"Arterial Other,Local Road",Undivided,Undiv,Metro
3402619,T20130015682,ABS to receive accident,Finished,30/7/2013,02.50.00,Yes,Collision with a fixed object,Tuesday,LEFT OFF CARRIAGEWAY INTO OBJECT/PARKED VEHICLE,Yes,Dark Street lights on,Yes,Not at intersection,Serious injury accident,60 km/hr,Yes,269667,144.93277,-37.71616,Non-Intersection,MORELAND,METROPOLITAN NORTH WEST REGION,2494072.771,2420525.308,1,1,0,1,0,0,0,1,0,0,1,0,0,0,0,0,0,0,0,0,Yes,1,1,0,1,0,0,MELB_URBAN,MELB_URBAN,MORELAND,METROPOLITAN NORTH WEST REGION,,,Arterial Other,Arterial Other,Undivided,Undiv,Metro
3402620,T20130015683,ABS to receive accident,Finished,30/7/2013,06.45.00,No,Collision with vehicle,Tuesday,RIGHT NEAR (INTERSECTIONS ONLY),No,Dark Street lights on,Yes,T intersection,Serious injury accident,50 km/hr,No,30673,144.99948,-37.76517,Intersection,DAREBIN,METROPOLITAN NORTH WEST REGION,2499954.202,2415088.068,2,1,0,1,0,1,1,1,1,0,1,0,0,0,0,0,0,0,0,1,No,0,2,0,1,0,0,MELB_URBAN,MELB_URBAN,DAREBIN,METROPOLITAN NORTH WEST REGION,,,Local Road,Local Road,Undivided,Undiv,Metro
3402621,T20130015684,ABS to receive accident,Finished,29/7/2013,12.20.00,No,Struck Pedestrian,Monday,ANY MANOEUVRE INVOLVING PED NOT INCLUDED IN DCAs 100-108.,No,Day,Yes,Cross intersection,Other injury accident,40 km/hr,No,35354,144.95956,-37.81862,Intersection,MELBOURNE,METROPOLITAN NORTH WEST REGION,2496439.519,2409155.127,2,1,0,0,1,1,1,1,0,0,1,1,0,0,0,0,0,0,0,0,No,0,1,0,1,0,0,MELBOURNE_CBD,MELBOURNE_CBD,MELBOURNE,METROPOLITAN NORTH WEST REGION,,,Local Road,Local Road,Undivided,Undiv,Metro
3402622,T20130015685,ABS to receive accident,Finished,29/7/2013,13.49.00,No,Collision with vehicle,Monday,OTHER MANOEUVRING NOT INCLUDED IN DCAs 140-148,No,Day,Yes,Cross intersection,Other injury accident,50 km/hr,No,68899,145.31329,-37.89894,Intersection,KNOX,METROPOLITAN SOUTH EAST REGION,2527554.208,2400196.303,1,1,0,0,1,0,0,1,0,0,1,0,0,0,0,0,0,0,1,0,No,0,2,0,2,0,0,MELB_URBAN,MELB_URBAN,KNOX,METROPOLITAN SOUTH EAST REGION,,,Local Road,Local Road,Undivided,Undiv,Metro
3402623,T20130015688,ABS to receive accident,Finished,30/7/2013,08.15.00,No,Collision with vehicle,Tuesday,LEFT TURN SIDESWIPE,No,Day,No,T intersection,Other injury accident,60 km/hr,No,40064,144.97534,-37.86098,Intersection,PORT PHILLIP,METROPOLITAN NORTH WEST REGION,2497830.109,2404454.528,2,1,0,0,1,1,1,1,1,0,1,0,0,0,0,0,0,0,0,0,No,0,2,0,1,0,0,MELB_URBAN,MELB_URBAN,PORT PHILLIP,METROPOLITAN NORTH WEST REGION,,,Local Road,Local Road,Undivided,Undiv,Metro
3402624,T20130015689,ABS to receive accident,Finished,30/7/2013,06.50.00,No,Collision with vehicle,Tuesday,CROSS TRAFFIC(INTERSECTIONS ONLY),No,Dusk/Dawn,Yes,Cross intersection,Serious injury accident,50 km/hr,No,29357,144.96421,-37.78113,Intersection,YARRA,METROPOLITAN NORTH WEST REGION,2496847.002,2413315.682,2,1,0,1,0,1,2,0,1,0,1,0,0,0,0,0,0,0,0,1,No,0,2,0,1,0,0,MELB_URBAN,MELB_URBAN,YARRA,METROPOLITAN NORTH WEST REGION,,,Local Road,Local Road,Divided,Div,Metro
3402625,T20130015691,ABS to receive accident,Finished,30/7/2013,09.15.00,No,Collision with a fixed object,Tuesday,LEFT OFF CARRIAGEWAY INTO OBJECT/PARKED VEHICLE,No,Day,Yes,Not at intersection,Other injury accident,60 km/hr,Yes,262850,145.91938,-38.157,Non-Intersection,BAW BAW,EASTERN REGION,2580582.167,2371208.361,1,1,0,0,1,0,0,1,0,0,1,0,0,0,0,0,0,0,0,0,No,0,1,0,1,0,0,SMALL_CITIES,SMALL_CITIES,BAW BAW,"EASTERN REGION,EASTERN REGION",C,C,Arterial Other,Arterial Other,Divided,Div,Country
3402626,T20130015696,ABS to receive accident,Finished,30/7/2013,08.00.00,No,Collision with vehicle,Tuesday,CROSS TRAFFIC(INTERSECTIONS ONLY),No,Day,Yes,Cross intersection,Other injury accident,50 km/hr,No,41124,144.99143,-37.8877,Intersection,BAYSIDE,METROPOLITAN NORTH WEST REGION,2499246.242,2401488.467,2,1,0,0,1,1,2,0,1,0,1,0,0,0,0,0,0,0,0,0,No,0,2,0,1,0,0,MELB_URBAN,MELB_URBAN,"PORT PHILLIP,BAYSIDE","METROPOLITAN NORTH WEST REGION,METROPOLITAN SOUTH EAST REGION",,,Arterial Other,"Arterial Other,Local Road",Undivided,Undiv,Metro
3402627,T20130015697,ABS to receive accident,Finished,29/7/2013,17.15.00,No,Collision with vehicle,Monday,REAR END(VEHICLES IN SAME LANE),No,Day,No,Not at intersection,Other injury accident,80 km/hr,No,262312,145.15293,-37.90185,Non-Intersection,MONASH,METROPOLITAN SOUTH EAST REGION,2513449.99,2399907.691,2,1,0,0,1,1,1,1,0,0,2,0,0,0,0,0,0,0,0,0,No,0,2,0,2,0,0,MELB_URBAN,MELB_URBAN,MONASH,METROPOLITAN SOUTH EAST REGION,M,M,Freeway,Freeway,Undivided,Undiv,Metro
3402628,T20130015699,ABS to receive accident,Finished,30/7/2013,10.05.00,No,No collision and no object struck,Tuesday,OFF CARRIAGEWAY TO LEFT,No,Day,No,Not at intersection,Other injury accident,80 km/hr,Yes,89398,145.30426,-37.80133,Non-Intersection,MAROONDAH,METROPOLITAN SOUTH EAST REGION,2526794.366,2411032.312,1,1,0,0,1,0,0,1,0,0,1,0,0,0,0,0,0,0,0,0,No,0,1,0,1,0,0,MELB_URBAN,MELB_URBAN,MAROONDAH,METROPOLITAN SOUTH EAST REGION,,,Arterial Other,Arterial Other,Divided,Div,Metro
3402629,T20130015700,ABS to receive accident,Finished,30/7/2013,12.00.00,No,Collision with vehicle,Tuesday,VEHICLE OFF FOOTPATH STRIKES VEH ON CARRIAGEWAY,No,Day,No,Cross intersection,Other injury accident,50 km/hr,No,29360,144.97468,-37.77984,Intersection,MORELAND,METROPOLITAN NORTH WEST REGION,2497769.925,2413460.072,2,1,0,0,1,1,1,1,1,0,1,0,0,0,0,0,0,0,0,0,No,0,2,0,1,0,0,MELB_URBAN,MELB_URBAN,"YARRA,MORELAND",METROPOLITAN NORTH WEST REGION,,,Local Road,Local Road,Undivided,Undiv,Metro
3402630,T20130015702,ABS to receive accident,Finished,30/7/2013,11.25.00,No,Collision with vehicle,Tuesday,LANE CHANGE LEFT (NOT OVERTAKING),Yes,Day,Yes,Not at intersection,Serious injury accident,100 km/hr,No,235717,145.16413,-37.91155,Non-Intersection,MONASH,METROPOLITAN SOUTH EAST REGION,2514432.859,2398829.189,2,1,0,1,0,1,1,0,0,0,1,0,0,1,0,0,0,0,0,0,No,0,2,0,1,1,0,MELB_URBAN,MELB_URBAN,MONASH,METROPOLITAN SOUTH EAST REGION,M,M,Freeway,Freeway,Divided,Div,Metro
3402631,T20130015704,ABS to receive accident,Finished,29/7/2013,12.15.00,No,Collision with vehicle,Monday,RIGHT FAR (INTERSECTIONS ONLY),No,Day,No,Cross intersection,Other injury accident,50 km/hr,No,47665,144.73206,-37.58097,Intersection,HUME,METROPOLITAN NORTH WEST REGION,2476334.89,2435497.568,2,1,0,0,1,1,1,1,0,0,2,0,0,0,0,0,0,0,1,1,No,0,2,0,2,0,0,SMALL_CITIES,SMALL_CITIES,HUME,METROPOLITAN NORTH WEST REGION,,,Local Road,Local Road,Undivided,Undiv,Metro
3402632,T20130015705,ABS to receive accident,Finished,29/7/2013,21.30.00,Yes,Struck Pedestrian,Monday,FAR SIDE. PED HIT BY VEHICLE FROM THE LEFT,Yes,Dark Street lights on,Yes,T intersection,Other injury accident,50 km/hr,No,262683,146.40612,-38.23513,Intersection,LATROBE,EASTERN REGION,2623113.084,2362014.971,2,1,0,0,1,1,1,0,0,0,1,1,0,0,0,0,0,0,0,0,No,0,1,0,1,0,0,SMALL_CITIES,SMALL_CITIES,LATROBE,"EASTERN REGION,EASTERN REGION",,,Local Road,Local Road,Divided,"Div,Undiv",Country
3402633,T20130015706,ABS to receive accident,Finished,30/7/2013,08.30.00,No,Collision with vehicle,Tuesday,VEHICLE COLLIDES WITH VEHICLE PARKED ON LEFT OF ROAD,No,Day,Yes,T intersection,Other injury accident,40 km/hr,No,262314,145.19041,-37.84034,Intersection,WHITEHORSE,METROPOLITAN SOUTH EAST REGION,2516759.518,2406728.321,1,1,0,0,1,0,1,0,0,0,1,0,0,0,0,0,0,0,0,1,No,0,2,0,2,0,0,MELB_URBAN,MELB_URBAN,WHITEHORSE,METROPOLITAN SOUTH EAST REGION,,,Local Road,Local Road,Undivided,Undiv,Metro
3402634,T20130015707,ABS to receive accident,Finished,30/7/2013,08.15.00,No,Collision with vehicle,Tuesday,LEFT NEAR (INTERSECTIONS ONLY),No,Day,No,T intersection,Other injury accident,80 km/hr,No,57546,145.00096,-37.88902,Intersection,BAYSIDE,METROPOLITAN SOUTH EAST REGION,2500084.177,2401342.027,2,1,0,0,1,1,2,0,1,0,1,0,0,0,0,0,0,0,0,0,No,0,2,0,1,0,0,MELB_URBAN,MELB_URBAN,BAYSIDE,METROPOLITAN SOUTH EAST REGION,,,Arterial Highway,"Arterial Highway,Local Road",Divided,"Div,Undiv",Metro
3402635,T20130015708,ABS to receive accident,Finished,30/7/2013,11.50.00,No,Vehicle overturned (no collision),Tuesday,OFF CARRIAGEWAY TO LEFT,No,Day,Yes,Not at intersection,Other injury accident,100 km/hr,Yes,262315,143.79044,-35.58816,Non-Intersection,GANNAWARRA,NORTHERN REGION,2390364.027,2655959.623,3,1,0,0,1,2,2,1,0,2,1,0,0,0,0,0,0,0,0,1,No,0,1,0,1,0,0,RURAL_VICTORIA,RURAL_VICTORIA,GANNAWARRA,NORTHERN REGION,B,B,Arterial Highway,Arterial Highway,Undivided,Undiv,Country
3402636,T20130015709,ABS to receive accident,Finished,21/7/2013,09.30.00,Yes,Collision with vehicle,Sunday,LEFT NEAR (INTERSECTIONS ONLY),No,Day,No,T intersection,Serious injury accident,Not known,No,38604,145.0606,-37.66803,Intersection,WHITTLESEA,METROPOLITAN NORTH WEST REGION,2505346.281,2425867.635,3,2,0,1,1,1,1,2,0,1,2,0,0,0,0,0,0,0,0,0,No,0,2,0,2,0,0,MELB_URBAN,MELB_URBAN,WHITTLESEA,METROPOLITAN NORTH WEST REGION,,,Arterial Other,"Arterial Other,Local Road",Divided,"Div,Undiv",Metro
3402637,T20130015712,ABS to receive accident,Finished,4/7/2013,22.25.00,Yes,Vehicle overturned (no collision),Thursday,OUT OF CONTROL ON CARRIAGEWAY (ON STRAIGHT),No,Dark No street lights,No,Not at intersection,Other injury accident,100 km/hr,No,262234,146.96837,-37.91006,Non-Intersection,WELLINGTON,EASTERN REGION,2673080.86,2397217.648,3,3,0,0,3,0,1,2,0,2,1,0,0,0,0,0,0,0,0,1,No,0,1,0,1,0,0,RURAL_VICTORIA,RURAL_VICTORIA,WELLINGTON,"EASTERN REGION,EASTERN REGION",,,Local Road,Local Road,Undivided,Undiv,Country
3402638,T20130015713,ABS to receive accident,Finished,13/7/2013,17.40.00,Yes,Collision with vehicle,Saturday,REAR END(VEHICLES IN SAME LANE),No,Unk.,No,Multiple intersection,Other injury accident,Not known,No,29873,145.09035,-37.88245,Non-Intersection,STONNINGTON,METROPOLITAN SOUTH EAST REGION,2507948.044,2402067.705,2,1,0,0,1,1,0,1,0,0,2,0,0,0,0,0,0,0,0,1,No,0,2,0,2,0,0,MELB_URBAN,MELB_URBAN,STONNINGTON,METROPOLITAN SOUTH EAST REGION,,,,,,,Metro
3402639,T20130015715,ABS to receive accident,Finished,30/7/2013,13.15.00,No,Collision with vehicle,Tuesday,RIGHT NEAR (INTERSECTIONS ONLY),No,Day,Yes,Cross intersection,Serious injury accident,70 km/hr,No,32760,145.06866,-37.9373,Intersection,GLEN EIRA,METROPOLITAN SOUTH EAST REGION,2506036.034,2395981.264,3,3,0,2,1,0,0,3,0,1,2,0,0,0,0,0,0,0,0,0,No,0,2,0,2,0,0,MELB_URBAN,MELB_URBAN,GLEN EIRA,METROPOLITAN SOUTH EAST REGION,,,Arterial Other,"Arterial Other,Local Road",Divided,"Div,Undiv",Metro
3402640,T20130015717,ABS to receive accident,Finished,27/7/2013,11.00.00,No,Collision with vehicle,Saturday,REAR END(VEHICLES IN SAME LANE),No,Day,No,T intersection,Other injury accident,60 km/hr,No,40053,144.96458,-37.85569,Intersection,PORT PHILLIP,METROPOLITAN NORTH WEST REGION,2496883.236,2405041.219,2,1,0,0,1,1,1,1,0,0,2,0,0,0,0,0,0,0,0,0,No,0,2,0,2,0,0,MELB_URBAN,MELB_URBAN,PORT PHILLIP,METROPOLITAN NORTH WEST REGION,,,Arterial Other,"Arterial Other,Local Road",Divided,"Div,Undiv",Metro
3402641,T20130015719,ABS to receive accident,Finished,29/7/2013,21.00.00,Yes,Struck Pedestrian,Monday,PED PLAYING/LYING/WORKING/STANDING ON CARRIAGEWAY.,No,Dark Street lights on,Yes,Not at intersection,Other injury accident,50 km/hr,No,267591,144.92429,-37.7514,Non-Intersection,MOONEE VALLEY,METROPOLITAN NORTH WEST REGION,2493328.245,2416613.606,1,1,0,0,1,0,1,0,0,0,0,1,0,0,0,0,0,0,0,0,No,0,1,0,1,0,0,MELB_URBAN,MELB_URBAN,MOONEE VALLEY,METROPOLITAN NORTH WEST REGION,,,Local Road,Local Road,Divided,Div,Metro
3402642,T20130015723,ABS to receive accident,Finished,29/7/2013,20.25.00,Yes,Collision with vehicle,Monday,REAR END(VEHICLES IN SAME LANE),Yes,Dark Street lights on,Yes,T intersection,Serious injury accident,50 km/hr,No,263722,144.34793,-38.0932,Intersection,GEELONG,SOUTH WESTERN REGION,2442798.451,2378483.459,3,1,0,1,0,2,3,0,0,1,2,0,0,0,0,0,0,0,0,0,No,1,2,0,2,0,0,LARGE_PROVINCIAL_CITIES,LARGE_PROVINCIAL_CITIES,GEELONG,SOUTH WESTERN REGION,,,Local Road,Local Road,Undivided,Undiv,Country
3402643,T20130015725,ABS to receive accident,Finished,30/7/2013,12.15.00,No,Collision with a fixed object,Tuesday,OFF LEFT BEND INTO OBJECT/PARKED VEHICLE,No,Day,Yes,Not at intersection,Other injury accident,100 km/hr,Yes,263921,146.33584,-38.06251,Non-Intersection,BAW BAW,EASTERN REGION,2617228.646,2381263.066,2,1,0,0,1,1,1,1,0,1,1,0,0,0,0,0,0,0,0,1,No,0,1,0,1,0,0,RURAL_VICTORIA,RURAL_VICTORIA,BAW BAW,"EASTERN REGION,EASTERN REGION",C,C,Arterial Other,Arterial Other,Undivided,Undiv,Country
3402644,T20130015729,ABS to receive accident,Finished,30/7/2013,14.02.00,No,Collision with vehicle,Tuesday,RIGHT NEAR (INTERSECTIONS ONLY),No,Day,Yes,T intersection,Serious injury accident,70 km/hr,No,29716,145.21608,-37.99279,Intersection,DANDENONG,METROPOLITAN SOUTH EAST REGION,2518980.836,2389802.969,4,1,0,1,0,3,2,2,0,1,2,0,0,1,0,0,0,0,0,0,No,0,3,0,2,1,0,MELB_URBAN,MELB_URBAN,DANDENONG,METROPOLITAN SOUTH EAST REGION,,,Arterial Highway,"Arterial Highway,Local Road",Divided,"Div,Undiv",Metro
3402645,T20130015733,ABS to receive accident,Finished,30/7/2013,15.10.00,No,Collision with vehicle,Tuesday,RIGHT NEAR (INTERSECTIONS ONLY),No,Day,Yes,T intersection,Other injury accident,60 km/hr,No,38013,145.01566,-37.7539,Intersection,DAREBIN,METROPOLITAN NORTH WEST REGION,2501379.954,2416339.058,7,2,0,0,2,5,0,7,0,5,2,0,0,0,0,0,0,0,0,0,No,1,2,0,2,0,0,MELB_URBAN,MELB_URBAN,DAREBIN,METROPOLITAN NORTH WEST REGION,,,Local Road,Local Road,Undivided,Undiv,Metro
3402646,T20130015734,ABS to receive accident,Finished,30/7/2013,14.45.00,No,Collision with a fixed object,Tuesday,LEFT OFF CARRIAGEWAY INTO OBJECT/PARKED VEHICLE,No,Day,Yes,Not at intersection,Other injury accident,100 km/hr,Yes,262317,142.75161,-35.39271,Non-Intersection,BULOKE,NORTHERN REGION,2295704.34,2675933.339,3,3,0,0,3,0,2,1,0,2,1,0,0,0,0,0,0,0,0,0,No,0,1,0,1,0,0,RURAL_VICTORIA,RURAL_VICTORIA,BULOKE,NORTHERN REGION,C,C,Arterial Other,Arterial Other,Undivided,Undiv,Country
3402647,T20130015736,ABS to receive accident,Finished,30/7/2013,11.54.00,No,Collision with vehicle,Tuesday,RIGHT FAR (INTERSECTIONS ONLY),No,Day,Yes,T intersection,Other injury accident,70 km/hr,No,262297,145.11842,-37.91357,Intersection,MONASH,METROPOLITAN SOUTH EAST REGION,2510412.926,2398610.654,3,1,0,0,1,2,2,1,0,1,2,0,0,0,0,0,0,0,0,0,No,0,2,0,2,0,0,MELB_URBAN,MELB_URBAN,MONASH,METROPOLITAN SOUTH EAST REGION,,,Arterial Highway,"Arterial Highway,Local Road",Divided,"Div,Undiv",Metro
3402648,T20130015740,ABS to receive accident,Finished,30/7/2013,15.45.00,No,Struck Pedestrian,Tuesday,VEH STRIKES PED ON FOOTPATH/MEDIAN/TRAFFIC ISLAND.,Yes,Day,Yes,Not at intersection,Serious injury accident,60 km/hr,No,262714,145.25594,-38.00801,Non-Intersection,CASEY,METROPOLITAN SOUTH EAST REGION,2522477.549,2388104.877,2,1,0,1,0,1,1,1,0,0,1,1,0,0,0,0,0,0,0,1,No,1,1,0,1,0,0,MELB_URBAN,MELB_URBAN,CASEY,METROPOLITAN SOUTH EAST REGION,,,Local Road,Local Road,Undivided,Undiv,Metro
3402649,T20130015741,ABS to receive accident,Finished,30/7/2013,15.55.00,No,Collision with vehicle,Tuesday,VEHICLE STRIKES ANOTHER VEH WHILE EMERGING FROM DRIVEWAY,No,Day,Yes,Not at intersection,Serious injury accident,60 km/hr,No,262179,145.30971,-38.02097,Non-Intersection,CASEY,METROPOLITAN SOUTH EAST REGION,2527195.049,2386652.856,2,1,0,1,0,1,2,0,0,0,2,0,0,0,0,0,0,0,0,1,No,0,2,0,2,0,0,MELB_URBAN,MELB_URBAN,CASEY,METROPOLITAN SOUTH EAST REGION,,,Local Road,Local Road,Undivided,Undiv,Metro
3402650,T20130015744,ABS to receive accident,Finished,30/7/2013,15.04.00,No,Collision with vehicle,Tuesday,CROSS TRAFFIC(INTERSECTIONS ONLY),No,Day,Yes,Cross intersection,Other injury accident,40 km/hr,No,797,144.95265,-37.73636,Intersection,MORELAND,METROPOLITAN NORTH WEST REGION,2495826.995,2418284.505,2,1,0,0,1,1,1,1,1,0,1,0,0,0,0,0,0,0,0,1,No,0,2,0,1,0,0,MELB_URBAN,MELB_URBAN,MORELAND,METROPOLITAN NORTH WEST REGION,,,Local Road,Local Road,Undivided,Undiv,Metro
3402651,T20130015745,ABS to receive accident,Finished,30/7/2013,07.40.00,No,Collision with vehicle,Tuesday,REAR END(VEHICLES IN SAME LANE),No,Day,No,T intersection,Other injury accident,70 km/hr,No,44689,145.07841,-37.73522,Non-Intersection,BANYULE,METROPOLITAN NORTH WEST REGION,2506911.151,2418409.249,2,2,0,0,2,0,0,2,0,0,2,0,0,0,0,0,0,0,0,0,No,0,2,0,2,0,0,MELB_URBAN,MELB_URBAN,BANYULE,METROPOLITAN NORTH WEST REGION,,,Arterial Highway,Arterial Highway,Divided,Div,Metro
3402652,T20130015747,ABS to receive accident,Finished,30/7/2013,16.00.00,No,Collision with vehicle,Monday,VEHICLE COLLIDES WITH VEHICLE PARKED ON LEFT OF ROAD,No,Day,Yes,Not at intersection,Serious injury accident,60 km/hr,No,278619,144.30395,-38.16193,Non-Intersection,GEELONG,SOUTH WESTERN REGION,2438996.122,2370826.401,1,1,0,1,0,0,1,0,1,0,0,0,0,0,0,0,1,0,0,0,No,0,2,0,1,0,0,LARGE_PROVINCIAL_CITIES,LARGE_PROVINCIAL_CITIES,GEELONG,SOUTH WESTERN REGION,,,Local Road,Local Road,Undivided,Undiv,Country
3402653,T20130015748,ABS to receive accident,Finished,30/7/2013,19.16.00,Yes,Collision with a fixed object,Tuesday,LEFT OFF CARRIAGEWAY INTO OBJECT/PARKED VEHICLE,No,Dark No street lights,Yes,Not at intersection,Other injury accident,80 km/hr,Yes,262320,144.22813,-36.75942,Non-Intersection,BENDIGO,NORTHERN REGION,2431089.229,2526415.176,1,1,0,0,1,0,0,1,0,0,1,0,0,0,0,0,0,0,0,1,Yes,0,1,0,1,0,0,LARGE_PROVINCIAL_CITIES,LARGE_PROVINCIAL_CITIES,BENDIGO,NORTHERN REGION,,,Local Road,Local Road,Undivided,Undiv,Country
3402654,T20130015750,ABS to receive accident,Finished,30/7/2013,19.34.00,Yes,Collision with a fixed object,Tuesday,OFF LEFT BEND INTO OBJECT/PARKED VEHICLE,No,Dark No street lights,Yes,Not at intersection,Serious injury accident,70 km/hr,Yes,262256,145.49367,-37.9874,Non-Intersection,CARDINIA,METROPOLITAN SOUTH EAST REGION,2543367.603,2390310.429,4,4,0,4,0,0,2,2,0,3,1,0,0,0,0,0,0,0,0,0,No,0,1,0,1,0,0,RURAL_VICTORIA,RURAL_VICTORIA,CARDINIA,METROPOLITAN SOUTH EAST REGION,,,Local Road,Local Road,Undivided,Undiv,Metro
3402655,T20130015756,ABS to receive accident,Finished,25/7/2013,06.16.00,No,Collision with vehicle,Thursday,REAR END(VEHICLES IN SAME LANE),No,Dark Street lights on,Yes,Not at intersection,Other injury accident,80 km/hr,No,262771,145.1362,-38.14557,Non-Intersection,FRANKSTON,METROPOLITAN SOUTH EAST REGION,2511940.05,2372857.175,3,1,0,0,1,2,1,2,0,0,3,0,0,0,0,0,0,0,0,1,No,0,3,0,3,0,0,MELB_URBAN,MELB_URBAN,FRANKSTON,METROPOLITAN SOUTH EAST REGION,C,C,Arterial Highway,Arterial Highway,Divided,Div,Metro
3402656,T20130015757,ABS to receive accident,Finished,31/7/2013,06.55.00,No,Struck Pedestrian,Wednesday,FAR SIDE. PED HIT BY VEHICLE FROM THE LEFT,No,Dusk/Dawn,No,Cross intersection,Other injury accident,60 km/hr,No,37447,144.94761,-37.83453,Intersection,PORT PHILLIP,METROPOLITAN NORTH WEST REGION,2495387.957,2407388.644,2,1,0,0,1,1,1,1,0,0,1,1,0,0,0,0,0,1,0,0,No,0,1,0,1,0,0,MELB_URBAN,MELB_URBAN,PORT PHILLIP,METROPOLITAN NORTH WEST REGION,,,Arterial Other,"Arterial Other,Local Road",Divided,Div,Metro
3402657,T20130015758,ABS to receive accident,Finished,31/7/2013,08.28.00,No,Struck Pedestrian,Wednesday,PED NEAR SIDE. PED HIT BY VEHICLE FROM THE RIGHT.,No,Day,Yes,Cross intersection,Serious injury accident,60 km/hr,No,44920,141.60423,-38.3359,Intersection,GLENELG,SOUTH WESTERN REGION,2203134.507,2346442.546,3,1,0,1,0,2,1,2,0,1,1,1,0,0,0,0,0,1,0,0,No,0,1,0,1,0,0,TOWNS,TOWNS,GLENELG,SOUTH WESTERN REGION,,,Local Road,Local Road,Undivided,Undiv,Country
3402658,T20130015761,ABS to receive accident,Finished,31/7/2013,08.10.00,No,Collision with vehicle,Wednesday,VEHICLE COLLIDES WITH VEHICLE PARKED ON LEFT OF ROAD,No,Day,Yes,T intersection,Other injury accident,50 km/hr,No,46481,144.91669,-37.7093,Intersection,MORELAND,METROPOLITAN NORTH WEST REGION,2492654.259,2421285.655,3,3,0,0,3,0,1,2,0,2,1,0,0,0,0,0,0,0,0,0,No,0,2,0,2,0,0,MELB_URBAN,MELB_URBAN,MORELAND,METROPOLITAN NORTH WEST REGION,,,Arterial Other,"Arterial Other,Local Road",Undivided,Undiv,Metro
3402659,T20130015762,ABS to receive accident,Finished,28/7/2013,11.40.00,No,Collision with vehicle,Sunday,RIGHT REAR.,No,Day,No,T intersection,Other injury accident,60 km/hr,No,29750,144.92236,-37.67791,Intersection,HUME,METROPOLITAN NORTH WEST REGION,2493151.141,2424769.49,5,1,0,0,1,4,2,2,0,2,3,0,0,0,0,0,0,0,0,0,No,0,3,0,3,0,0,MELB_URBAN,MELB_URBAN,HUME,METROPOLITAN NORTH WEST REGION,,,Arterial Other,"Arterial Other,Local Road",Divided,Div,Metro
3402660,T20130015764,ABS to receive accident,Finished,31/7/2013,08.56.00,No,Collision with vehicle,Wednesday,RIGHT THROUGH,No,Day,Yes,T intersection,Other injury accident,60 km/hr,No,36374,145.17833,-37.87556,Intersection,MONASH,METROPOLITAN SOUTH EAST REGION,2515689.089,2402821.762,3,1,0,0,1,2,0,3,0,0,3,0,0,0,0,0,0,0,0,0,No,0,3,0,3,0,0,MELB_URBAN,MELB_URBAN,MONASH,METROPOLITAN SOUTH EAST REGION,,,Arterial Other,"Arterial Other,Local Road",Divided,"Div,Undiv",Metro
3402661,T20130015766,ABS to receive accident,Finished,30/7/2013,18.21.00,Yes,Collision with vehicle,Monday,LANE SIDE SWIPE (VEHICLES IN PARALLEL LANES),No,Dark Street lights on,Yes,T intersection,Serious injury accident,60 km/hr,No,242925,144.91549,-37.77166,Intersection,MOONEE VALLEY,METROPOLITAN NORTH WEST REGION,2492554.924,2414364.386,3,1,0,1,0,2,1,2,1,0,2,0,0,0,0,0,0,0,0,2,No,0,3,0,2,0,0,MELB_URBAN,MELB_URBAN,MOONEE VALLEY,METROPOLITAN NORTH WEST REGION,,,Arterial Other,"Arterial Other,Local Road",Undivided,Undiv,Metro