OBJECTID,ACCIDENT_NO,ABS_CODE,ACCIDENT_STATUS,ACCIDENT_DATE,ACCIDENT_TIME,ALCOHOLTIME,ACCIDENT_TYPE,DAY_OF_WEEK,DCA_CODE,HIT_RUN_FLAG,LIGHT_CONDITION,POLICE_ATTEND,ROAD_GEOMETRY,SEVERITY,SPEED_ZONE,RUN_OFFROAD,NODE_ID,LONGITUDE,LATITUDE,NODE_TYPE,LGA_NAME,REGION_NAME,VICGRID_X,VICGRID_Y,TOTAL_PERSONS,INJ_OR_FATAL,FATALITY,SERIOUSINJURY,OTHERINJURY,NONINJURED,MALES,FEMALES,BICYCLIST,PASSENGER,DRIVER,PEDESTRIAN,PILLION,MOTORIST,UNKNOWN,PED_CYCLIST_5_12,PED_CYCLIST_13_18,OLD_PEDESTRIAN,OLD_DRIVER,YOUNG_DRIVER,ALCOHOL_RELATED,UNLICENCSED,NO_OF_VEHICLES,HEAVYVEHICLE,PASSENGERVEHICLE,MOTORCYCLE,PUBLICVEHICLE,DEG_URBAN_NAME,DEG_URBAN_ALL,LGA_NAME_ALL,REGION_NAME_ALL,SRNS,SRNS_ALL,RMA,RMA_ALL,DIVIDED,DIVIDED_ALL,STAT_DIV_NAME
3402662,T20130015767,ABS to receive accident,Finished,31/7/2013,09.10.00,No,Collision with vehicle,Wednesday,REAR END(VEHICLES IN SAME LANE),No,Day,Yes,Not at intersection,Other injury accident,100 km/hr,No,263468,145.00813,-37.79333,Non-Intersection,YARRA,METROPOLITAN NORTH WEST REGION,2500716.114,2411962.568,3,1,0,0,1,2,1,2,0,0,3,0,0,0,0,0,0,0,0,1,No,0,3,0,3,0,0,MELB_URBAN,MELB_URBAN,YARRA,METROPOLITAN NORTH WEST REGION,M,M,Freeway,Freeway,Divided,Div,Metro
3402663,T20130015770,ABS to receive accident,Finished,30/7/2013,17.30.00,No,Struck Pedestrian,Tuesday,FAR SIDE. PED HIT BY VEHICLE FROM THE LEFT,Yes,Unk.,No,Cross intersection,Other injury accident,50 km/hr,No,44472,144.36074,-38.14729,Intersection,GEELONG,SOUTH WESTERN REGION,2443962.59,2372486.734,2,1,0,0,1,1,1,0,0,0,0,1,0,0,1,0,1,0,0,0,No,0,1,0,0,0,0,LARGE_PROVINCIAL_CITIES,LARGE_PROVINCIAL_CITIES,GEELONG,SOUTH WESTERN REGION,,,Local Road,Local Road,Undivided,Undiv,Country
3402664,T20130015772,ABS to receive accident,Finished,31/7/2013,08.00.00,No,Collision with a fixed object,Wednesday,LEFT OFF CARRIAGEWAY INTO OBJECT/PARKED VEHICLE,No,Day,Yes,Not at intersection,Serious injury accident,100 km/hr,Yes,262181,144.99,-37.61809,Non-Intersection,WHITTLESEA,METROPOLITAN NORTH WEST REGION,2499117.049,2431411.188,1,1,0,1,0,0,1,0,0,0,1,0,0,0,0,0,0,0,0,0,Yes,0,1,0,1,0,0,RURAL_VICTORIA,RURAL_VICTORIA,WHITTLESEA,METROPOLITAN NORTH WEST REGION,M,M,Freeway,Freeway,Divided,Div,Metro
3402665,T20130015773,ABS to receive accident,Finished,31/7/2013,11.05.00,No,Collision with vehicle,Wednesday,HEAD ON (NOT OVERTAKING),No,Day,Yes,Not at intersection,Serious injury accident,70 km/hr,No,264153,145.46587,-37.85925,Non-Intersection,YARRA RANGES,METROPOLITAN SOUTH EAST REGION,2540994.795,2404546.145,2,2,0,1,1,0,2,0,0,0,2,0,0,0,0,0,0,0,0,1,No,0,2,0,2,0,0,RURAL_VICTORIA,RURAL_VICTORIA,YARRA RANGES,METROPOLITAN SOUTH EAST REGION,,,Local Road,Local Road,Undivided,Undiv,Metro
3402666,T20130015775,ABS to receive accident,Finished,31/7/2013,10.20.00,No,Collision with vehicle,Wednesday,RIGHT TURN SIDESWIPE,No,Day,Yes,Cross intersection,Serious injury accident,60 km/hr,No,46152,145.09131,-38.19511,Intersection,MORNINGTON PENINSULA,METROPOLITAN SOUTH EAST REGION,2507998.87,2367362.731,2,1,0,1,0,1,1,1,1,0,1,0,0,0,0,0,0,0,0,0,No,0,2,0,1,0,0,MELB_URBAN,MELB_URBAN,MORNINGTON PENINSULA,METROPOLITAN SOUTH EAST REGION,,,Arterial Highway,"Arterial Highway,Local Road",Divided,"Div,Undiv",Metro
3402667,T20130015570,ABS to receive accident,Finished,28/7/2013,08.03.00,Yes,Collision with a fixed object,Sunday,LEFT OFF CARRIAGEWAY INTO OBJECT/PARKED VEHICLE,No,Day,Yes,Not at intersection,Other injury accident,60 km/hr,Yes,262106,144.86972,-37.78318,Non-Intersection,MARIBYRNONG,METROPOLITAN NORTH WEST REGION,2488524.103,2413081.112,1,1,0,0,1,0,0,1,0,0,1,0,0,0,0,0,0,0,0,0,No,0,1,0,1,0,0,MELB_URBAN,MELB_URBAN,MARIBYRNONG,METROPOLITAN NORTH WEST REGION,,,Arterial Other,Arterial Other,Undivided,Undiv,Metro
3402668,T20130015572,ABS to receive accident,Finished,27/7/2013,10.45.00,No,Collision with vehicle,Saturday,VEHICLE STRIKES DOOR OF PARKED/STATIONARY VEHICLE,No,Day,No,T intersection,Other injury accident,Not known,No,37529,144.98357,-37.86433,Intersection,PORT PHILLIP,METROPOLITAN NORTH WEST REGION,2498554.638,2404082.335,2,1,0,0,1,1,2,0,1,0,1,0,0,0,0,0,0,0,0,0,No,0,2,0,1,0,0,MELB_URBAN,MELB_URBAN,PORT PHILLIP,METROPOLITAN NORTH WEST REGION,,,Local Road,Local Road,Undivided,Undiv,Metro
3402669,T20130015574,ABS to receive accident,Finished,26/7/2013,21.40.00,Yes,Vehicle overturned (no collision),Friday,OFF CARRIAGEWAY TO RIGHT,No,Dark No street lights,No,Not at intersection,Other injury accident,100 km/hr,Yes,262388,146.13307,-37.54835,Non-Intersection,YARRA RANGES,METROPOLITAN SOUTH EAST REGION,2600114.841,2438554.811,1,1,0,0,1,0,1,0,0,0,1,0,0,0,0,0,0,0,0,0,No,0,1,0,1,0,0,RURAL_VICTORIA,RURAL_VICTORIA,YARRA RANGES,METROPOLITAN SOUTH EAST REGION,,,Local Road,Local Road,Undivided,Undiv,Metro
3402670,T20130015576,ABS to receive accident,Finished,28/7/2013,11.10.00,No,No collision and no object struck,Sunday,OFF CARRIAGEWAY ON LEFT BEND,No,Day,Yes,Not at intersection,Other injury accident,100 km/hr,Yes,262399,144.20777,-37.8905,Non-Intersection,GOLDEN PLAINS,SOUTH WESTERN REGION,2430316.266,2400887.929,1,1,0,0,1,0,1,0,0,0,0,0,0,1,0,0,0,0,0,0,No,0,1,0,0,1,0,RURAL_VICTORIA,RURAL_VICTORIA,GOLDEN PLAINS,SOUTH WESTERN REGION,,,Local Road,Local Road,Undivided,Undiv,Country
3402671,T20130015578,ABS to receive accident,Finished,28/7/2013,11.00.00,No,Collision with vehicle,Sunday,VEHICLE STRIKES ANOTHER VEH WHILE EMERGING FROM DRIVEWAY,No,Day,No,T intersection,Other injury accident,50 km/hr,No,262400,144.9767,-37.40948,Intersection,MITCHELL,NORTHERN REGION,2497937.432,2454561.112,3,2,0,0,2,1,1,2,0,1,2,0,0,0,0,0,0,0,0,0,No,0,2,0,2,0,0,TOWNS,TOWNS,MITCHELL,NORTHERN REGION,,,Local Road,Local Road,Undivided,Undiv,Country
3402672,T20130015582,ABS to receive accident,Finished,28/7/2013,11.51.00,No,Collision with vehicle,Sunday,REAR END(VEHICLES IN SAME LANE),No,Day,Yes,T intersection,Other injury accident,80 km/hr,No,44256,145.20819,-37.63166,Intersection,NILLUMBIK,METROPOLITAN NORTH WEST REGION,2518375.321,2429885.337,3,1,0,0,1,2,1,2,0,1,2,0,0,0,0,0,0,0,0,0,No,0,2,0,2,0,0,MELB_URBAN,MELB_URBAN,NILLUMBIK,METROPOLITAN NORTH WEST REGION,C,C,Arterial Other,"Arterial Other,Local Road",Undivided,Undiv,Metro
3402673,T20130015583,ABS to receive accident,Finished,28/7/2013,12.57.00,No,Collision with a fixed object,Sunday,OTHER ACCIDENTS-OFF STRAIGHT NOT INCLUDED IN DCAs 170-175,No,Day,Yes,Not at intersection,Serious injury accident,50 km/hr,No,262107,145.10584,-37.69525,Non-Intersection,BANYULE,METROPOLITAN NORTH WEST REGION,2509333.805,2422842.566,2,1,0,1,0,1,1,1,0,1,1,0,0,0,0,0,0,0,1,0,No,0,1,0,1,0,0,MELB_URBAN,MELB_URBAN,BANYULE,METROPOLITAN NORTH WEST REGION,,,Local Road,Local Road,Undivided,Undiv,Metro
3402674,T20130015584,ABS to receive accident,Finished,28/7/2013,10.30.00,No,Collision with a fixed object,,OFF LEFT BEND INTO OBJECT/PARKED VEHICLE,No,Day,Yes,Not at intersection,Serious injury accident,100 km/hr,Yes,264685,146.30257,-37.13556,Non-Intersection,MANSFIELD,NORTH EASTERN REGION,2615716.915,2484166.498,1,1,0,1,0,0,1,0,0,0,1,0,0,0,0,0,0,0,0,1,No,0,1,0,0,0,0,RURAL_VICTORIA,RURAL_VICTORIA,MANSFIELD,NORTH EASTERN REGION,,,Local Road,Local Road,Undivided,Undiv,Country
3402675,T20130015585,ABS to receive accident,Finished,28/7/2013,12.40.00,No,Collision with vehicle,Sunday,REAR END(VEHICLES IN SAME LANE),No,Day,Yes,Not at intersection,Other injury accident,80 km/hr,No,197910,145.26559,-38.08088,Non-Intersection,CASEY,METROPOLITAN SOUTH EAST REGION,2523302.296,2380013.798,3,1,0,0,1,2,2,1,0,0,3,0,0,0,0,0,0,0,0,1,No,0,3,0,3,0,0,MELB_URBAN,MELB_URBAN,CASEY,METROPOLITAN SOUTH EAST REGION,,,Arterial Other,Arterial Other,Undivided,Undiv,Metro
3402676,T20130015590,ABS to receive accident,Finished,28/7/2013,01.45.00,Yes,Struck animal,Sunday,STRUCK ANIMAL,No,Dark No street lights,Yes,Not at intersection,Other injury accident,100 km/hr,No,262286,145.34478,-36.415,Non-Intersection,SHEPPARTON,NORTH EASTERN REGION,2530919.768,2564854.034,2,2,0,0,2,0,1,1,0,1,1,0,0,0,0,0,0,0,0,0,No,0,1,0,1,0,0,RURAL_VICTORIA,RURAL_VICTORIA,SHEPPARTON,NORTH EASTERN REGION,C,C,Arterial Other,Arterial Other,Undivided,Undiv,Country
3402677,T20130015591,ABS to receive accident,Finished,28/7/2013,15.40.00,No,No collision and no object struck,Sunday,OUT OF CONTROL ON CARRIAGEWAY (ON STRAIGHT),No,Day,Yes,T intersection,Serious injury accident,50 km/hr,No,45611,144.96241,-37.74465,Intersection,MORELAND,METROPOLITAN NORTH WEST REGION,2496687.495,2417364.582,3,1,0,1,0,2,1,2,0,1,1,0,0,1,0,0,0,0,0,0,No,0,2,0,1,1,0,MELB_URBAN,MELB_URBAN,MORELAND,METROPOLITAN NORTH WEST REGION,,,Local Road,Local Road,Undivided,Undiv,Metro
3402678,T20130015593,ABS to receive accident,Finished,11/7/2013,19.00.00,Yes,Collision with vehicle,Thursday,RIGHT NEAR (INTERSECTIONS ONLY),No,Dark Street lights on,No,T intersection,Other injury accident,60 km/hr,No,56336,145.05324,-37.88816,Intersection,GLEN EIRA,METROPOLITAN SOUTH EAST REGION,2504682.992,2401436.492,2,1,0,0,1,1,1,1,0,0,1,0,0,1,0,0,0,0,0,0,No,0,2,0,1,1,0,MELB_URBAN,MELB_URBAN,GLEN EIRA,METROPOLITAN SOUTH EAST REGION,,,Arterial Other,"Arterial Other,Local Road",Undivided,Undiv,Metro
3402679,T20130015596,ABS to receive accident,Finished,28/7/2013,17.57.00,No,Collision with vehicle,,RIGHT THROUGH,No,Dark Street lights off,Yes,Multiple intersection,Other injury accident,60 km/hr,No,29844,145.13052,-37.8924,Intersection,MONASH,METROPOLITAN SOUTH EAST REGION,2511480.2,2400959.709,2,1,0,0,1,1,2,0,0,0,2,0,0,0,0,0,0,0,0,1,No,0,2,0,2,0,0,MELB_URBAN,MELB_URBAN,MONASH,METROPOLITAN SOUTH EAST REGION,M,M,Freeway,"Freeway,Arterial Other",Divided,"Div,Undiv",Metro
3402680,T20130015605,ABS to receive accident,Finished,29/7/2013,00.30.00,Yes,Collision with a fixed object,Monday,RIGHT OFF CARRIAGEWAY INTO OBJECT/PARKED VEHICLE,No,Dark Street lights on,Yes,Not at intersection,Serious injury accident,70 km/hr,Yes,262163,145.27073,-37.8081,Non-Intersection,MAROONDAH,METROPOLITAN SOUTH EAST REGION,2523839.07,2410289.73,1,1,0,1,0,0,0,1,0,0,1,0,0,0,0,0,0,0,0,1,No,0,1,0,1,0,0,MELB_URBAN,MELB_URBAN,MAROONDAH,METROPOLITAN SOUTH EAST REGION,,,Arterial Other,Arterial Other,Undivided,Undiv,Metro
3402681,T20130015609,ABS to receive accident,Finished,29/7/2013,03.51.00,Yes,Collision with a fixed object,Monday,LEFT OFF CARRIAGEWAY INTO OBJECT/PARKED VEHICLE,No,Dark Street lights on,Yes,Not at intersection,Other injury accident,60 km/hr,Yes,262401,145.08025,-37.65041,Non-Intersection,WHITTLESEA,METROPOLITAN NORTH WEST REGION,2507081.204,2427821.061,1,1,0,0,1,0,1,0,0,0,1,0,0,0,0,0,0,0,0,0,No,0,1,0,1,0,0,MELB_URBAN,MELB_URBAN,WHITTLESEA,METROPOLITAN NORTH WEST REGION,,,Arterial Other,Arterial Other,Undivided,Undiv,Metro
3402682,T20130015621,ABS to receive accident,Finished,29/7/2013,07.45.00,No,Struck Pedestrian,Monday,PED NEAR SIDE. PED HIT BY VEHICLE FROM THE RIGHT.,No,Day,Yes,T intersection,Other injury accident,40 km/hr,No,40723,145.13102,-37.86504,Intersection,MONASH,METROPOLITAN SOUTH EAST REGION,2511528.536,2403996.24,3,1,0,0,1,2,2,1,0,0,2,1,0,0,0,0,1,0,0,1,No,0,2,0,2,0,0,MELB_URBAN,MELB_URBAN,MONASH,METROPOLITAN SOUTH EAST REGION,,,Arterial Other,"Arterial Other,Local Road",Undivided,Undiv,Metro
3402683,T20130015624,ABS to receive accident,Finished,23/7/2013,08.30.00,No,Collision with vehicle,Tuesday,RIGHT THROUGH,No,Day,No,Cross intersection,Serious injury accident,60 km/hr,No,37910,144.99648,-37.78212,Intersection,DAREBIN,METROPOLITAN NORTH WEST REGION,2499689.703,2413206.488,2,1,0,1,0,1,1,1,1,0,1,0,0,0,0,0,0,0,0,0,No,0,2,0,1,0,0,MELB_URBAN,MELB_URBAN,DAREBIN,METROPOLITAN NORTH WEST REGION,,,Arterial Other,"Arterial Other,Local Road",Undivided,Undiv,Metro
3402684,T20130015626,ABS to receive accident,Finished,28/7/2013,12.00.00,No,No collision and no object struck,Sunday,OUT OF CONTROL ON CARRIAGEWAY (ON BEND),No,Day,No,Not at intersection,Other injury accident,Not known,No,262289,144.43401,-37.49651,Non-Intersection,MOORABOOL,WESTERN REGION,2449955.73,2444755.143,1,1,0,0,1,0,1,0,0,0,0,0,0,1,0,0,0,0,0,0,No,0,1,0,0,1,0,RURAL_VICTORIA,RURAL_VICTORIA,MOORABOOL,WESTERN REGION,,,Local Road,Local Road,Undivided,Undiv,Country
3402685,T20130015628,ABS to receive accident,Finished,29/7/2013,08.40.00,No,Struck Pedestrian,Monday,PED NEAR SIDE. PED HIT BY VEHICLE FROM THE RIGHT.,No,Day,No,T intersection,Other injury accident,60 km/hr,No,69221,145.12274,-37.909,Intersection,MONASH,METROPOLITAN SOUTH EAST REGION,2510793.662,2399117.886,2,1,0,0,1,1,0,1,0,0,1,1,0,0,0,1,0,0,0,0,No,0,1,0,1,0,0,MELB_URBAN,MELB_URBAN,MONASH,METROPOLITAN SOUTH EAST REGION,,,Arterial Other,"Arterial Other,Local Road",Undivided,Undiv,Metro
3402686,T20130015629,ABS to receive accident,Finished,27/7/2013,13.45.00,No,Collision with vehicle,Saturday,REAR END(VEHICLES IN SAME LANE),No,Day,No,T intersection,Other injury accident,80 km/hr,No,47973,144.72047,-37.87405,Intersection,WYNDHAM,METROPOLITAN NORTH WEST REGION,2475406.854,2402967.993,4,2,0,0,2,2,3,1,0,1,3,0,0,0,0,0,0,0,0,0,No,0,3,0,3,0,0,MELB_URBAN,MELB_URBAN,WYNDHAM,METROPOLITAN NORTH WEST REGION,C,C,Arterial Other,"Arterial Other,Local Road",Divided,"Div,Undiv",Metro
3402687,T20130015631,ABS to receive accident,Finished,29/7/2013,09.54.00,No,Collision with vehicle,Monday,REAR END(VEHICLES IN SAME LANE),No,Day,Yes,T intersection,Other injury accident,80 km/hr,No,37147,144.80346,-37.71535,Intersection,BRIMBANK,METROPOLITAN NORTH WEST REGION,2482672.453,2420599.406,2,1,0,0,1,1,0,2,0,0,2,0,0,0,0,0,0,0,0,0,No,0,2,0,2,0,0,MELB_URBAN,MELB_URBAN,BRIMBANK,METROPOLITAN NORTH WEST REGION,,,Arterial Other,"Arterial Other,Local Road",Divided,"Div,Undiv",Metro
3402688,T20130015632,ABS to receive accident,Finished,29/7/2013,10.10.00,No,Collision with a fixed object,Monday,LEFT OFF CARRIAGEWAY INTO OBJECT/PARKED VEHICLE,No,Day,Yes,T intersection,Other injury accident,80 km/hr,Yes,262293,145.31246,-37.96728,Intersection,YARRA RANGES,METROPOLITAN SOUTH EAST REGION,2527456.03,2392611.204,1,1,0,0,1,0,0,1,0,0,1,0,0,0,0,0,0,0,0,1,No,0,1,0,1,0,0,RURAL_VICTORIA,RURAL_VICTORIA,"YARRA RANGES,CASEY",METROPOLITAN SOUTH EAST REGION,,,Local Road,Local Road,Undivided,Undiv,Metro
3402689,T20130015633,ABS to receive accident,Finished,29/7/2013,09.35.00,No,Struck Pedestrian,Monday,PED NEAR SIDE. PED HIT BY VEHICLE FROM THE RIGHT.,No,Day,Yes,T intersection,Serious injury accident,70 km/hr,No,252842,144.35263,-38.12314,Intersection,GEELONG,SOUTH WESTERN REGION,2443233.115,2375163.124,2,1,0,1,0,1,2,0,0,0,1,1,0,0,0,0,0,0,0,0,No,0,1,1,0,0,0,LARGE_PROVINCIAL_CITIES,LARGE_PROVINCIAL_CITIES,GEELONG,SOUTH WESTERN REGION,A,A,Arterial Highway,"Arterial Highway,Local Road",Divided,"Div,Undiv",Country
3402690,T20130015634,ABS to receive accident,Finished,29/7/2013,08.34.00,No,Collision with vehicle,Monday,REAR END(VEHICLES IN SAME LANE),No,Day,Yes,T intersection,Serious injury accident,80 km/hr,No,42466,145.14148,-37.92338,Intersection,MONASH,METROPOLITAN SOUTH EAST REGION,2512439.322,2397519.611,2,2,0,1,1,0,0,2,0,0,2,0,0,0,0,0,0,0,0,0,No,0,2,0,2,0,0,MELB_URBAN,MELB_URBAN,MONASH,METROPOLITAN SOUTH EAST REGION,,,Arterial Highway,"Arterial Highway,Local Road",Divided,"Div,Undiv",Metro
3402691,T20130015642,ABS to receive accident,Finished,29/7/2013,06.00.00,Yes,Vehicle overturned (no collision),Monday,OFF CARRIAGEWAY ON RIGHT BEND,No,Dark No street lights,Yes,Not at intersection,Other injury accident,100 km/hr,Yes,262403,148.9887,-37.59235,Non-Intersection,EAST GIPPSLAND,EASTERN REGION,2852129.75,2426890.545,3,3,0,0,3,0,1,2,0,2,1,0,0,0,0,0,0,0,0,1,No,0,1,0,1,0,0,RURAL_VICTORIA,RURAL_VICTORIA,EAST GIPPSLAND,"EASTERN REGION,EASTERN REGION",A,A,Arterial Highway,Arterial Highway,Undivided,Undiv,Country
3402692,T20130015643,ABS to receive accident,Finished,29/7/2013,13.10.00,No,Collision with vehicle,Monday,U TURN,No,Day,Yes,Not at intersection,Other injury accident,100 km/hr,No,262513,145.9616,-37.02751,Non-Intersection,MANSFIELD,NORTH EASTERN REGION,2585548.292,2496514.982,2,1,0,0,1,1,1,1,0,0,2,0,0,0,0,0,0,0,1,0,No,0,2,0,2,0,0,RURAL_VICTORIA,RURAL_VICTORIA,MANSFIELD,NORTH EASTERN REGION,B,B,Arterial Highway,Arterial Highway,Undivided,Undiv,Country
3402693,T20130015973,ABS to receive accident,Finished,2/8/2013,21.30.00,Yes,Collision with vehicle,Friday,RIGHT THROUGH,No,Dark Street lights on,Yes,T intersection,Serious injury accident,60 km/hr,No,221997,145.11839,-37.79659,Intersection,MANNINGHAM,METROPOLITAN SOUTH EAST REGION,2510426.432,2411594.298,6,3,0,2,1,3,0,6,0,4,2,0,0,0,0,0,0,0,0,1,No,0,2,0,2,0,0,MELB_URBAN,MELB_URBAN,"WHITEHORSE,MANNINGHAM",METROPOLITAN SOUTH EAST REGION,M,M,Freeway,"Freeway,Arterial Other",Divided,"Div,Undiv",Metro
3402694,T20130015974,ABS to receive accident,Finished,2/8/2013,21.00.00,Yes,Collision with a fixed object,Friday,LEFT OFF CARRIAGEWAY INTO OBJECT/PARKED VEHICLE,No,Dark Street lights on,Yes,Not at intersection,Other injury accident,50 km/hr,Yes,262572,144.77399,-37.7093,Non-Intersection,BRIMBANK,METROPOLITAN NORTH WEST REGION,2480072.817,2421265.071,1,1,0,0,1,0,0,1,0,0,1,0,0,0,0,0,0,0,0,0,No,0,1,0,1,0,0,MELB_URBAN,MELB_URBAN,BRIMBANK,METROPOLITAN NORTH WEST REGION,,,Local Road,Local Road,Undivided,Undiv,Metro
3402695,T20130015975,ABS to receive accident,Finished,2/8/2013,22.50.00,Yes,Collision with vehicle,Friday,RIGHT NEAR (INTERSECTIONS ONLY),No,Dark Street lights on,Yes,T intersection,Serious injury accident,50 km/hr,No,50859,146.87541,-36.11417,Intersection,WODONGA,NORTH EASTERN REGION,2668833.092,2596626.048,2,1,0,1,0,1,2,0,0,0,1,0,0,1,0,0,0,0,0,0,No,0,2,0,1,1,0,SMALL_CITIES,SMALL_CITIES,WODONGA,NORTH EASTERN REGION,,,Local Road,Local Road,Undivided,Undiv,Country
3402696,T20130015976,ABS to receive accident,Finished,2/8/2013,21.15.00,Yes,Fall from or in moving vehicle,Friday,LEFT OFF CARRIAGEWAY INTO OBJECT/PARKED VEHICLE,No,Dark Street lights on,Yes,Not at intersection,Fatal accident,70 km/hr,Yes,45078,144.83457,-37.77779,Non-Intersection,BRIMBANK,METROPOLITAN NORTH WEST REGION,2485426.958,2413674.328,6,1,1,0,0,5,2,4,0,4,2,0,0,0,0,0,0,0,0,0,Yes,0,2,0,2,0,0,MELB_URBAN,MELB_URBAN,BRIMBANK,METROPOLITAN NORTH WEST REGION,,,Arterial Other,Arterial Other,Divided,Div,Metro
3402697,T20130015977,ABS to receive accident,Finished,2/8/2013,20.03.00,Yes,Collision with vehicle,Friday,CROSS TRAFFIC(INTERSECTIONS ONLY),No,Dark Street lights on,Yes,Cross intersection,Fatal accident,80 km/hr,No,43940,145.21874,-38.18493,Intersection,FRANKSTON,METROPOLITAN SOUTH EAST REGION,2519165.1,2368474.989,3,2,1,0,1,1,2,1,0,1,1,0,0,1,0,0,0,0,0,0,No,0,2,0,1,1,0,MELB_URBAN,"RURAL_VICTORIA,MELB_URBAN","FRANKSTON,CASEY",METROPOLITAN SOUTH EAST REGION,A,A,Arterial Highway,"Arterial Highway,Local Road",Undivided,Undiv,Metro
3402698,T20130015980,ABS to receive accident,Finished,30/7/2013,18.30.00,Yes,Collision with vehicle,Tuesday,RIGHT NEAR (INTERSECTIONS ONLY),No,Dark Street lights on,No,T intersection,Other injury accident,80 km/hr,No,37273,145.30555,-38.03467,Intersection,CASEY,METROPOLITAN SOUTH EAST REGION,2526824.644,2385133.109,2,1,0,0,1,1,1,1,1,0,1,0,0,0,0,0,0,0,0,1,No,0,2,0,1,0,0,MELB_URBAN,MELB_URBAN,CASEY,METROPOLITAN SOUTH EAST REGION,C,C,Arterial Other,"Arterial Other,Local Road",Divided,"Div,Undiv",Metro
3402699,T20130015983,ABS to receive accident,Finished,3/8/2013,00.45.00,Yes,Collision with vehicle,Saturday,HEAD ON (NOT OVERTAKING),No,Dark No street lights,Yes,Not at intersection,Fatal accident,100 km/hr,No,263708,144.02254,-38.23324,Non-Intersection,SURF COAST,SOUTH WESTERN REGION,2414414.561,2362694.752,3,2,1,0,1,1,3,0,0,0,3,0,0,0,0,0,0,0,0,0,Yes,0,3,0,3,0,0,RURAL_VICTORIA,RURAL_VICTORIA,SURF COAST,SOUTH WESTERN REGION,A,A,Arterial Highway,Arterial Highway,Divided,Div,Country
3402700,T20130015990,ABS to receive accident,Finished,8/7/2013,18.15.00,Yes,Collision with vehicle,Monday,CROSS TRAFFIC(INTERSECTIONS ONLY),No,Dark Street lights unknown,No,Cross intersection,Other injury accident,50 km/hr,No,41594,145.09124,-37.90448,Intersection,MONASH,METROPOLITAN SOUTH EAST REGION,2508024.141,2399622.693,2,1,0,0,1,1,1,1,1,0,1,0,0,0,0,0,0,0,0,0,No,0,2,0,1,0,0,MELB_URBAN,MELB_URBAN,MONASH,METROPOLITAN SOUTH EAST REGION,,,Local Road,Local Road,Undivided,Undiv,Metro
3402701,T20130015991,ABS to receive accident,Finished,2/8/2013,09.10.00,No,Collision with vehicle,Friday,LEFT NEAR (INTERSECTIONS ONLY),No,Day,No,T intersection,Other injury accident,60 km/hr,No,262573,145.58561,-38.61147,Intersection,BASS COAST,EASTERN REGION,2551018.062,2320984.818,3,2,0,0,2,1,1,2,0,1,2,0,0,0,0,0,0,0,0,0,No,0,2,0,2,0,0,TOWNS,TOWNS,BASS COAST,"EASTERN REGION,EASTERN REGION",,,Local Road,Local Road,Undivided,Undiv,Country
3402702,T20130015994,ABS to receive accident,Finished,1/8/2013,03.20.00,Yes,Struck Pedestrian,Thursday,FAR SIDE. PED HIT BY VEHICLE FROM THE LEFT,Yes,Dark Street lights on,No,Not at intersection,Other injury accident,50 km/hr,No,264993,144.74927,-36.12683,Non-Intersection,CAMPASPE,NORTHERN REGION,2477430.292,2596854.549,2,2,0,0,2,0,1,0,0,0,0,1,0,0,1,0,0,0,0,0,No,0,1,0,0,0,0,SMALL_CITIES,SMALL_CITIES,CAMPASPE,NORTHERN REGION,,,Local Road,Local Road,Undivided,Undiv,Country
3402703,T20130015995,ABS to receive accident,Finished,3/8/2013,11.08.00,No,Collision with vehicle,Saturday,REVERSING INTO FIXED OBJECT/PARKED VEHICLE,No,Day,Yes,Not at intersection,Other injury accident,50 km/hr,No,262576,145.03084,-37.97719,Non-Intersection,BAYSIDE,METROPOLITAN SOUTH EAST REGION,2502709.57,2391555.552,1,1,0,0,1,0,1,0,0,0,1,0,0,0,0,0,0,0,1,0,No,0,3,0,3,0,0,MELB_URBAN,MELB_URBAN,BAYSIDE,METROPOLITAN SOUTH EAST REGION,,,Arterial Other,Arterial Other,Undivided,Undiv,Metro
3402704,T20130015996,ABS to receive accident,Finished,3/8/2013,13.10.00,No,Collision with vehicle,Saturday,HEAD ON (NOT OVERTAKING),No,Day,Yes,Not at intersection,Serious injury accident,100 km/hr,No,264973,144.07773,-37.88095,Non-Intersection,GOLDEN PLAINS,SOUTH WESTERN REGION,2418868.233,2401844.977,7,1,0,1,0,6,3,4,0,5,2,0,0,0,0,0,0,0,0,0,No,0,2,0,2,0,0,RURAL_VICTORIA,RURAL_VICTORIA,GOLDEN PLAINS,SOUTH WESTERN REGION,A,A,Arterial Highway,Arterial Highway,Undivided,Undiv,Country
3402705,T20130015997,ABS to receive accident,Finished,1/8/2013,07.40.00,No,Collision with vehicle,Thursday,REAR END(VEHICLES IN SAME LANE),No,Dusk/Dawn,No,T intersection,Serious injury accident,80 km/hr,No,39725,145.26627,-37.78998,Intersection,MAROONDAH,METROPOLITAN SOUTH EAST REGION,2523452.746,2412302.216,2,1,0,1,0,1,1,1,0,0,2,0,0,0,0,0,0,0,0,1,No,0,2,0,2,0,0,MELB_URBAN,MELB_URBAN,MAROONDAH,METROPOLITAN SOUTH EAST REGION,,,Arterial Highway,"Arterial Highway,Local Road",Divided,"Div,Undiv",Metro