OBJECTID,ACCIDENT_NO,ABS_CODE,ACCIDENT_STATUS,ACCIDENT_DATE,ACCIDENT_TIME,ALCOHOLTIME,ACCIDENT_TYPE,DAY_OF_WEEK,DCA_CODE,HIT_RUN_FLAG,LIGHT_CONDITION,POLICE_ATTEND,ROAD_GEOMETRY,SEVERITY,SPEED_ZONE,RUN_OFFROAD,NODE_ID,LONGITUDE,LATITUDE,NODE_TYPE,LGA_NAME,REGION_NAME,VICGRID_X,VICGRID_Y,TOTAL_PERSONS,INJ_OR_FATAL,FATALITY,SERIOUSINJURY,OTHERINJURY,NONINJURED,MALES,FEMALES,BICYCLIST,PASSENGER,DRIVER,PEDESTRIAN,PILLION,MOTORIST,UNKNOWN,PED_CYCLIST_5_12,PED_CYCLIST_13_18,OLD_PEDESTRIAN,OLD_DRIVER,YOUNG_DRIVER,ALCOHOL_RELATED,UNLICENCSED,NO_OF_VEHICLES,HEAVYVEHICLE,PASSENGERVEHICLE,MOTORCYCLE,PUBLICVEHICLE,DEG_URBAN_NAME,DEG_URBAN_ALL,LGA_NAME_ALL,REGION_NAME_ALL,SRNS,SRNS_ALL,RMA,RMA_ALL,DIVIDED,DIVIDED_ALL,STAT_DIV_NAME
3402792,T20130016065,ABS to receive accident,Finished,4/8/2013,10.30.00,No,No collision and no object struck,Sunday,OUT OF CONTROL ON CARRIAGEWAY (ON STRAIGHT),No,Day,Yes,Not at intersection,Serious injury accident,100 km/hr,No,262597,145.46693,-37.44168,Non-Intersection,MURRINDINDI,NORTH EASTERN REGION,2541315.466,2450887.716,1,1,0,1,0,0,1,0,0,0,0,0,0,1,0,0,0,0,0,0,No,0,1,0,0,1,0,RURAL_VICTORIA,RURAL_VICTORIA,"MURRINDINDI,MURRINDINDI",NORTH EASTERN REGION,,,Local Road,Local Road,Undivided,Undiv,Country
3402793,T20130016066,ABS to receive accident,Finished,3/8/2013,23.00.00,Yes,Collision with vehicle,Saturday,HEAD ON (NOT OVERTAKING),No,Dark No street lights,Yes,Not at intersection,Serious injury accident,80 km/hr,No,263723,143.53629,-37.45443,Non-Intersection,PYRENEES,WESTERN REGION,2370512.921,2448578.282,4,2,0,1,1,2,4,0,0,2,2,0,0,0,0,0,0,0,0,0,Yes,0,2,0,2,0,0,RURAL_VICTORIA,RURAL_VICTORIA,PYRENEES,WESTERN REGION,M,M,Freeway,Freeway,Divided,Div,Country
3402794,T20130016067,ABS to receive accident,Finished,4/8/2013,04.00.00,Yes,Vehicle overturned (no collision),Sunday,OFF CARRIAGEWAY TO LEFT,No,Dark No street lights,Yes,Not at intersection,Other injury accident,100 km/hr,Yes,262583,145.16621,-36.37242,Non-Intersection,SHEPPARTON,NORTH EASTERN REGION,2514913.954,2569621.598,1,1,0,0,1,0,0,1,0,0,1,0,0,0,0,0,0,0,0,1,No,0,1,0,1,0,0,RURAL_VICTORIA,RURAL_VICTORIA,SHEPPARTON,NORTH EASTERN REGION,,,Local Road,Local Road,Undivided,Undiv,Country
3402795,T20130016069,ABS to receive accident,Finished,4/8/2013,13.00.00,No,Collision with vehicle,Sunday,U TURN,No,Day,Yes,Not at intersection,Serious injury accident,100 km/hr,No,262584,147.00845,-38.10154,Non-Intersection,WELLINGTON,EASTERN REGION,2676156.219,2375894.904,5,4,0,1,3,1,3,2,0,3,2,0,0,0,0,0,0,0,0,1,No,0,2,0,2,0,0,RURAL_VICTORIA,RURAL_VICTORIA,WELLINGTON,"EASTERN REGION,EASTERN REGION",A,A,Arterial Highway,Arterial Highway,Undivided,Undiv,Country
3402796,T20130016070,ABS to receive accident,Finished,4/8/2013,11.50.00,No,Collision with a fixed object,Sunday,LEFT OFF CARRIAGEWAY INTO OBJECT/PARKED VEHICLE,No,Day,Yes,Not at intersection,Serious injury accident,60 km/hr,Yes,263436,145.63,-37.77717,Non-Intersection,YARRA RANGES,METROPOLITAN SOUTH EAST REGION,2555497.515,2413572.193,1,1,0,1,0,0,0,1,0,0,1,0,0,0,0,0,0,0,0,0,Yes,0,1,0,1,0,0,TOWNS,TOWNS,YARRA RANGES,METROPOLITAN SOUTH EAST REGION,,,Local Road,Local Road,Undivided,Undiv,Metro
3402797,T20130016204,ABS to receive accident,Finished,6/8/2013,06.05.00,No,Vehicle overturned (no collision),Tuesday,OFF CARRIAGEWAY TO RIGHT,No,Dark No street lights,Yes,Not at intersection,Other injury accident,80 km/hr,Yes,262590,144.51421,-38.17438,Non-Intersection,GEELONG,SOUTH WESTERN REGION,2457431.015,2369559.157,1,1,0,0,1,0,1,0,0,0,1,0,0,0,0,0,0,0,0,0,No,0,1,0,1,0,0,RURAL_VICTORIA,RURAL_VICTORIA,GEELONG,SOUTH WESTERN REGION,,,Local Road,Local Road,Undivided,Undiv,Country
3402798,T20130016205,ABS to receive accident,Finished,6/8/2013,07.00.00,No,Collision with vehicle,Tuesday,RIGHT FAR (INTERSECTIONS ONLY),No,Day,Yes,T intersection,Other injury accident,50 km/hr,No,42902,145.16547,-37.98011,Intersection,DANDENONG,METROPOLITAN SOUTH EAST REGION,2514537.114,2391219.688,2,1,0,0,1,1,1,1,0,0,2,0,0,0,0,0,0,0,0,0,No,0,2,0,2,0,0,MELB_URBAN,MELB_URBAN,DANDENONG,METROPOLITAN SOUTH EAST REGION,,,Local Road,Local Road,Undivided,Undiv,Metro
3402799,T20130016206,ABS to receive accident,Finished,27/7/2013,15.00.00,Yes,No collision and no object struck,Saturday,OUT OF CONTROL ON CARRIAGEWAY (ON STRAIGHT),No,Day,No,Not at intersection,Other injury accident,100 km/hr,No,262397,142.03603,-36.05071,Non-Intersection,HINDMARSH,WESTERN REGION,2232976.063,2601173.281,1,1,0,0,1,0,1,0,0,0,0,0,0,1,0,0,0,0,0,0,No,0,1,0,0,1,0,RURAL_VICTORIA,RURAL_VICTORIA,HINDMARSH,WESTERN REGION,C,C,Arterial Other,Arterial Other,Undivided,Undiv,Country
3402800,T20130016207,ABS to receive accident,Finished,6/8/2013,13.49.00,No,No collision and no object struck,Monday,UNKNOWN-NO DETAILS ON MANOEUVRES OF ROAD-USERS IN ACCIDENT,No,Unk.,No,Not at intersection,Other injury accident,60 km/hr,No,262738,144.63798,-37.89072,Non-Intersection,WYNDHAM,METROPOLITAN NORTH WEST REGION,2468156.819,2401093.02,2,1,0,0,1,1,1,1,0,1,1,0,0,0,0,0,0,0,0,0,No,0,1,0,1,0,0,MELB_URBAN,MELB_URBAN,WYNDHAM,METROPOLITAN NORTH WEST REGION,,,Local Road,Local Road,Undivided,Undiv,Metro
3402801,T20130016209,ABS to receive accident,Finished,6/8/2013,13.35.00,No,Struck Pedestrian,Tuesday,PED EMERGES FROM IN FRONT OF PARKED OR STATIONARY VEHICLE,No,Day,Yes,T intersection,Serious injury accident,50 km/hr,No,39545,145.18861,-37.81709,Intersection,WHITEHORSE,METROPOLITAN SOUTH EAST REGION,2516605.902,2409308.966,3,1,0,1,0,2,3,0,0,1,1,1,0,0,0,0,0,0,0,0,No,0,1,0,1,0,0,MELB_URBAN,MELB_URBAN,WHITEHORSE,METROPOLITAN SOUTH EAST REGION,,,Arterial Highway,"Arterial Highway,Local Road",Divided,"Div,Undiv",Metro
3402802,T20130016210,ABS to receive accident,Finished,6/8/2013,12.58.00,No,Collision with vehicle,Tuesday,RIGHT REAR.,No,Day,Yes,Not at intersection,Other injury accident,70 km/hr,No,262591,144.61667,-37.68243,Non-Intersection,MELTON,METROPOLITAN NORTH WEST REGION,2466189.337,2424203.155,5,5,0,0,5,0,2,3,0,2,3,0,0,0,0,0,0,0,0,0,No,0,3,0,3,0,0,RURAL_VICTORIA,RURAL_VICTORIA,MELTON,METROPOLITAN NORTH WEST REGION,C,C,Arterial Other,Arterial Other,Undivided,Undiv,Metro
3402803,T20130016213,ABS to receive accident,Finished,4/8/2013,22.38.00,Yes,Collision with vehicle,Sunday,RIGHT THROUGH,No,Dark Street lights on,Yes,T intersection,Other injury accident,60 km/hr,No,43423,145.19403,-38.11717,Intersection,FRANKSTON,METROPOLITAN SOUTH EAST REGION,2517015.993,2376000.768,7,1,0,0,1,6,4,3,0,5,2,0,0,0,0,0,0,0,0,1,No,0,2,0,2,0,0,MELB_URBAN,MELB_URBAN,FRANKSTON,METROPOLITAN SOUTH EAST REGION,,,Arterial Other,"Arterial Other,Local Road",Undivided,Undiv,Metro
3402804,T20130016214,ABS to receive accident,Finished,6/8/2013,05.20.00,Yes,collision with some other object,Tuesday,STRUCK OBJECT ON CARRIAGEWAY,No,Dark No street lights,Yes,Not at intersection,Serious injury accident,100 km/hr,No,262437,146.98945,-37.9433,Non-Intersection,WELLINGTON,EASTERN REGION,2674857.356,2393490.455,1,1,0,1,0,0,1,0,0,0,1,0,0,0,0,0,0,0,0,0,No,0,1,0,1,0,0,RURAL_VICTORIA,RURAL_VICTORIA,WELLINGTON,"EASTERN REGION,EASTERN REGION",C,C,Arterial Other,Arterial Other,Undivided,Undiv,Country
3402805,T20130016219,ABS to receive accident,Finished,6/8/2013,15.45.00,No,Collision with vehicle,Tuesday,CROSS TRAFFIC(INTERSECTIONS ONLY),No,Day,Yes,Cross intersection,Other injury accident,40 km/hr,No,47706,144.85007,-37.83881,Intersection,HOBSONS BAY,METROPOLITAN NORTH WEST REGION,2486803.195,2406904.588,4,1,0,0,1,3,2,2,0,2,2,0,0,0,0,0,0,0,0,0,No,0,2,0,2,0,0,MELB_URBAN,MELB_URBAN,HOBSONS BAY,METROPOLITAN NORTH WEST REGION,,,Local Road,Local Road,Divided,"Div,Undiv",Metro
3402806,T20130016220,ABS to receive accident,Finished,6/8/2013,15.00.00,No,Collision with vehicle,Tuesday,REAR END(VEHICLES IN SAME LANE),No,Unk.,No,T intersection,Other injury accident,Not known,No,43645,145.34317,-38.03456,Intersection,CASEY,METROPOLITAN SOUTH EAST REGION,2530127.874,2385133.851,4,1,0,0,1,3,1,3,0,2,2,0,0,0,0,0,0,0,0,0,No,0,2,0,2,0,0,MELB_URBAN,MELB_URBAN,CASEY,METROPOLITAN SOUTH EAST REGION,C,C,Arterial Other,"Arterial Other,Local Road",Divided,"Div,Undiv",Metro
3402807,T20130016222,ABS to receive accident,Finished,6/8/2013,09.40.00,No,Struck Pedestrian,Tuesday,PED ON FOOTHPATH STRUCK BY VEHENTERING/LEAVING DRIVEWAY.,No,Day,Yes,Not at intersection,Serious injury accident,Camping grounds or off road,No,262348,145.08083,-37.65592,Non-Intersection,WHITTLESEA,METROPOLITAN NORTH WEST REGION,2507131.782,2427210.131,2,1,0,1,0,1,2,0,0,0,1,1,0,0,0,0,0,1,0,0,No,0,1,0,0,0,0,MELB_URBAN,MELB_URBAN,WHITTLESEA,METROPOLITAN NORTH WEST REGION,C,C,Arterial Other,Arterial Other,Divided,Div,Metro
3402808,T20130016225,ABS to receive accident,Finished,6/8/2013,15.20.00,No,Collision with vehicle,Tuesday,RIGHT THROUGH,No,Day,Yes,Cross intersection,Serious injury accident,80 km/hr,No,43567,145.05326,-38.2232,Intersection,MORNINGTON PENINSULA,METROPOLITAN SOUTH EAST REGION,2504663.766,2364246.787,5,1,0,1,0,4,2,3,0,3,2,0,0,0,0,0,0,0,0,1,No,0,2,0,2,0,0,MELB_URBAN,MELB_URBAN,MORNINGTON PENINSULA,METROPOLITAN SOUTH EAST REGION,,,Arterial Highway,"Arterial Highway,Local Road",Divided,"Div,Undiv",Metro
3402809,T20130016226,ABS to receive accident,Finished,6/8/2013,14.55.00,No,Struck Pedestrian,Tuesday,FAR SIDE. PED HIT BY VEHICLE FROM THE LEFT,No,Day,Yes,Not at intersection,Other injury accident,60 km/hr,No,92216,144.91587,-37.70512,Non-Intersection,MORELAND,METROPOLITAN NORTH WEST REGION,2492582.098,2421749.479,2,1,0,0,1,1,1,1,0,0,1,1,0,0,0,0,0,0,0,0,No,0,1,0,1,0,0,MELB_URBAN,MELB_URBAN,MORELAND,METROPOLITAN NORTH WEST REGION,,,Arterial Other,Arterial Other,Undivided,Undiv,Metro
3402810,T20130016071,ABS to receive accident,Finished,3/8/2013,22.50.00,Yes,Collision with vehicle,Saturday,REAR END(VEHICLES IN SAME LANE),No,Dark Street lights on,Yes,Not at intersection,Other injury accident,60 km/hr,No,262655,144.98857,-37.8261,Non-Intersection,MELBOURNE,METROPOLITAN NORTH WEST REGION,2498993.961,2408325.628,7,1,0,0,1,6,0,7,0,4,3,0,0,0,0,0,0,0,0,2,No,0,3,0,3,0,0,MELB_URBAN,MELB_URBAN,"YARRA,MELBOURNE",METROPOLITAN NORTH WEST REGION,,,Arterial Highway,Arterial Highway,Undivided,Undiv,Metro
3402811,T20130016073,ABS to receive accident,Finished,4/8/2013,14.55.00,No,Collision with vehicle,Sunday,RIGHT REAR.,No,Day,Yes,T intersection,Other injury accident,60 km/hr,No,29796,145.01949,-37.72774,Intersection,DAREBIN,METROPOLITAN NORTH WEST REGION,2501717.66,2419241.888,4,3,0,0,3,1,3,1,0,2,2,0,0,0,0,0,0,0,0,1,No,0,2,0,2,0,0,MELB_URBAN,MELB_URBAN,DAREBIN,METROPOLITAN NORTH WEST REGION,,,Arterial Other,"Arterial Other,Local Road",Undivided,Undiv,Metro
3402812,T20130016074,ABS to receive accident,Finished,4/8/2013,06.45.00,Yes,Collision with vehicle,Sunday,VEHICLE COLLIDES WITH VEHICLE PARKED ON LEFT OF ROAD,No,Dusk/Dawn,Yes,Cross intersection,Other injury accident,60 km/hr,No,36017,144.97487,-37.75667,Intersection,MORELAND,METROPOLITAN NORTH WEST REGION,2497785.486,2416031.228,1,1,0,0,1,0,1,0,0,0,1,0,0,0,0,0,0,0,0,0,Yes,1,4,0,4,0,0,MELB_URBAN,MELB_URBAN,MORELAND,METROPOLITAN NORTH WEST REGION,,,Arterial Other,Arterial Other,Undivided,Undiv,Metro
3402813,T20130016075,ABS to receive accident,Finished,28/7/2013,18.00.00,Yes,Vehicle overturned (no collision),Sunday,OUT OF CONTROL ON CARRIAGEWAY (ON STRAIGHT),No,Dark Street lights on,Yes,T intersection,Other injury accident,60 km/hr,No,229401,146.79414,-37.97973,Intersection,WELLINGTON,EASTERN REGION,2657616.392,2389788.859,1,1,0,0,1,0,1,0,0,0,0,0,0,1,0,0,0,0,0,0,No,0,1,0,0,1,0,RURAL_VICTORIA,RURAL_VICTORIA,WELLINGTON,"EASTERN REGION,EASTERN REGION",C,C,Arterial Other,"Arterial Other,Local Road",Undivided,Undiv,Country
3402814,T20130016076,ABS to receive accident,Finished,4/8/2013,15.30.00,No,Collision with a fixed object,Sunday,LEFT OFF CARRIAGEWAY INTO OBJECT/PARKED VEHICLE,No,Day,Yes,Not at intersection,Other injury accident,100 km/hr,Yes,263925,145.04505,-36.25462,Non-Intersection,CAMPASPE,NORTHERN REGION,2504048.505,2582704.013,1,1,0,0,1,0,1,0,0,0,1,0,0,0,0,0,0,0,0,0,No,0,1,0,1,0,0,RURAL_VICTORIA,RURAL_VICTORIA,CAMPASPE,NORTHERN REGION,,,Local Road,Local Road,Undivided,Undiv,Country
3402815,T20130016078,ABS to receive accident,Finished,30/7/2013,18.25.00,Yes,Collision with vehicle,Tuesday,VEHICLE STRIKES ANOTHER VEH WHILE EMERGING FROM DRIVEWAY,No,Dark Street lights on,No,Not at intersection,Other injury accident,60 km/hr,No,262325,144.9833,-37.88667,Non-Intersection,PORT PHILLIP,METROPOLITAN NORTH WEST REGION,2498530.642,2401602.511,2,1,0,0,1,1,1,1,0,0,1,0,0,1,0,0,0,0,0,0,No,0,2,0,1,1,0,MELB_URBAN,MELB_URBAN,PORT PHILLIP,METROPOLITAN NORTH WEST REGION,,,Arterial Other,Arterial Other,Undivided,Undiv,Metro
3402816,T20130016081,ABS to receive accident,Finished,4/8/2013,16.50.00,Yes,Collision with vehicle,Sunday,RIGHT THROUGH,No,Day,No,T intersection,Serious injury accident,50 km/hr,No,233118,144.94048,-37.76166,Intersection,MORELAND,METROPOLITAN NORTH WEST REGION,2494755.345,2415476.536,2,1,0,1,0,1,2,0,1,0,1,0,0,0,0,0,0,0,1,0,No,0,2,0,1,0,0,MELB_URBAN,MELB_URBAN,MORELAND,METROPOLITAN NORTH WEST REGION,,,Local Road,Local Road,Undivided,Undiv,Metro
3402817,T20130016083,ABS to receive accident,Finished,4/8/2013,16.55.00,Yes,Collision with vehicle,Sunday,CROSS TRAFFIC(INTERSECTIONS ONLY),No,Dusk/Dawn,Yes,Cross intersection,Other injury accident,40 km/hr,No,35357,144.96203,-37.81791,Intersection,MELBOURNE,METROPOLITAN NORTH WEST REGION,2496656.82,2409234.052,2,1,0,0,1,1,1,1,1,0,1,0,0,0,0,0,0,0,0,1,No,0,2,0,1,0,0,MELBOURNE_CBD,MELBOURNE_CBD,MELBOURNE,METROPOLITAN NORTH WEST REGION,,,Local Road,Local Road,Divided,"Div,Undiv",Metro
3402818,T20130016084,ABS to receive accident,Finished,4/8/2013,18.26.00,Yes,Collision with vehicle,Sunday,ENTERING PARKING,No,Dark No street lights,No,Not at intersection,Serious injury accident,50 km/hr,No,262551,144.98001,-37.77639,Non-Intersection,YARRA,METROPOLITAN NORTH WEST REGION,2498238.978,2413842.386,2,1,0,1,0,1,1,1,1,0,1,0,0,0,0,0,0,0,0,0,No,0,2,0,1,0,0,MELB_URBAN,MELB_URBAN,YARRA,METROPOLITAN NORTH WEST REGION,,,Local Road,Local Road,Undivided,Undiv,Metro
3402819,T20130016085,ABS to receive accident,Finished,2/8/2013,10.20.00,No,Struck Pedestrian,Friday,PED ON FOOTHPATH STRUCK BY VEHENTERING/LEAVING DRIVEWAY.,No,Day,No,T intersection,Other injury accident,50 km/hr,No,263247,145.00166,-37.74413,Intersection,DAREBIN,METROPOLITAN NORTH WEST REGION,2500146.125,2417423.327,2,1,0,0,1,1,1,1,0,0,1,1,0,0,0,0,0,0,0,0,No,0,1,0,1,0,0,MELB_URBAN,MELB_URBAN,DAREBIN,METROPOLITAN NORTH WEST REGION,,,Local Road,Local Road,Undivided,Undiv,Metro
3402820,T20130016088,ABS to receive accident,Finished,4/8/2013,18.50.00,Yes,Vehicle overturned (no collision),Sunday,OFF CARRIAGEWAY TO RIGHT,No,Dark No street lights,Yes,Not at intersection,Other injury accident,60 km/hr,Yes,262798,145.31934,-37.74135,Non-Intersection,YARRA RANGES,METROPOLITAN SOUTH EAST REGION,2528144.703,2417684.558,3,2,0,0,2,1,1,2,0,2,1,0,0,0,0,0,0,0,0,0,No,0,1,0,1,0,0,RURAL_VICTORIA,RURAL_VICTORIA,YARRA RANGES,METROPOLITAN SOUTH EAST REGION,,,Local Road,Local Road,Undivided,Undiv,Metro
3402821,T20130016089,ABS to receive accident,Finished,4/8/2013,11.20.00,No,Collision with vehicle,Sunday,HEAD ON (NOT OVERTAKING),No,Day,Yes,Not at intersection,Other injury accident,60 km/hr,No,263032,146.55135,-38.18438,Non-Intersection,LATROBE,EASTERN REGION,2635919.463,2367450.281,7,4,0,0,4,3,3,4,0,5,2,0,0,0,0,0,0,0,0,0,No,2,2,0,2,0,0,SMALL_CITIES,SMALL_CITIES,LATROBE,"EASTERN REGION,EASTERN REGION",,,Local Road,Local Road,Undivided,Undiv,Country
3402822,T20130016092,ABS to receive accident,Finished,4/8/2013,19.55.00,Yes,Collision with vehicle,Sunday,REAR END(VEHICLES IN SAME LANE),No,Dark Street lights on,Yes,Not at intersection,Serious injury accident,70 km/hr,No,262261,144.99965,-37.6768,Non-Intersection,WHITTLESEA,METROPOLITAN NORTH WEST REGION,2499969.245,2424895.678,2,1,0,1,0,1,2,0,0,0,2,0,0,0,0,0,0,0,0,1,Yes,0,2,0,2,0,0,MELB_URBAN,MELB_URBAN,WHITTLESEA,METROPOLITAN NORTH WEST REGION,,,Arterial Other,Arterial Other,Divided,Div,Metro
3402823,T20130016094,ABS to receive accident,Finished,4/8/2013,18.00.00,Yes,Collision with vehicle,Sunday,HEAD ON (NOT OVERTAKING),Yes,Dark Street lights on,Yes,Not at intersection,Serious injury accident,80 km/hr,No,263809,142.91623,-37.25777,Non-Intersection,ARARAT,WESTERN REGION,2315189.379,2469374.309,8,2,0,1,1,6,4,4,0,6,2,0,0,0,0,0,0,0,0,0,No,0,2,0,2,0,0,RURAL_VICTORIA,RURAL_VICTORIA,ARARAT,WESTERN REGION,A,A,Arterial Highway,Arterial Highway,Undivided,Undiv,Country
3402824,T20130016097,ABS to receive accident,Finished,2/8/2013,13.26.00,No,Collision with vehicle,Friday,RIGHT NEAR (INTERSECTIONS ONLY),No,Day,Yes,T intersection,Other injury accident,50 km/hr,No,58689,146.8654,-36.13079,Intersection,WODONGA,NORTH EASTERN REGION,2667895.938,2594800.007,4,2,0,0,2,2,1,3,0,2,2,0,0,0,0,0,0,0,0,1,No,0,2,0,2,0,0,SMALL_CITIES,SMALL_CITIES,WODONGA,NORTH EASTERN REGION,C,C,Local Road,Local Road,Divided,"Div,Undiv",Country
3402825,T20130016100,ABS to receive accident,Finished,7/7/2013,15.00.00,No,Collision with vehicle,Sunday,REAR END(VEHICLES IN SAME LANE),No,Day,No,Not at intersection,Other injury accident,60 km/hr,No,262906,144.97381,-37.83806,Non-Intersection,PORT PHILLIP,METROPOLITAN NORTH WEST REGION,2497694.506,2406997.916,2,1,0,0,1,1,0,2,0,0,2,0,0,0,0,0,0,0,0,2,No,0,2,0,2,0,0,MELB_URBAN,MELB_URBAN,PORT PHILLIP,METROPOLITAN NORTH WEST REGION,,,Arterial Highway,Arterial Highway,Undivided,Undiv,Metro
3402826,T20130016107,ABS to receive accident,Finished,5/8/2013,06.15.00,No,Collision with a fixed object,Monday,OFF RIGHT BEND INTO OBJECT/PARKED VEHICLE,No,Dark No street lights,Yes,Not at intersection,Serious injury accident,100 km/hr,Yes,263033,146.19785,-38.34693,Non-Intersection,SOUTH GIPPSLAND,EASTERN REGION,2604722.878,2349853.788,3,3,0,2,1,0,2,1,0,2,1,0,0,0,0,0,0,0,0,0,No,0,1,0,1,0,0,RURAL_VICTORIA,RURAL_VICTORIA,SOUTH GIPPSLAND,"EASTERN REGION,EASTERN REGION",B,B,Arterial Highway,Arterial Highway,Undivided,Undiv,Country
3402827,T20130016108,ABS to receive accident,Finished,5/8/2013,09.10.00,No,Collision with vehicle,Monday,RIGHT THROUGH,No,Day,Yes,T intersection,Serious injury accident,50 km/hr,No,62658,144.89043,-37.72763,Intersection,MOONEE VALLEY,METROPOLITAN NORTH WEST REGION,2490341.369,2419249.32,2,1,0,1,0,1,2,0,0,0,2,0,0,0,0,0,0,0,1,0,No,0,2,0,2,0,0,MELB_URBAN,MELB_URBAN,MOONEE VALLEY,METROPOLITAN NORTH WEST REGION,,,Local Road,Local Road,Undivided,Undiv,Metro
3402828,T20130016113,ABS to receive accident,Finished,5/8/2013,11.00.00,No,Collision with vehicle,Monday,CROSS TRAFFIC(INTERSECTIONS ONLY),No,Day,No,Cross intersection,Other injury accident,50 km/hr,No,61690,144.58582,-37.68432,Intersection,MELTON,METROPOLITAN NORTH WEST REGION,2463468.867,2423981.125,2,1,0,0,1,1,1,1,0,0,2,0,0,0,0,0,0,0,0,0,No,0,2,0,2,0,0,SMALL_CITIES,SMALL_CITIES,MELTON,METROPOLITAN NORTH WEST REGION,,,Local Road,Local Road,Divided,"Div,Undiv",Metro
3402829,T20130016114,ABS to receive accident,Finished,24/7/2013,18.30.00,Yes,Collision with vehicle,Wednesday,RIGHT FAR (INTERSECTIONS ONLY),Yes,Dusk/Dawn,No,T intersection,Other injury accident,50 km/hr,No,263667,145.00767,-37.84425,Intersection,STONNINGTON,METROPOLITAN SOUTH EAST REGION,2500675.05,2406311.139,2,1,0,0,1,1,0,1,1,0,1,0,0,0,0,0,0,0,0,0,No,0,2,0,1,0,0,MELB_URBAN,MELB_URBAN,STONNINGTON,METROPOLITAN SOUTH EAST REGION,,,Local Road,Local Road,Undivided,Undiv,Metro
3402830,T20130016119,ABS to receive accident,Finished,5/8/2013,11.04.00,No,Struck Pedestrian,Monday,PED NEAR SIDE. PED HIT BY VEHICLE FROM THE RIGHT.,No,Day,Yes,T intersection,Serious injury accident,50 km/hr,No,41790,145.16607,-37.87835,Intersection,MONASH,METROPOLITAN SOUTH EAST REGION,2514610.225,2402514.176,2,1,0,1,0,1,0,2,0,0,1,1,0,0,0,0,0,1,0,0,No,0,1,0,1,0,0,MELB_URBAN,MELB_URBAN,MONASH,METROPOLITAN SOUTH EAST REGION,,,Arterial Highway,"Arterial Highway,Local Road",Divided,"Div,Undiv",Metro
3402831,T20130016121,ABS to receive accident,Finished,27/7/2013,14.00.00,Yes,Vehicle overturned (no collision),Saturday,OFF CARRIAGEWAY ON RIGHT BEND,No,Day,No,Not at intersection,Serious injury accident,40 km/hr,Yes,262521,144.44178,-37.69261,Non-Intersection,MOORABOOL,WESTERN REGION,2450770.424,2422996.732,1,1,0,1,0,0,1,0,0,0,0,0,0,1,0,0,0,0,0,0,No,0,1,0,0,1,0,RURAL_VICTORIA,RURAL_VICTORIA,MOORABOOL,WESTERN REGION,,,Local Road,Local Road,Undivided,Undiv,Country
3402832,T20130016127,ABS to receive accident,Finished,5/8/2013,11.35.00,No,Collision with vehicle,Monday,LEAVING PARKING,No,Day,Yes,Cross intersection,Other injury accident,60 km/hr,No,52930,143.84591,-37.56918,Intersection,BALLARAT,WESTERN REGION,2398056.333,2436221.728,5,1,0,0,1,4,4,1,0,2,3,0,0,0,0,0,0,0,0,0,No,0,3,0,3,0,0,LARGE_PROVINCIAL_CITIES,LARGE_PROVINCIAL_CITIES,BALLARAT,WESTERN REGION,C,C,Arterial Other,"Arterial Other,Local Road",Undivided,Undiv,Country
3402833,T20130016128,ABS to receive accident,Finished,5/8/2013,13.23.00,No,Collision with vehicle,Monday,U TURN,No,Day,Yes,T intersection,Other injury accident,80 km/hr,No,43549,145.18457,-38.1542,Intersection,FRANKSTON,METROPOLITAN SOUTH EAST REGION,2516177.996,2371892.294,2,1,0,0,1,1,0,2,0,0,2,0,0,0,0,0,0,0,0,1,No,0,2,0,2,0,0,MELB_URBAN,MELB_URBAN,FRANKSTON,METROPOLITAN SOUTH EAST REGION,,,Arterial Other,"Arterial Other,Local Road",Divided,"Div,Undiv",Metro
3402834,T20130016130,ABS to receive accident,Finished,5/8/2013,10.42.00,No,Collision with vehicle,Monday,LEFT NEAR (INTERSECTIONS ONLY),No,Day,Yes,Cross intersection,Other injury accident,50 km/hr,No,29754,144.58052,-37.68341,Intersection,MELTON,METROPOLITAN NORTH WEST REGION,2463001.179,2424081.07,4,2,0,0,2,2,1,3,0,2,2,0,0,0,0,0,0,0,0,1,No,0,2,0,2,0,0,SMALL_CITIES,SMALL_CITIES,MELTON,METROPOLITAN NORTH WEST REGION,C,C,Arterial Other,"Arterial Other,Local Road",Divided,Div,Metro
3402835,T20130016131,ABS to receive accident,Finished,5/8/2013,14.30.00,No,Collision with vehicle,Monday,REAR END(VEHICLES IN SAME LANE),No,Day,No,Not at intersection,Other injury accident,Not known,No,262586,145.06354,-37.7591,Non-Intersection,BANYULE,METROPOLITAN NORTH WEST REGION,2505598.787,2415760.385,2,1,0,0,1,1,0,2,0,0,2,0,0,0,0,0,0,0,0,1,No,0,2,0,2,0,0,MELB_URBAN,MELB_URBAN,BANYULE,METROPOLITAN NORTH WEST REGION,,,Arterial Highway,Arterial Highway,Divided,Div,Metro
3402836,T20130016132,ABS to receive accident,Finished,23/7/2013,08.55.00,No,Struck Pedestrian,Tuesday,PED NEAR SIDE. PED HIT BY VEHICLE FROM THE RIGHT.,No,Day,No,Not at intersection,Other injury accident,60 km/hr,No,262461,145.07389,-37.969,Non-Intersection,KINGSTON,METROPOLITAN SOUTH EAST REGION,2506492.385,2392462.575,2,1,0,0,1,1,2,0,0,0,1,1,0,0,0,0,0,0,0,0,No,0,1,0,1,0,0,MELB_URBAN,MELB_URBAN,KINGSTON,METROPOLITAN SOUTH EAST REGION,,,Arterial Highway,Arterial Highway,Undivided,Undiv,Metro