OBJECTID,ACCIDENT_NO,ABS_CODE,ACCIDENT_STATUS,ACCIDENT_DATE,ACCIDENT_TIME,ALCOHOLTIME,ACCIDENT_TYPE,DAY_OF_WEEK,DCA_CODE,HIT_RUN_FLAG,LIGHT_CONDITION,POLICE_ATTEND,ROAD_GEOMETRY,SEVERITY,SPEED_ZONE,RUN_OFFROAD,NODE_ID,LONGITUDE,LATITUDE,NODE_TYPE,LGA_NAME,REGION_NAME,VICGRID_X,VICGRID_Y,TOTAL_PERSONS,INJ_OR_FATAL,FATALITY,SERIOUSINJURY,OTHERINJURY,NONINJURED,MALES,FEMALES,BICYCLIST,PASSENGER,DRIVER,PEDESTRIAN,PILLION,MOTORIST,UNKNOWN,PED_CYCLIST_5_12,PED_CYCLIST_13_18,OLD_PEDESTRIAN,OLD_DRIVER,YOUNG_DRIVER,ALCOHOL_RELATED,UNLICENCSED,NO_OF_VEHICLES,HEAVYVEHICLE,PASSENGERVEHICLE,MOTORCYCLE,PUBLICVEHICLE,DEG_URBAN_NAME,DEG_URBAN_ALL,LGA_NAME_ALL,REGION_NAME_ALL,SRNS,SRNS_ALL,RMA,RMA_ALL,DIVIDED,DIVIDED_ALL,STAT_DIV_NAME
3402837,T20130016136,ABS to receive accident,Finished,5/8/2013,15.15.00,No,Collision with vehicle,Monday,HEAD ON (NOT OVERTAKING),No,Day,Yes,Not at intersection,Serious injury accident,60 km/hr,No,277125,147.2517,-36.84195,Non-Intersection,(FALLS CREEK),NORTH EASTERN REGION,2700793.281,2515161.944,5,4,0,3,1,1,3,2,0,3,2,0,0,0,0,0,0,0,0,1,No,0,2,0,2,0,0,RURAL_VICTORIA,RURAL_VICTORIA,(FALLS CREEK),NORTH EASTERN REGION,C,C,Arterial Other,Arterial Other,Undivided,Undiv,Country
3402838,T20130016137,ABS to receive accident,Finished,5/8/2013,15.40.00,No,Collision with vehicle,Monday,U TURN,No,Day,Yes,Not at intersection,Other injury accident,40 km/hr,No,262587,144.95495,-37.81661,Non-Intersection,MELBOURNE,METROPOLITAN NORTH WEST REGION,2496033.378,2409378.433,2,1,0,0,1,1,1,0,0,0,2,0,0,0,0,0,0,0,0,0,No,0,2,0,1,0,1,MELBOURNE_CBD,MELBOURNE_CBD,MELBOURNE,METROPOLITAN NORTH WEST REGION,,,Local Road,Local Road,Undivided,Undiv,Metro
3402839,T20130016138,ABS to receive accident,Finished,5/8/2013,15.40.00,No,Collision with vehicle,Monday,OTHER SAME DIRECTION-MANOUEVRES NOT INCLUDED IN DCAs 130-137,No,Day,Yes,Not at intersection,Other injury accident,100 km/hr,No,262588,145.19719,-38.06915,Non-Intersection,DANDENONG,METROPOLITAN SOUTH EAST REGION,2517303.545,2381330.889,2,1,0,0,1,1,2,0,0,0,2,0,0,0,0,0,0,0,0,0,No,0,2,1,1,0,0,MELB_URBAN,MELB_URBAN,DANDENONG,METROPOLITAN SOUTH EAST REGION,,,Arterial Highway,Arterial Highway,Divided,Div,Metro
3402840,T20130016140,ABS to receive accident,Finished,5/8/2013,17.00.00,No,Collision with vehicle,Monday,RIGHT THROUGH,No,Unk.,No,T intersection,Other injury accident,60 km/hr,No,45545,144.9452,-37.75697,Intersection,MORELAND,METROPOLITAN NORTH WEST REGION,2495171.375,2415996.63,2,1,0,0,1,1,2,0,1,0,1,0,0,0,0,0,0,0,0,0,No,0,2,0,1,0,0,MELB_URBAN,MELB_URBAN,MORELAND,METROPOLITAN NORTH WEST REGION,,,Arterial Other,"Arterial Other,Local Road",Undivided,Undiv,Metro
3402841,T20130016141,ABS to receive accident,Finished,5/8/2013,15.00.00,No,Collision with a fixed object,Monday,LEFT OFF CARRIAGEWAY INTO OBJECT/PARKED VEHICLE,No,Day,Yes,T intersection,Other injury accident,60 km/hr,Yes,36681,144.33747,-38.135,Intersection,GEELONG,SOUTH WESTERN REGION,2441913.195,2373836.92,1,1,0,0,1,0,0,1,0,0,1,0,0,0,0,0,0,0,0,0,No,0,1,0,1,0,0,LARGE_PROVINCIAL_CITIES,LARGE_PROVINCIAL_CITIES,GEELONG,SOUTH WESTERN REGION,C,C,Arterial Other,"Arterial Other,Local Road",Undivided,Undiv,Country
3402842,T20130016143,ABS to receive accident,Finished,5/8/2013,17.50.00,No,Collision with vehicle,Monday,RIGHT THROUGH,No,Day,Yes,Cross intersection,Other injury accident,60 km/hr,No,40700,145.13006,-37.87009,Intersection,MONASH,METROPOLITAN SOUTH EAST REGION,2511443.36,2403435.492,3,2,0,0,2,1,0,3,0,1,2,0,0,0,0,0,0,0,0,1,No,0,2,0,2,0,0,MELB_URBAN,MELB_URBAN,MONASH,METROPOLITAN SOUTH EAST REGION,,,Arterial Other,Arterial Other,Undivided,Undiv,Metro
3402843,T20130016144,ABS to receive accident,Finished,5/8/2013,17.10.00,No,Collision with a fixed object,Monday,OFF LEFT BEND INTO OBJECT/PARKED VEHICLE,No,Dusk/Dawn,Yes,Not at intersection,Other injury accident,70 km/hr,Yes,263992,145.46261,-37.73957,Non-Intersection,YARRA RANGES,METROPOLITAN SOUTH EAST REGION,2540772.129,2417830.092,4,2,0,0,2,2,1,3,0,3,1,0,0,0,0,0,0,0,0,0,No,0,1,0,1,0,0,RURAL_VICTORIA,RURAL_VICTORIA,YARRA RANGES,METROPOLITAN SOUTH EAST REGION,,,Local Road,Local Road,Undivided,Undiv,Metro
3402844,T20130016145,ABS to receive accident,Finished,13/7/2013,15.00.00,Yes,Collision with vehicle,Saturday,ENTERING PARKING,No,Day,No,Not at intersection,Other injury accident,Not known,No,262510,144.93157,-37.79106,Non-Intersection,MELBOURNE,METROPOLITAN NORTH WEST REGION,2493973.254,2412212.49,2,1,0,0,1,1,0,2,1,0,1,0,0,0,0,0,0,0,0,0,No,0,2,0,1,0,0,MELB_URBAN,MELB_URBAN,MELBOURNE,METROPOLITAN NORTH WEST REGION,,,Local Road,Local Road,Undivided,Undiv,Metro
3402845,T20130016148,ABS to receive accident,Finished,5/8/2013,17.00.00,No,Collision with vehicle,Monday,RIGHT THROUGH,No,Day,Yes,Not at intersection,Other injury accident,80 km/hr,No,262589,145.23855,-38.00204,Non-Intersection,CASEY,METROPOLITAN SOUTH EAST REGION,2520951.907,2388771.937,4,1,0,0,1,3,2,2,0,2,2,0,0,0,0,0,0,0,0,2,No,0,2,0,2,0,0,MELB_URBAN,MELB_URBAN,"DANDENONG,CASEY",METROPOLITAN SOUTH EAST REGION,,,Arterial Highway,Arterial Highway,Divided,Div,Metro
3402846,T20130016150,ABS to receive accident,Finished,5/8/2013,15.35.00,No,Collision with vehicle,Monday,REAR END(VEHICLES IN SAME LANE),No,Day,Yes,Not at intersection,Other injury accident,80 km/hr,No,262773,145.13947,-37.92211,Non-Intersection,MONASH,METROPOLITAN SOUTH EAST REGION,2512262.328,2397660.161,5,1,0,0,1,4,3,2,0,0,5,0,0,0,0,0,0,0,0,1,No,0,5,0,5,0,0,MELB_URBAN,MELB_URBAN,MONASH,METROPOLITAN SOUTH EAST REGION,,,Arterial Highway,Arterial Highway,Divided,Div,Metro
3402847,T20130016157,ABS to receive accident,Finished,5/8/2013,20.30.00,Yes,Collision with a fixed object,Monday,LEFT OFF CARRIAGEWAY INTO OBJECT/PARKED VEHICLE,No,Dark No street lights,Yes,Not at intersection,Serious injury accident,60 km/hr,Yes,262436,145.26397,-37.75289,Non-Intersection,MANNINGHAM,METROPOLITAN SOUTH EAST REGION,2523261.203,2416419.101,3,1,0,1,0,2,3,0,0,2,1,0,0,0,0,0,0,0,0,0,No,0,1,0,1,0,0,RURAL_VICTORIA,RURAL_VICTORIA,MANNINGHAM,METROPOLITAN SOUTH EAST REGION,,,Local Road,Local Road,Undivided,Undiv,Metro
3402848,T20130016162,ABS to receive accident,Finished,2/8/2013,13.00.00,No,Vehicle overturned (no collision),Friday,OUT OF CONTROL ON CARRIAGEWAY (ON STRAIGHT),No,Day,No,Cross intersection,Serious injury accident,80 km/hr,No,39785,145.28759,-37.826,Intersection,MAROONDAH,METROPOLITAN SOUTH EAST REGION,2525317.698,2408298.503,1,1,0,1,0,0,1,0,0,0,0,0,0,1,0,0,0,0,0,0,No,0,1,0,0,1,0,MELB_URBAN,MELB_URBAN,MAROONDAH,METROPOLITAN SOUTH EAST REGION,,,Arterial Other,Arterial Other,Divided,Div,Metro
3402849,T20130016169,ABS to receive accident,Finished,22/7/2013,11.30.00,No,Collision with vehicle,Monday,REAR END(VEHICLES IN SAME LANE),No,Day,No,Cross intersection,Other injury accident,60 km/hr,No,37724,144.99648,-37.85228,Intersection,STONNINGTON,METROPOLITAN SOUTH EAST REGION,2499690.328,2405420.393,2,1,0,0,1,1,2,0,0,0,2,0,0,0,0,0,0,0,0,0,No,0,2,0,2,0,0,MELB_URBAN,MELB_URBAN,STONNINGTON,METROPOLITAN SOUTH EAST REGION,,,Arterial Other,"Arterial Other,Local Road",Undivided,Undiv,Metro
3402850,T20130016170,ABS to receive accident,Finished,30/7/2013,06.45.00,No,Collision with vehicle,Tuesday,REAR END(VEHICLES IN SAME LANE),No,Day,No,Not at intersection,Other injury accident,100 km/hr,No,264323,144.93742,-37.76929,Non-Intersection,MORELAND,METROPOLITAN NORTH WEST REGION,2494486.953,2414629.027,3,1,0,0,1,2,2,0,0,0,2,0,0,0,1,0,0,0,0,0,No,0,3,1,1,0,0,MELB_URBAN,MELB_URBAN,MORELAND,METROPOLITAN NORTH WEST REGION,M,M,Freeway,Freeway,Divided,Div,Metro
3402851,T20130016174,ABS to receive accident,Finished,6/8/2013,06.45.00,No,Collision with vehicle,Tuesday,RIGHT THROUGH,No,Day,Yes,Cross intersection,Serious injury accident,60 km/hr,No,44520,145.10326,-37.587,Intersection,WHITTLESEA,METROPOLITAN NORTH WEST REGION,2509119.145,2434857.09,2,1,0,1,0,1,1,1,0,0,2,0,0,0,0,0,0,0,0,0,No,0,2,0,2,0,0,RURAL_VICTORIA,RURAL_VICTORIA,WHITTLESEA,METROPOLITAN NORTH WEST REGION,C,C,Arterial Other,"Arterial Other,Local Road",Undivided,Undiv,Metro
3402852,T20130016179,ABS to receive accident,Finished,5/8/2013,17.45.00,No,Collision with vehicle,Monday,RIGHT THROUGH,Yes,Dark Street lights unknown,No,Cross intersection,Serious injury accident,70 km/hr,No,33759,145.06744,-37.88474,Intersection,GLEN EIRA,METROPOLITAN SOUTH EAST REGION,2505932.662,2401815.115,3,1,0,1,0,2,2,0,2,0,0,0,0,0,1,0,0,0,0,0,No,0,3,0,0,0,0,MELB_URBAN,MELB_URBAN,GLEN EIRA,METROPOLITAN SOUTH EAST REGION,,,Arterial Highway,"Arterial Highway,Arterial Other",Divided,"Div,Undiv",Metro
3402853,T20130016182,ABS to receive accident,Finished,6/8/2013,09.20.00,No,Struck Pedestrian,Tuesday,FAR SIDE. PED HIT BY VEHICLE FROM THE LEFT,No,Day,Yes,Not at intersection,Serious injury accident,40 km/hr,No,262598,144.84603,-37.83485,Non-Intersection,HOBSONS BAY,METROPOLITAN NORTH WEST REGION,2486446.757,2407343.311,3,2,0,1,1,1,1,2,0,0,1,2,0,0,0,0,0,1,0,0,No,0,1,0,1,0,0,MELB_URBAN,MELB_URBAN,HOBSONS BAY,METROPOLITAN NORTH WEST REGION,,,Local Road,Local Road,Undivided,Undiv,Metro
3402854,T20130016183,ABS to receive accident,Finished,6/8/2013,07.55.00,No,Collision with vehicle,Monday,RIGHT NEAR (INTERSECTIONS ONLY),No,Day,Yes,T intersection,Serious injury accident,60 km/hr,No,278620,145.76649,-38.11796,Intersection,BAW BAW,EASTERN REGION,2567216.494,2375660.128,2,2,0,1,1,0,2,0,0,0,2,0,0,0,0,0,0,0,0,0,No,0,2,0,1,0,0,TOWNS,TOWNS,BAW BAW,"EASTERN REGION,EASTERN REGION",C,C,Arterial Other,"Arterial Other,Local Road",Undivided,Undiv,Country
3402855,T20130016187,ABS to receive accident,Finished,6/8/2013,09.05.00,No,Collision with a fixed object,Tuesday,OFF RIGHT BEND INTO OBJECT/PARKED VEHICLE,No,Day,Yes,Not at intersection,Other injury accident,60 km/hr,Yes,274289,145.36803,-36.39602,Non-Intersection,SHEPPARTON,NORTH EASTERN REGION,2533013.139,2566952.591,1,1,0,0,1,0,1,0,0,0,1,0,0,0,0,0,0,0,0,0,No,0,1,0,1,0,0,SMALL_CITIES,SMALL_CITIES,SHEPPARTON,NORTH EASTERN REGION,,,Local Road,Local Road,Undivided,Undiv,Country
3402856,T20130016189,ABS to receive accident,Finished,6/8/2013,08.25.00,No,Collision with vehicle,Tuesday,REAR END(VEHICLES IN SAME LANE),No,Day,Yes,Not at intersection,Other injury accident,60 km/hr,No,262692,144.77936,-37.73411,Non-Intersection,BRIMBANK,METROPOLITAN NORTH WEST REGION,2480552.268,2418512.764,2,1,0,0,1,1,1,1,0,0,2,0,0,0,0,0,0,0,0,0,No,0,2,0,1,0,1,MELB_URBAN,MELB_URBAN,BRIMBANK,METROPOLITAN NORTH WEST REGION,,,Local Road,Local Road,Undivided,Undiv,Metro
3402857,T20130016191,ABS to receive accident,Finished,6/8/2013,12.11.00,No,Collision with vehicle,Tuesday,RIGHT NEAR (INTERSECTIONS ONLY),No,Day,Yes,T intersection,Serious injury accident,60 km/hr,No,263557,143.87227,-37.56585,Intersection,BALLARAT,WESTERN REGION,2400380.536,2436619.162,2,1,0,1,0,1,0,2,0,0,2,0,0,0,0,0,0,0,0,1,No,0,2,0,2,0,0,LARGE_PROVINCIAL_CITIES,LARGE_PROVINCIAL_CITIES,BALLARAT,WESTERN REGION,,,Local Road,Local Road,Undivided,Undiv,Country
3402858,T20130016194,ABS to receive accident,Finished,20/7/2013,19.45.00,Yes,Struck Pedestrian,Saturday,ANY MANOEUVRE INVOLVING PED NOT INCLUDED IN DCAs 100-108.,No,Unk.,No,Not at intersection,Other injury accident,50 km/hr,No,262453,144.75369,-37.87837,Non-Intersection,HOBSONS BAY,METROPOLITAN NORTH WEST REGION,2478331.389,2402496.242,2,1,0,0,1,1,1,1,0,0,1,1,0,0,0,0,0,0,0,0,No,0,1,0,1,0,0,MELB_URBAN,MELB_URBAN,HOBSONS BAY,METROPOLITAN NORTH WEST REGION,,,Local Road,Local Road,Undivided,Undiv,Metro
3402859,T20130016195,ABS to receive accident,Finished,30/7/2013,17.45.00,No,No collision and no object struck,Tuesday,OUT OF CONTROL ON CARRIAGEWAY (ON STRAIGHT),No,Unk.,Yes,Not at intersection,Other injury accident,Not known,No,262737,145.12792,-37.79676,Non-Intersection,WHITEHORSE,METROPOLITAN SOUTH EAST REGION,2511265.843,2411574.006,2,1,0,0,1,1,1,0,0,0,0,0,0,1,1,0,0,0,0,0,No,0,2,0,0,1,0,MELB_URBAN,MELB_URBAN,WHITEHORSE,METROPOLITAN SOUTH EAST REGION,M,M,Freeway,Freeway,Undivided,Undiv,Metro
3402860,T20130016198,ABS to receive accident,Finished,6/8/2013,07.25.00,No,Collision with vehicle,Tuesday,LEFT REAR,No,Day,Yes,T intersection,Other injury accident,70 km/hr,No,43403,144.97979,-37.74276,Intersection,MORELAND,METROPOLITAN NORTH WEST REGION,2498218.482,2417575.646,2,1,0,0,1,1,2,0,0,0,2,0,0,0,0,0,0,0,0,1,No,0,2,0,2,0,0,MELB_URBAN,MELB_URBAN,"MORELAND,DAREBIN",METROPOLITAN NORTH WEST REGION,,,Arterial Highway,"Arterial Highway,Arterial Other",Divided,"Div,Undiv",Metro
3402861,T20130016202,ABS to receive accident,Finished,30/7/2013,15.29.00,No,Collision with a fixed object,Tuesday,OFF RIGHT BEND INTO OBJECT/PARKED VEHICLE,No,Day,Yes,Not at intersection,Other injury accident,60 km/hr,Yes,264068,144.31644,-38.13751,Non-Intersection,GEELONG,SOUTH WESTERN REGION,2440071.261,2373545.436,1,1,0,0,1,0,1,0,0,0,1,0,0,0,0,0,0,0,0,1,No,0,1,0,1,0,0,RURAL_VICTORIA,RURAL_VICTORIA,GEELONG,SOUTH WESTERN REGION,C,C,Arterial Other,Arterial Other,Undivided,Undiv,Country
3402862,T20130015998,ABS to receive accident,Finished,3/8/2013,11.00.00,No,Collision with a fixed object,Saturday,RIGHT OFF CARRIAGEWAY INTO OBJECT/PARKED VEHICLE,No,Day,Yes,Not at intersection,Serious injury accident,100 km/hr,Yes,266495,144.14019,-37.22222,Non-Intersection,HEPBURN,WESTERN REGION,2423702.335,2474997.181,1,1,0,1,0,0,1,0,0,0,1,0,0,0,0,0,0,0,0,0,No,0,1,1,0,0,0,RURAL_VICTORIA,RURAL_VICTORIA,HEPBURN,WESTERN REGION,A,A,Arterial Highway,Arterial Highway,Undivided,Undiv,Country
3402863,T20130015999,ABS to receive accident,Finished,3/8/2013,12.17.00,No,Fall from or in moving vehicle,Saturday,FELL IN/FROM VEHICLE,No,Day,Yes,T intersection,Other injury accident,50 km/hr,No,69138,145.06874,-37.90656,Intersection,GLEN EIRA,METROPOLITAN SOUTH EAST REGION,2506045.256,2399393.598,3,1,0,0,1,2,3,0,0,2,1,0,0,0,0,0,0,0,0,0,No,0,1,0,1,0,0,MELB_URBAN,MELB_URBAN,GLEN EIRA,METROPOLITAN SOUTH EAST REGION,,,Local Road,Local Road,Undivided,Undiv,Metro
3402864,T20130016000,ABS to receive accident,Finished,3/8/2013,15.00.00,Yes,Collision with vehicle,Saturday,REAR END(VEHICLES IN SAME LANE),No,Day,Yes,T intersection,Other injury accident,50 km/hr,No,29902,144.91671,-37.68482,Intersection,HUME,METROPOLITAN NORTH WEST REGION,2492654.015,2424002.491,3,1,0,0,1,2,2,1,0,1,2,0,0,0,0,0,0,0,0,1,No,0,2,0,2,0,0,MELB_URBAN,MELB_URBAN,HUME,METROPOLITAN NORTH WEST REGION,,,Arterial Other,Arterial Other,Divided,"Div,Undiv",Metro
3402865,T20130016002,ABS to receive accident,Finished,3/8/2013,13.20.00,No,Collision with vehicle,Saturday,HEAD ON (NOT OVERTAKING),No,Day,Yes,T intersection,Other injury accident,60 km/hr,No,45417,144.92569,-37.76261,Intersection,MOONEE VALLEY,METROPOLITAN NORTH WEST REGION,2493452.575,2415369.479,4,2,0,0,2,2,3,1,0,1,3,0,0,0,0,0,0,0,0,0,No,0,4,0,4,0,0,MELB_URBAN,MELB_URBAN,MOONEE VALLEY,METROPOLITAN NORTH WEST REGION,,,Arterial Other,"Arterial Other,Local Road",Undivided,Undiv,Metro
3402866,T20130016003,ABS to receive accident,Finished,2/8/2013,17.10.00,Yes,Collision with vehicle,Friday,RIGHT NEAR (INTERSECTIONS ONLY),No,Dusk/Dawn,Yes,T intersection,Other injury accident,60 km/hr,No,55017,145.02117,-37.73522,Intersection,DAREBIN,METROPOLITAN NORTH WEST REGION,2501865.92,2418412.007,2,1,0,0,1,1,1,1,0,0,2,0,0,0,0,0,0,0,0,1,No,0,2,0,2,0,0,MELB_URBAN,MELB_URBAN,DAREBIN,METROPOLITAN NORTH WEST REGION,,,Local Road,Local Road,Undivided,Undiv,Metro
3402867,T20130016004,ABS to receive accident,Finished,3/8/2013,15.03.00,Yes,Collision with vehicle,Saturday,RIGHT THROUGH,No,Day,Yes,Cross intersection,Other injury accident,60 km/hr,No,36160,145.12014,-38.14534,Intersection,FRANKSTON,METROPOLITAN SOUTH EAST REGION,2510531.425,2372885.062,3,1,0,0,1,2,1,2,0,1,2,0,0,0,0,0,0,0,0,1,No,0,2,0,2,0,0,MELB_URBAN,MELB_URBAN,FRANKSTON,METROPOLITAN SOUTH EAST REGION,,,Arterial Highway,"Arterial Highway,Arterial Other",Divided,Div,Metro
3402868,T20130016005,ABS to receive accident,Finished,3/8/2013,13.20.00,No,Collision with vehicle,Saturday,VEHICLE COLLIDES WITH VEHICLE PARKED ON LEFT OF ROAD,No,Day,Yes,Not at intersection,Serious injury accident,60 km/hr,No,262577,145.01234,-37.78419,Non-Intersection,DAREBIN,METROPOLITAN NORTH WEST REGION,2501086.937,2412977.234,2,2,0,1,1,0,1,1,0,1,1,0,0,0,0,0,0,0,0,0,No,0,3,0,3,0,0,MELB_URBAN,MELB_URBAN,"YARRA,DAREBIN",METROPOLITAN NORTH WEST REGION,,,Arterial Other,Arterial Other,Divided,Div,Metro
3402869,T20130016007,ABS to receive accident,Finished,2/8/2013,19.30.00,Yes,Collision with vehicle,Friday,RIGHT REAR.,No,Dark Street lights off,Yes,Not at intersection,Serious injury accident,50 km/hr,No,263924,142.15318,-34.18459,Non-Intersection,MILDURA,WESTERN REGION,2237333.704,2808523.684,2,2,0,1,1,0,1,1,0,0,2,0,0,0,0,0,0,0,0,0,No,0,2,0,2,0,0,SMALL_CITIES,SMALL_CITIES,MILDURA,WESTERN REGION,,,Local Road,Local Road,Divided,Div,Country
3402870,T20130016008,ABS to receive accident,Finished,3/8/2013,16.50.00,Yes,Struck Pedestrian,Saturday,FAR SIDE. PED HIT BY VEHICLE FROM THE LEFT,No,Dusk/Dawn,Yes,Not at intersection,Other injury accident,50 km/hr,No,262578,144.99722,-37.85187,Non-Intersection,STONNINGTON,METROPOLITAN SOUTH EAST REGION,2499755.448,2405465.528,2,1,0,0,1,1,2,0,0,0,1,1,0,0,0,1,0,0,0,1,No,0,1,0,1,0,0,MELB_URBAN,MELB_URBAN,STONNINGTON,METROPOLITAN SOUTH EAST REGION,,,Local Road,Local Road,Undivided,Undiv,Metro
3402871,T20130016009,ABS to receive accident,Finished,3/8/2013,17.00.00,Yes,Collision with vehicle,Saturday,CROSS TRAFFIC(INTERSECTIONS ONLY),No,Dark Street lights on,Yes,Cross intersection,Other injury accident,50 km/hr,No,67568,145.03769,-37.85914,Intersection,STONNINGTON,METROPOLITAN SOUTH EAST REGION,2503316.221,2404657.888,2,1,0,0,1,1,1,1,0,0,2,0,0,0,0,0,0,0,0,1,No,0,2,0,2,0,0,MELB_URBAN,MELB_URBAN,STONNINGTON,METROPOLITAN SOUTH EAST REGION,,,Local Road,Local Road,Undivided,Undiv,Metro
3402872,T20130016010,ABS to receive accident,Finished,3/8/2013,11.30.00,No,Vehicle overturned (no collision),Saturday,OFF CARRIAGEWAY TO RIGHT,No,Day,Yes,Not at intersection,Serious injury accident,110 km/hr,Yes,262922,142.58833,-35.03842,Non-Intersection,MILDURA,WESTERN REGION,2279875.292,2714876.83,2,2,0,1,1,0,2,0,0,1,1,0,0,0,0,0,0,0,1,0,No,0,1,0,1,0,0,RURAL_VICTORIA,RURAL_VICTORIA,MILDURA,WESTERN REGION,B,B,Arterial Highway,Arterial Highway,Undivided,Undiv,Country
3402873,T20130016016,ABS to receive accident,Finished,3/8/2013,17.58.00,Yes,Collision with vehicle,Saturday,HEAD ON (NOT OVERTAKING),No,Dark Street lights on,Yes,Not at intersection,Other injury accident,60 km/hr,No,262579,144.94964,-37.77124,Non-Intersection,MORELAND,METROPOLITAN NORTH WEST REGION,2495563.619,2414413.22,2,1,0,0,1,1,1,0,0,0,1,0,0,1,0,0,0,0,0,0,No,0,2,0,0,1,0,MELB_URBAN,MELB_URBAN,MORELAND,METROPOLITAN NORTH WEST REGION,,,Arterial Other,Arterial Other,Undivided,Undiv,Metro
3402874,T20130016017,ABS to receive accident,Finished,1/8/2013,08.00.00,No,Collision with vehicle,Wednesday,REAR END(VEHICLES IN SAME LANE),No,Day,No,T intersection,Other injury accident,80 km/hr,No,29660,145.09814,-37.89614,Non-Intersection,MONASH,METROPOLITAN SOUTH EAST REGION,2508631.76,2400547.563,3,1,0,0,1,2,3,0,0,0,3,0,0,0,0,0,0,0,0,0,No,0,3,0,3,0,0,MELB_URBAN,MELB_URBAN,MONASH,METROPOLITAN SOUTH EAST REGION,,,,,,,Metro
3402875,T20130016019,ABS to receive accident,Finished,2/8/2013,22.00.00,Yes,Collision with a fixed object,Friday,RIGHT OFF CARRIAGEWAY INTO OBJECT/PARKED VEHICLE,No,Dark No street lights,Yes,Not at intersection,Other injury accident,100 km/hr,Yes,262574,146.48019,-36.04837,Non-Intersection,INDIGO,NORTH EASTERN REGION,2633370.696,2604553.15,1,1,0,0,1,0,0,1,0,0,1,0,0,0,0,0,0,0,0,0,No,0,1,0,1,0,0,RURAL_VICTORIA,RURAL_VICTORIA,INDIGO,NORTH EASTERN REGION,,,Local Road,Local Road,Undivided,Undiv,Country
3402876,T20130016020,ABS to receive accident,Finished,3/8/2013,16.50.00,Yes,Collision with vehicle,Saturday,RIGHT THROUGH,No,Dusk/Dawn,Yes,Cross intersection,Other injury accident,60 km/hr,No,39273,145.11503,-37.81689,Intersection,WHITEHORSE,METROPOLITAN SOUTH EAST REGION,2510127.89,2409341.351,5,1,0,0,1,4,2,3,0,3,2,0,0,0,0,0,0,0,0,0,No,0,2,0,2,0,0,MELB_URBAN,MELB_URBAN,WHITEHORSE,METROPOLITAN SOUTH EAST REGION,,,Arterial Highway,"Arterial Highway,Arterial Other",Divided,Div,Metro
3402877,T20130016021,ABS to receive accident,Finished,3/8/2013,17.06.00,Yes,Collision with a fixed object,Saturday,OFF RIGHT BEND INTO OBJECT/PARKED VEHICLE,No,Dusk/Dawn,Yes,T intersection,Other injury accident,50 km/hr,Yes,262260,144.89577,-37.68676,Intersection,HUME,METROPOLITAN NORTH WEST REGION,2490807.236,2423785.203,1,1,0,0,1,0,1,0,0,0,1,0,0,0,0,0,0,0,0,0,Yes,0,1,0,1,0,0,MELB_URBAN,MELB_URBAN,HUME,METROPOLITAN NORTH WEST REGION,,,Local Road,Local Road,Undivided,Undiv,Metro
3402878,T20130016023,ABS to receive accident,Finished,3/8/2013,18.03.00,Yes,Collision with vehicle,Saturday,REAR END(VEHICLES IN SAME LANE),No,Dark Street lights on,Yes,T intersection,Other injury accident,60 km/hr,No,40574,145.09409,-37.85898,Intersection,BOROONDARA,METROPOLITAN SOUTH EAST REGION,2508279.628,2404672.306,7,4,0,0,4,3,4,3,0,4,3,0,0,0,0,0,0,0,0,0,No,0,3,0,3,0,0,MELB_URBAN,MELB_URBAN,"MONASH,BOROONDARA",METROPOLITAN SOUTH EAST REGION,,,Arterial Highway,"Arterial Highway,Local Road",Undivided,Undiv,Metro
3402879,T20130016026,ABS to receive accident,Finished,3/8/2013,18.26.00,Yes,Collision with vehicle,Saturday,RIGHT THROUGH,No,Dark Street lights on,Yes,T intersection,Serious injury accident,60 km/hr,No,39539,145.18925,-37.80405,Intersection,MANNINGHAM,METROPOLITAN SOUTH EAST REGION,2516665.865,2410756.472,2,1,0,1,0,1,2,0,0,0,1,0,0,1,0,0,0,0,0,1,No,0,2,0,1,1,0,MELB_URBAN,MELB_URBAN,"WHITEHORSE,MANNINGHAM",METROPOLITAN SOUTH EAST REGION,,,Arterial Other,"Arterial Other,Local Road",Divided,"Div,Undiv",Metro
3402880,T20130016028,ABS to receive accident,Finished,3/8/2013,16.20.00,Yes,Collision with vehicle,Saturday,CROSS TRAFFIC(INTERSECTIONS ONLY),No,Day,Yes,Cross intersection,Other injury accident,60 km/hr,No,42394,145.1163,-37.94294,Intersection,KINGSTON,METROPOLITAN SOUTH EAST REGION,2510222.84,2395351.235,5,1,0,0,1,4,2,3,0,3,2,0,0,0,0,0,0,0,0,1,No,0,2,0,2,0,0,MELB_URBAN,MELB_URBAN,KINGSTON,METROPOLITAN SOUTH EAST REGION,,,Arterial Other,"Arterial Other,Local Road",Undivided,Undiv,Metro