OBJECTID,ACCIDENT_NO,ABS_CODE,ACCIDENT_STATUS,ACCIDENT_DATE,ACCIDENT_TIME,ALCOHOLTIME,ACCIDENT_TYPE,DAY_OF_WEEK,DCA_CODE,HIT_RUN_FLAG,LIGHT_CONDITION,POLICE_ATTEND,ROAD_GEOMETRY,SEVERITY,SPEED_ZONE,RUN_OFFROAD,NODE_ID,LONGITUDE,LATITUDE,NODE_TYPE,LGA_NAME,REGION_NAME,VICGRID_X,VICGRID_Y,TOTAL_PERSONS,INJ_OR_FATAL,FATALITY,SERIOUSINJURY,OTHERINJURY,NONINJURED,MALES,FEMALES,BICYCLIST,PASSENGER,DRIVER,PEDESTRIAN,PILLION,MOTORIST,UNKNOWN,PED_CYCLIST_5_12,PED_CYCLIST_13_18,OLD_PEDESTRIAN,OLD_DRIVER,YOUNG_DRIVER,ALCOHOL_RELATED,UNLICENCSED,NO_OF_VEHICLES,HEAVYVEHICLE,PASSENGERVEHICLE,MOTORCYCLE,PUBLICVEHICLE,DEG_URBAN_NAME,DEG_URBAN_ALL,LGA_NAME_ALL,REGION_NAME_ALL,SRNS,SRNS_ALL,RMA,RMA_ALL,DIVIDED,DIVIDED_ALL,STAT_DIV_NAME
3402881,T20130016029,ABS to receive accident,Finished,3/8/2013,18.00.00,Yes,Struck Pedestrian,Saturday,PED NEAR SIDE. PED HIT BY VEHICLE FROM THE RIGHT.,No,Dusk/Dawn,Yes,Cross intersection,Other injury accident,40 km/hr,No,37719,144.99562,-37.8395,Intersection,STONNINGTON,METROPOLITAN SOUTH EAST REGION,2499614.094,2406838.272,2,1,0,0,1,1,0,2,0,0,1,1,0,0,0,0,0,0,0,0,No,0,1,0,1,0,0,MELB_URBAN,MELB_URBAN,STONNINGTON,METROPOLITAN SOUTH EAST REGION,,,Arterial Other,"Arterial Other,Local Road",Undivided,Undiv,Metro
3402882,T20130016030,ABS to receive accident,Finished,3/8/2013,17.15.00,Yes,Collision with vehicle,Saturday,RIGHT THROUGH,No,Day,Yes,T intersection,Other injury accident,60 km/hr,No,48185,144.87756,-37.76893,Intersection,MARIBYRNONG,METROPOLITAN NORTH WEST REGION,2489212.746,2414663.787,4,2,0,0,2,2,2,2,0,2,2,0,0,0,0,0,0,0,0,2,No,0,2,0,2,0,0,MELB_URBAN,MELB_URBAN,MARIBYRNONG,METROPOLITAN NORTH WEST REGION,,,Arterial Other,"Arterial Other,Local Road",Divided,"Div,Undiv",Metro
3402883,T20130016031,ABS to receive accident,Finished,3/8/2013,20.46.00,Yes,Collision with vehicle,Saturday,REAR END(VEHICLES IN SAME LANE),Not known,Dark Street lights on,Yes,Not at intersection,Other injury accident,40 km/hr,No,262580,144.97292,-37.80955,Non-Intersection,MELBOURNE,METROPOLITAN NORTH WEST REGION,2497615.553,2410162.209,3,3,0,0,3,0,2,1,0,1,2,0,0,0,0,0,0,0,0,0,No,0,2,0,2,0,0,MELB_URBAN,MELB_URBAN,MELBOURNE,METROPOLITAN NORTH WEST REGION,,,Local Road,Local Road,Undivided,Undiv,Metro
3402884,T20130016032,ABS to receive accident,Finished,3/8/2013,19.50.00,Yes,No collision and no object struck,Saturday,OUT OF CONTROL ON CARRIAGEWAY (ON STRAIGHT),No,Dark Street lights on,Yes,Not at intersection,Other injury accident,50 km/hr,No,262654,144.97698,-37.80711,Non-Intersection,YARRA,METROPOLITAN NORTH WEST REGION,2497973.212,2410433.083,1,1,0,0,1,0,1,0,0,0,0,0,0,1,0,0,0,0,0,0,No,0,1,0,0,1,0,MELB_URBAN,MELB_URBAN,YARRA,METROPOLITAN NORTH WEST REGION,,,Local Road,Local Road,Undivided,Undiv,Metro
3402885,T20130016035,ABS to receive accident,Finished,3/8/2013,22.07.00,Yes,Collision with a fixed object,Saturday,OFF RIGHT BEND INTO OBJECT/PARKED VEHICLE,No,Dark Street lights on,Yes,Not at intersection,Other injury accident,50 km/hr,Yes,263285,144.79096,-37.70916,Non-Intersection,BRIMBANK,METROPOLITAN NORTH WEST REGION,2481568.627,2421284.085,1,1,0,0,1,0,1,0,0,0,1,0,0,0,0,0,0,0,0,0,Yes,0,1,0,1,0,0,MELB_URBAN,MELB_URBAN,BRIMBANK,METROPOLITAN NORTH WEST REGION,,,Local Road,Local Road,Undivided,Undiv,Metro
3402886,T20130016036,ABS to receive accident,Finished,2/8/2013,06.48.00,No,Collision with vehicle,Thursday,LANE SIDE SWIPE (VEHICLES IN PARALLEL LANES),No,Dark Street lights on,Yes,Not at intersection,Other injury accident,70 km/hr,No,262575,145.12548,-38.09176,Non-Intersection,FRANKSTON,METROPOLITAN SOUTH EAST REGION,2511007.48,2378831.642,3,1,0,0,1,2,3,0,2,0,1,0,0,0,0,0,0,0,0,1,No,0,3,0,1,0,0,MELB_URBAN,MELB_URBAN,FRANKSTON,METROPOLITAN SOUTH EAST REGION,,,Arterial Highway,Arterial Highway,Undivided,Undiv,Metro
3402887,T20130016037,ABS to receive accident,Finished,30/7/2013,13.05.00,No,Struck Pedestrian,Tuesday,PED NEAR SIDE. PED HIT BY VEHICLE FROM THE RIGHT.,No,Day,No,Cross intersection,Other injury accident,60 km/hr,No,41275,145.02197,-37.8869,Intersection,GLEN EIRA,METROPOLITAN SOUTH EAST REGION,2501932.484,2401577.405,2,2,0,0,2,0,1,1,0,0,1,1,0,0,0,0,0,0,0,0,No,0,1,0,1,0,0,MELB_URBAN,MELB_URBAN,GLEN EIRA,METROPOLITAN SOUTH EAST REGION,,,Arterial Other,"Arterial Other,Local Road",Undivided,Undiv,Metro
3402888,T20130016396,ABS to receive accident,Finished,8/8/2013,14.25.00,No,Collision with a fixed object,Thursday,RIGHT OFF CARRIAGEWAY INTO OBJECT/PARKED VEHICLE,No,Day,Yes,Not at intersection,Other injury accident,50 km/hr,Yes,262694,144.83452,-37.76283,Non-Intersection,BRIMBANK,METROPOLITAN NORTH WEST REGION,2485419.72,2415335.041,1,1,0,0,1,0,1,0,0,0,1,0,0,0,0,0,0,0,0,0,No,0,1,0,1,0,0,MELB_URBAN,MELB_URBAN,BRIMBANK,METROPOLITAN NORTH WEST REGION,,,Local Road,Local Road,Undivided,Undiv,Metro
3402889,T20130016401,ABS to receive accident,Finished,9/8/2013,07.00.00,No,Collision with vehicle,Friday,VEHICLE STRIKES ANOTHER VEH WHILE EMERGING FROM DRIVEWAY,No,Dark Street lights off,Yes,Not at intersection,Serious injury accident,70 km/hr,No,262923,145.27103,-37.83549,Non-Intersection,MAROONDAH,METROPOLITAN SOUTH EAST REGION,2523856.981,2407249.5,2,1,0,1,0,1,2,0,0,0,1,0,0,1,0,0,0,0,0,0,No,0,2,1,0,1,0,MELB_URBAN,MELB_URBAN,MAROONDAH,METROPOLITAN SOUTH EAST REGION,,,Arterial Other,Arterial Other,Divided,Div,Metro
3402890,T20130016402,ABS to receive accident,Finished,9/8/2013,09.15.00,No,Collision with vehicle,Friday,RIGHT THROUGH,No,Day,Yes,T intersection,Other injury accident,60 km/hr,No,44907,144.77461,-37.77123,Intersection,BRIMBANK,METROPOLITAN NORTH WEST REGION,2480143.386,2414392.055,4,1,0,0,1,3,2,2,0,1,3,0,0,0,0,0,0,0,1,0,No,0,3,0,3,0,0,MELB_URBAN,MELB_URBAN,BRIMBANK,METROPOLITAN NORTH WEST REGION,,,Arterial Other,"Arterial Other,Local Road",Divided,"Div,Undiv",Metro
3402891,T20130016404,ABS to receive accident,Finished,8/8/2013,19.45.00,Yes,Collision with vehicle,Thursday,RIGHT FAR (INTERSECTIONS ONLY),No,Dark Street lights unknown,No,Cross intersection,Other injury accident,50 km/hr,No,64112,144.84144,-37.7729,Intersection,BRIMBANK,METROPOLITAN NORTH WEST REGION,2486031.522,2414218.962,3,1,0,0,1,2,1,2,0,1,2,0,0,0,0,0,0,0,0,0,No,0,2,0,2,0,0,MELB_URBAN,MELB_URBAN,BRIMBANK,METROPOLITAN NORTH WEST REGION,,,Local Road,Local Road,Undivided,Undiv,Metro
3402892,T20130016406,ABS to receive accident,Finished,8/8/2013,16.00.00,No,Collision with vehicle,Thursday,VEHICLE OFF FOOTPATH STRIKES VEH ON CARRIAGEWAY,No,Day,No,Cross intersection,Other injury accident,80 km/hr,No,35531,145.21335,-37.83233,Intersection,MAROONDAH,METROPOLITAN SOUTH EAST REGION,2518780.845,2407613.312,2,1,0,0,1,1,1,1,1,0,1,0,0,0,0,1,0,0,0,0,No,0,2,0,1,0,0,MELB_URBAN,MELB_URBAN,"WHITEHORSE,MAROONDAH",METROPOLITAN SOUTH EAST REGION,,,Arterial Other,"Arterial Other,Local Road",Divided,"Div,Undiv",Metro
3402893,T20130016410,ABS to receive accident,Finished,8/8/2013,07.09.00,No,Collision with vehicle,Thursday,RIGHT FAR (INTERSECTIONS ONLY),No,Dusk/Dawn,No,Cross intersection,Other injury accident,60 km/hr,No,57562,145.32933,-37.903,Intersection,YARRA RANGES,METROPOLITAN SOUTH EAST REGION,2528962.964,2399740.195,2,1,0,0,1,1,1,1,1,0,1,0,0,0,0,0,0,0,0,0,No,0,2,0,1,0,0,MELB_URBAN,MELB_URBAN,YARRA RANGES,METROPOLITAN SOUTH EAST REGION,,,Local Road,Local Road,Undivided,Undiv,Metro
3402894,T20130016412,ABS to receive accident,Finished,9/8/2013,12.10.00,No,Collision with vehicle,Friday,CROSS TRAFFIC(INTERSECTIONS ONLY),No,Day,Yes,Cross intersection,Other injury accident,100 km/hr,No,50475,142.09655,-34.26417,Intersection,MILDURA,WESTERN REGION,2232380.361,2799532.871,4,1,0,0,1,3,2,2,0,2,2,0,0,0,0,0,0,0,0,1,No,0,2,1,1,0,0,RURAL_VICTORIA,RURAL_VICTORIA,MILDURA,WESTERN REGION,,,Local Road,Local Road,Undivided,Undiv,Country
3402895,T20130016413,ABS to receive accident,Finished,9/8/2013,13.10.00,No,Struck Pedestrian,Friday,PED NEAR SIDE. PED HIT BY VEHICLE FROM THE RIGHT.,No,Day,Yes,Not at intersection,Serious injury accident,50 km/hr,No,262531,144.24417,-36.79582,Non-Intersection,BENDIGO,NORTHERN REGION,2432553.525,2522387.863,3,1,0,1,0,2,2,1,0,1,1,1,0,0,0,0,0,0,0,1,No,0,1,1,0,0,0,LARGE_PROVINCIAL_CITIES,LARGE_PROVINCIAL_CITIES,BENDIGO,NORTHERN REGION,A,A,Arterial Highway,Arterial Highway,Divided,Div,Country
3402896,T20130016417,ABS to receive accident,Finished,9/8/2013,12.28.00,No,Collision with vehicle,Friday,CROSS TRAFFIC(INTERSECTIONS ONLY),No,Day,Yes,Cross intersection,Other injury accident,60 km/hr,No,53206,143.8445,-37.56027,Intersection,BALLARAT,WESTERN REGION,2397919.698,2437209.098,2,1,0,0,1,1,2,0,0,0,2,0,0,0,0,0,0,0,1,0,No,0,2,0,2,0,0,LARGE_PROVINCIAL_CITIES,LARGE_PROVINCIAL_CITIES,BALLARAT,WESTERN REGION,C,C,Arterial Other,"Arterial Other,Local Road",Divided,"Div,Undiv",Country
3402897,T20130016422,ABS to receive accident,Finished,9/8/2013,08.22.00,No,Collision with vehicle,Friday,RIGHT THROUGH,No,Day,Yes,T intersection,Other injury accident,70 km/hr,No,42353,145.09654,-37.94704,Intersection,KINGSTON,METROPOLITAN SOUTH EAST REGION,2508485.114,2394898.351,3,1,0,0,1,2,3,0,0,1,2,0,0,0,0,0,0,0,0,2,No,0,2,0,2,0,0,MELB_URBAN,MELB_URBAN,KINGSTON,METROPOLITAN SOUTH EAST REGION,,,Arterial Other,Arterial Other,Undivided,Undiv,Metro
3402898,T20130016423,ABS to receive accident,Finished,5/8/2013,16.15.00,No,Collision with vehicle,Monday,RIGHT NEAR (INTERSECTIONS ONLY),No,Day,Yes,T intersection,Other injury accident,70 km/hr,No,42193,145.04319,-37.93399,Intersection,GLEN EIRA,METROPOLITAN SOUTH EAST REGION,2503796.381,2396350.364,2,1,0,0,1,1,0,2,0,0,2,0,0,0,0,0,0,0,0,1,No,0,2,0,2,0,0,MELB_URBAN,MELB_URBAN,GLEN EIRA,METROPOLITAN SOUTH EAST REGION,,,Arterial Other,"Arterial Other,Local Road",Divided,"Div,Undiv",Metro
3402899,T20130016424,ABS to receive accident,Finished,9/8/2013,12.19.00,No,No collision and no object struck,Friday,OUT OF CONTROL ON CARRIAGEWAY (ON STRAIGHT),No,Day,Yes,T intersection,Other injury accident,60 km/hr,No,35626,145.08789,-38.00843,Intersection,KINGSTON,METROPOLITAN SOUTH EAST REGION,2507718.809,2388085.18,1,1,0,0,1,0,1,0,0,0,0,0,0,1,0,0,0,0,0,0,No,0,1,0,0,1,0,MELB_URBAN,MELB_URBAN,KINGSTON,METROPOLITAN SOUTH EAST REGION,,,Arterial Highway,"Arterial Highway,Arterial Other",Undivided,Undiv,Metro
3402900,T20130016427,ABS to receive accident,Finished,9/8/2013,12.03.00,No,Collision with vehicle,Friday,VEHICLE OFF FOOTPATH STRIKES VEH ON CARRIAGEWAY,No,Day,Yes,Not at intersection,Serious injury accident,50 km/hr,No,263520,144.95814,-37.77779,Non-Intersection,MELBOURNE,METROPOLITAN NORTH WEST REGION,2496312.435,2413686.316,2,1,0,1,0,1,1,1,1,0,1,0,0,0,0,0,0,0,0,0,No,0,2,0,1,0,0,MELB_URBAN,MELB_URBAN,"MORELAND,MELBOURNE",METROPOLITAN NORTH WEST REGION,,,Local Road,Local Road,Divided,Div,Metro
3402901,T20130016227,ABS to receive accident,Finished,6/8/2013,12.00.00,No,Collision with a fixed object,Tuesday,OTHER ACCIDENTS-OFF STRAIGHT NOT INCLUDED IN DCAs 170-175,No,Day,No,Not at intersection,Serious injury accident,60 km/hr,No,262615,145.7114,-37.35327,Non-Intersection,MURRINDINDI,NORTH EASTERN REGION,2563019.794,2460564.216,1,1,0,1,0,0,1,0,0,0,0,0,0,1,0,0,0,0,0,0,No,0,1,0,0,1,0,RURAL_VICTORIA,RURAL_VICTORIA,"MURRINDINDI,MURRINDINDI",NORTH EASTERN REGION,,,Local Road,Local Road,Undivided,Undiv,Country
3402902,T20130016228,ABS to receive accident,Finished,6/8/2013,11.40.00,No,Collision with a fixed object,Tuesday,OFF LEFT BEND INTO OBJECT/PARKED VEHICLE,No,Day,Yes,Not at intersection,Serious injury accident,80 km/hr,Yes,263189,143.68756,-38.50921,Non-Intersection,COLAC OTWAY,SOUTH WESTERN REGION,2385507.857,2331706.875,4,2,0,1,1,2,2,2,0,3,1,0,0,0,0,0,0,0,0,0,No,0,1,0,1,0,0,RURAL_VICTORIA,RURAL_VICTORIA,COLAC OTWAY,SOUTH WESTERN REGION,C,C,Arterial Other,Arterial Other,Undivided,Undiv,Country
3402903,T20130016229,ABS to receive accident,Finished,6/8/2013,15.55.00,No,Collision with vehicle,Tuesday,RIGHT THROUGH,No,Day,Yes,T intersection,Serious injury accident,80 km/hr,No,891,145.21705,-38.00607,Intersection,DANDENONG,METROPOLITAN SOUTH EAST REGION,2519062.276,2388328.323,3,1,0,1,0,2,1,2,0,1,2,0,0,0,0,0,0,0,1,1,No,1,2,0,2,0,0,MELB_URBAN,MELB_URBAN,DANDENONG,METROPOLITAN SOUTH EAST REGION,,,Arterial Highway,"Arterial Highway,Local Road",Divided,"Div,Undiv",Metro
3402904,T20130016230,ABS to receive accident,Finished,6/8/2013,15.35.00,No,Collision with vehicle,Tuesday,VEHICLE STRIKES ANOTHER VEH WHILE EMERGING FROM DRIVEWAY,No,Day,Yes,T intersection,Serious injury accident,60 km/hr,No,54274,145.33211,-37.80998,Intersection,YARRA RANGES,METROPOLITAN SOUTH EAST REGION,2529243.538,2410063.578,2,1,0,1,0,1,0,2,0,0,2,0,0,0,0,0,0,0,1,1,No,0,2,0,2,0,0,MELB_URBAN,MELB_URBAN,YARRA RANGES,METROPOLITAN SOUTH EAST REGION,,,Arterial Other,"Arterial Other,Local Road",Undivided,Undiv,Metro
3402905,T20130016233,ABS to receive accident,Finished,6/8/2013,18.00.00,Yes,Collision with vehicle,Tuesday,VEHICLE OFF FOOTPATH STRIKES VEH ON CARRIAGEWAY,No,Dark Street lights on,Yes,Cross intersection,Serious injury accident,50 km/hr,No,50611,143.58711,-38.34089,Intersection,COLAC OTWAY,SOUTH WESTERN REGION,2376468.648,2350267.109,2,1,0,1,0,1,1,1,1,0,1,0,0,0,0,0,1,0,0,0,No,0,2,0,1,0,0,SMALL_CITIES,SMALL_CITIES,COLAC OTWAY,SOUTH WESTERN REGION,,,Local Road,Local Road,Divided,"Div,Undiv",Country
3402906,T20130016234,ABS to receive accident,Finished,6/8/2013,17.55.00,No,Collision with vehicle,Tuesday,RIGHT THROUGH,No,Dark Street lights on,Yes,Cross intersection,Other injury accident,60 km/hr,No,83,144.95847,-37.80404,Intersection,MELBOURNE,METROPOLITAN NORTH WEST REGION,2496342.73,2410773.367,3,1,0,0,1,2,0,2,1,1,1,0,0,0,0,0,0,0,0,1,No,0,2,0,1,0,0,MELB_URBAN,MELB_URBAN,MELBOURNE,METROPOLITAN NORTH WEST REGION,,,Arterial Other,"Arterial Other,Local Road",Divided,"Div,Undiv",Metro
3402907,T20130016235,ABS to receive accident,Finished,6/8/2013,15.22.00,No,Struck Pedestrian,Tuesday,FAR SIDE. PED HIT BY VEHICLE FROM THE LEFT,No,Day,Yes,Not at intersection,Serious injury accident,60 km/hr,No,262442,145.06309,-37.66761,Non-Intersection,WHITTLESEA,METROPOLITAN NORTH WEST REGION,2505565.667,2425913.962,2,1,0,1,0,1,0,2,0,0,1,1,0,0,0,0,1,0,0,1,No,0,1,0,1,0,0,MELB_URBAN,MELB_URBAN,WHITTLESEA,METROPOLITAN NORTH WEST REGION,,,Local Road,Local Road,Undivided,Undiv,Metro
3402908,T20130016238,ABS to receive accident,Finished,6/8/2013,06.20.00,No,Collision with vehicle,Tuesday,LEFT TURN SIDESWIPE,No,Dark Street lights unknown,No,Not at intersection,Other injury accident,60 km/hr,No,263307,144.91523,-37.75143,Non-Intersection,MOONEE VALLEY,METROPOLITAN NORTH WEST REGION,2492530.02,2416609.8,2,1,0,0,1,1,2,0,1,0,1,0,0,0,0,0,0,0,0,0,No,0,2,0,1,0,0,MELB_URBAN,MELB_URBAN,MOONEE VALLEY,METROPOLITAN NORTH WEST REGION,,,Arterial Other,Arterial Other,Divided,Div,Metro
3402909,T20130016239,ABS to receive accident,Finished,3/8/2013,18.00.00,Yes,Collision with vehicle,Friday,LANE SIDE SWIPE (VEHICLES IN PARALLEL LANES),No,Dark Street lights unknown,No,Cross intersection,Other injury accident,60 km/hr,No,36222,144.9583,-37.79372,Intersection,MELBOURNE,METROPOLITAN NORTH WEST REGION,2496326.95,2411918.462,3,1,0,0,1,2,2,1,2,0,1,0,0,0,0,0,0,0,0,0,No,0,3,0,1,0,0,MELB_URBAN,MELB_URBAN,MELBOURNE,METROPOLITAN NORTH WEST REGION,,,Arterial Other,"Arterial Other,Local Road",Divided,"Div,Undiv",Metro
3402910,T20130016240,ABS to receive accident,Finished,6/8/2013,16.20.00,No,Collision with vehicle,Monday,LANE SIDE SWIPE (VEHICLES IN PARALLEL LANES),Yes,Dusk/Dawn,No,Not at intersection,Other injury accident,Not known,No,262616,145.14945,-37.72682,Non-Intersection,NILLUMBIK,METROPOLITAN NORTH WEST REGION,2513174.074,2419334.187,2,1,0,0,1,1,1,0,1,0,1,0,0,0,0,0,0,0,0,0,No,0,2,0,1,0,0,MELB_URBAN,MELB_URBAN,NILLUMBIK,METROPOLITAN NORTH WEST REGION,,,Local Road,Local Road,Undivided,Undiv,Metro
3402911,T20130016241,ABS to receive accident,Finished,6/8/2013,18.54.00,Yes,Collision with vehicle,Tuesday,RIGHT FAR (INTERSECTIONS ONLY),No,Dark Street lights on,Yes,Multiple intersection,Serious injury accident,60 km/hr,No,44208,145.00788,-37.71431,Non-Intersection,DAREBIN,METROPOLITAN NORTH WEST REGION,2500694.744,2420732.731,3,1,0,1,0,2,0,3,0,1,1,0,0,1,0,0,0,0,0,1,No,0,2,0,1,1,0,MELB_URBAN,MELB_URBAN,DAREBIN,METROPOLITAN NORTH WEST REGION,,,,,,,Metro
3402912,T20130016247,ABS to receive accident,Finished,6/8/2013,21.30.00,Yes,Collision with vehicle,Tuesday,RIGHT THROUGH,No,Dark Street lights on,Yes,Cross intersection,Serious injury accident,80 km/hr,No,221931,144.83273,-37.75158,Intersection,BRIMBANK,METROPOLITAN NORTH WEST REGION,2485260.022,2416583.844,6,2,0,2,0,4,2,4,0,3,3,0,0,0,0,0,0,0,0,2,No,0,3,0,3,0,0,MELB_URBAN,MELB_URBAN,BRIMBANK,METROPOLITAN NORTH WEST REGION,M,M,Freeway,"Freeway,Arterial Other",Divided,"Div,Undiv",Metro
3402913,T20130016248,ABS to receive accident,Finished,6/8/2013,22.00.00,Yes,Collision with a fixed object,Tuesday,OFF END OF ROAD/T-INTERSECTION.,No,Dark No street lights,No,Dead end,Other injury accident,100 km/hr,No,263153,144.53072,-37.68724,Non-Intersection,MELTON,METROPOLITAN NORTH WEST REGION,2458610.782,2423635.08,2,2,0,0,2,0,0,2,0,1,1,0,0,0,0,0,0,0,0,1,No,0,1,0,1,0,0,SMALL_CITIES,SMALL_CITIES,MELTON,METROPOLITAN NORTH WEST REGION,,,Local Road,Local Road,Undivided,Undiv,Metro
3402914,T20130016252,ABS to receive accident,Finished,6/8/2013,22.05.00,Yes,Struck Pedestrian,Tuesday,FAR SIDE. PED HIT BY VEHICLE FROM THE LEFT,No,Dark Street lights on,Yes,Cross intersection,Serious injury accident,50 km/hr,No,36128,144.95073,-37.80529,Intersection,MELBOURNE,METROPOLITAN NORTH WEST REGION,2495661.41,2410634.02,3,2,0,2,0,1,2,1,0,0,1,2,0,0,0,0,0,0,0,0,No,0,1,0,1,0,0,MELB_URBAN,MELB_URBAN,MELBOURNE,METROPOLITAN NORTH WEST REGION,,,Local Road,Local Road,Divided,"Div,Undiv",Metro
3402915,T20130016253,ABS to receive accident,Finished,7/8/2013,01.30.00,Yes,Collision with a fixed object,Wednesday,LEFT OFF CARRIAGEWAY INTO OBJECT/PARKED VEHICLE,No,Dark No street lights,Yes,Not at intersection,Serious injury accident,100 km/hr,Yes,263011,142.37532,-36.82648,Non-Intersection,HORSHAM,WESTERN REGION,2265907.094,2516026.449,1,1,0,1,0,0,1,0,0,0,1,0,0,0,0,0,0,0,0,1,Yes,0,1,0,1,0,0,RURAL_VICTORIA,RURAL_VICTORIA,HORSHAM,WESTERN REGION,A,A,Arterial Highway,Arterial Highway,Undivided,Undiv,Country
3402916,T20130016255,ABS to receive accident,Finished,3/8/2013,18.45.00,Yes,Collision with vehicle,Saturday,LEFT NEAR (INTERSECTIONS ONLY),No,Dark Street lights on,No,T intersection,Other injury accident,60 km/hr,No,36207,144.95804,-37.79582,Intersection,MELBOURNE,METROPOLITAN NORTH WEST REGION,2496304.297,2411685.909,3,2,0,0,2,1,2,1,2,0,1,0,0,0,0,0,0,0,0,0,No,0,3,0,1,0,0,MELB_URBAN,MELB_URBAN,MELBOURNE,METROPOLITAN NORTH WEST REGION,,,Arterial Other,"Arterial Other,Local Road",Divided,Div,Metro
3402917,T20130016256,ABS to receive accident,Finished,6/8/2013,17.15.00,No,No collision and no object struck,Tuesday,OUT OF CONTROL ON CARRIAGEWAY (ON STRAIGHT),No,Dusk/Dawn,Yes,T intersection,Serious injury accident,80 km/hr,No,264789,145.13414,-37.50988,Intersection,WHITTLESEA,METROPOLITAN NORTH WEST REGION,2511858.717,2443411.566,1,1,0,1,0,0,1,0,0,0,0,0,0,1,0,0,0,0,0,0,No,0,1,0,0,1,0,TOWNS,TOWNS,WHITTLESEA,METROPOLITAN NORTH WEST REGION,C,C,Arterial Other,"Arterial Other,Local Road",Undivided,Undiv,Metro
3402918,T20130016257,ABS to receive accident,Finished,7/8/2013,07.20.00,No,Collision with vehicle,Wednesday,RIGHT NEAR (INTERSECTIONS ONLY),No,Day,Yes,T intersection,Other injury accident,70 km/hr,No,65292,145.29565,-37.80038,Intersection,MAROONDAH,METROPOLITAN SOUTH EAST REGION,2526036.525,2411140.091,2,1,0,0,1,1,0,2,0,0,2,0,0,0,0,0,0,0,0,1,No,0,2,0,2,0,0,MELB_URBAN,MELB_URBAN,MAROONDAH,METROPOLITAN SOUTH EAST REGION,,,Arterial Other,"Arterial Other,Local Road",Divided,"Div,Undiv",Metro
3402919,T20130016259,ABS to receive accident,Finished,7/8/2013,08.35.00,No,Collision with vehicle,Wednesday,U TURN,No,Day,Yes,Not at intersection,Other injury accident,60 km/hr,No,262617,144.93935,-37.84183,Non-Intersection,PORT PHILLIP,METROPOLITAN NORTH WEST REGION,2494661.957,2406578.039,2,1,0,0,1,1,1,1,0,0,1,0,0,1,0,0,0,0,0,0,No,0,2,0,1,1,0,MELB_URBAN,MELB_URBAN,PORT PHILLIP,METROPOLITAN NORTH WEST REGION,,,Arterial Other,Arterial Other,Divided,Div,Metro
3402920,T20130016261,ABS to receive accident,Finished,7/8/2013,08.00.00,No,Collision with vehicle,Wednesday,LEFT TURN SIDESWIPE,No,Day,Yes,T intersection,Serious injury accident,40 km/hr,No,227971,144.96428,-37.75457,Intersection,MORELAND,METROPOLITAN NORTH WEST REGION,2496852.735,2416263.826,2,1,0,1,0,1,1,1,1,0,1,0,0,0,0,0,0,0,0,1,No,0,2,0,1,0,0,MELB_URBAN,MELB_URBAN,MORELAND,METROPOLITAN NORTH WEST REGION,,,Arterial Other,"Arterial Other,Local Road",Undivided,Undiv,Metro
3402921,T20130016262,ABS to receive accident,Finished,30/7/2013,09.00.00,No,Collision with vehicle,Tuesday,REAR END(VEHICLES IN SAME LANE),No,Day,No,Not at intersection,Other injury accident,40 km/hr,No,262772,145.03295,-37.6452,Non-Intersection,WHITTLESEA,METROPOLITAN NORTH WEST REGION,2502907.749,2428402.511,2,1,0,0,1,1,0,2,0,0,2,0,0,0,0,0,0,0,0,0,No,0,2,0,2,0,0,MELB_URBAN,MELB_URBAN,WHITTLESEA,METROPOLITAN NORTH WEST REGION,,,Arterial Other,Arterial Other,Undivided,Undiv,Metro
3402922,T20130016263,ABS to receive accident,Finished,7/8/2013,06.40.00,No,Struck Pedestrian,Wednesday,PED NEAR SIDE. PED HIT BY VEHICLE FROM THE RIGHT.,No,Dusk/Dawn,No,T intersection,Other injury accident,70 km/hr,No,56619,145.28234,-38.10268,Intersection,CASEY,METROPOLITAN SOUTH EAST REGION,2524764.887,2377590.546,2,1,0,0,1,1,2,0,0,0,1,1,0,0,0,0,0,0,0,0,No,0,1,0,1,0,0,MELB_URBAN,MELB_URBAN,CASEY,METROPOLITAN SOUTH EAST REGION,M,M,Arterial Highway,"Arterial Highway,Local Road",Divided,"Div,Undiv",Metro
3402923,T20130016264,ABS to receive accident,Finished,7/8/2013,09.00.00,No,Collision with vehicle,Wednesday,RIGHT NEAR (INTERSECTIONS ONLY),No,Day,Yes,T intersection,Other injury accident,50 km/hr,No,54800,144.83494,-37.7815,Intersection,BRIMBANK,METROPOLITAN NORTH WEST REGION,2485460.316,2413263.615,2,2,0,0,2,0,1,1,0,0,2,0,0,0,0,0,0,0,0,0,No,0,2,0,2,0,0,MELB_URBAN,MELB_URBAN,BRIMBANK,METROPOLITAN NORTH WEST REGION,,,Local Road,Local Road,Undivided,Undiv,Metro