OBJECTID,ACCIDENT_NO,ABS_CODE,ACCIDENT_STATUS,ACCIDENT_DATE,ACCIDENT_TIME,ALCOHOLTIME,ACCIDENT_TYPE,DAY_OF_WEEK,DCA_CODE,HIT_RUN_FLAG,LIGHT_CONDITION,POLICE_ATTEND,ROAD_GEOMETRY,SEVERITY,SPEED_ZONE,RUN_OFFROAD,NODE_ID,LONGITUDE,LATITUDE,NODE_TYPE,LGA_NAME,REGION_NAME,VICGRID_X,VICGRID_Y,TOTAL_PERSONS,INJ_OR_FATAL,FATALITY,SERIOUSINJURY,OTHERINJURY,NONINJURED,MALES,FEMALES,BICYCLIST,PASSENGER,DRIVER,PEDESTRIAN,PILLION,MOTORIST,UNKNOWN,PED_CYCLIST_5_12,PED_CYCLIST_13_18,OLD_PEDESTRIAN,OLD_DRIVER,YOUNG_DRIVER,ALCOHOL_RELATED,UNLICENCSED,NO_OF_VEHICLES,HEAVYVEHICLE,PASSENGERVEHICLE,MOTORCYCLE,PUBLICVEHICLE,DEG_URBAN_NAME,DEG_URBAN_ALL,LGA_NAME_ALL,REGION_NAME_ALL,SRNS,SRNS_ALL,RMA,RMA_ALL,DIVIDED,DIVIDED_ALL,STAT_DIV_NAME
3402924,T20130016267,ABS to receive accident,Finished,7/8/2013,08.15.00,No,Struck Pedestrian,Wednesday,FAR SIDE. PED HIT BY VEHICLE FROM THE LEFT,No,Day,Yes,Not at intersection,Other injury accident,50 km/hr,No,262618,144.2818,-36.76028,Non-Intersection,BENDIGO,NORTHERN REGION,2435881.506,2526357.148,2,1,0,0,1,1,1,1,0,0,1,1,0,0,0,0,0,0,0,0,No,0,1,0,1,0,0,LARGE_PROVINCIAL_CITIES,LARGE_PROVINCIAL_CITIES,BENDIGO,NORTHERN REGION,,,Local Road,Local Road,Divided,Div,Country
3402925,T20130016270,ABS to receive accident,Finished,7/8/2013,07.54.00,No,No collision and no object struck,Wednesday,OUT OF CONTROL ON CARRIAGEWAY (ON STRAIGHT),No,Day,No,T intersection,Serious injury accident,60 km/hr,No,37602,144.98072,-37.83391,Intersection,MELBOURNE,METROPOLITAN NORTH WEST REGION,2498302.642,2407458.647,2,1,0,1,0,1,1,1,1,0,1,0,0,0,0,0,0,0,0,0,No,0,2,0,1,0,0,MELB_URBAN,MELB_URBAN,MELBOURNE,METROPOLITAN NORTH WEST REGION,,,Local Road,Local Road,Undivided,Undiv,Metro
3402926,T20130016271,ABS to receive accident,Finished,1/8/2013,16.50.00,No,Collision with vehicle,Thursday,REAR END(VEHICLES IN SAME LANE),No,Unk.,No,Not at intersection,Other injury accident,60 km/hr,No,262569,144.89296,-37.73757,Non-Intersection,MOONEE VALLEY,METROPOLITAN NORTH WEST REGION,2490565.741,2418146.141,2,1,0,0,1,1,0,2,0,0,2,0,0,0,0,0,0,0,0,1,No,0,2,0,2,0,0,MELB_URBAN,MELB_URBAN,MOONEE VALLEY,METROPOLITAN NORTH WEST REGION,,,Arterial Other,Arterial Other,Undivided,Undiv,Metro
3402927,T20130016275,ABS to receive accident,Finished,7/8/2013,09.20.00,No,Collision with a fixed object,Wednesday,LEFT OFF CARRIAGEWAY INTO OBJECT/PARKED VEHICLE,No,Day,Yes,Not at intersection,Other injury accident,60 km/hr,Yes,278621,144.34536,-36.78186,Non-Intersection,BENDIGO,NORTHERN REGION,2441572.237,2524003.603,1,1,0,0,1,0,1,0,0,0,1,0,0,0,0,0,0,0,0,0,No,0,1,0,1,0,0,LARGE_PROVINCIAL_CITIES,LARGE_PROVINCIAL_CITIES,BENDIGO,NORTHERN REGION,,,Local Road,Local Road,Undivided,Undiv,Country
3402928,T20130016276,ABS to receive accident,Finished,7/8/2013,08.17.00,No,Collision with vehicle,Wednesday,CROSS TRAFFIC(INTERSECTIONS ONLY),No,Day,Yes,Cross intersection,Other injury accident,60 km/hr,No,29784,144.92878,-37.64055,Intersection,HUME,METROPOLITAN NORTH WEST REGION,2493714.794,2428916.521,7,4,0,0,4,3,1,4,0,4,3,0,0,0,0,0,0,0,0,0,No,0,3,0,3,0,0,MELB_URBAN,MELB_URBAN,HUME,METROPOLITAN NORTH WEST REGION,,,Arterial Other,"Arterial Other,Local Road",Divided,Div,Metro
3402929,T20130016278,ABS to receive accident,Finished,6/8/2013,07.45.00,No,Collision with vehicle,Tuesday,LANE CHANGE RIGHT (NOT OVERTAKING),No,Day,No,Not at intersection,Other injury accident,100 km/hr,No,264790,145.14197,-38.04506,Non-Intersection,KINGSTON,METROPOLITAN SOUTH EAST REGION,2512461.746,2384013.242,2,1,0,0,1,1,2,0,0,0,1,0,0,1,0,0,0,0,0,1,No,0,2,0,1,1,0,MELB_URBAN,MELB_URBAN,KINGSTON,METROPOLITAN SOUTH EAST REGION,M,M,Freeway,Freeway,Divided,Div,Metro
3402930,T20130016279,ABS to receive accident,Finished,15/7/2013,14.00.00,No,Struck Pedestrian,Monday,PED NEAR SIDE. PED HIT BY VEHICLE FROM THE RIGHT.,Yes,Day,No,Cross intersection,Other injury accident,70 km/hr,No,1246,144.77472,-37.77039,Intersection,BRIMBANK,METROPOLITAN NORTH WEST REGION,2480152.699,2414485.383,2,1,0,0,1,1,1,0,0,0,0,1,0,0,1,0,0,0,0,0,No,0,1,0,0,0,0,MELB_URBAN,MELB_URBAN,BRIMBANK,METROPOLITAN NORTH WEST REGION,,,Arterial Other,Arterial Other,Divided,Div,Metro
3402931,T20130016282,ABS to receive accident,Finished,7/8/2013,11.15.00,No,Struck Pedestrian,Tuesday,FAR SIDE. PED HIT BY VEHICLE FROM THE LEFT,No,Day,Yes,T intersection,Other injury accident,50 km/hr,No,417,145.04728,-37.76798,Intersection,BANYULE,METROPOLITAN NORTH WEST REGION,2504165.166,2414775.337,3,1,0,0,1,2,1,2,0,1,1,1,0,0,0,0,0,0,0,0,No,0,1,0,1,0,0,MELB_URBAN,MELB_URBAN,BANYULE,METROPOLITAN NORTH WEST REGION,,,Local Road,Local Road,Undivided,Undiv,Metro
3402932,T20130016287,ABS to receive accident,Finished,7/8/2013,12.25.00,No,Struck Pedestrian,Wednesday,FAR SIDE. PED HIT BY VEHICLE FROM THE LEFT,No,Day,Yes,Cross intersection,Other injury accident,40 km/hr,No,35349,144.95507,-37.8211,Intersection,MELBOURNE,METROPOLITAN NORTH WEST REGION,2496044.755,2408879.827,2,1,0,0,1,1,2,0,0,0,1,1,0,0,0,0,1,0,0,0,No,0,1,0,1,0,0,MELBOURNE_CBD,"MELBOURNE_CBD,MELB_URBAN",MELBOURNE,METROPOLITAN NORTH WEST REGION,,,Arterial Other,"Arterial Other,Local Road",Undivided,Undiv,Metro
3402933,T20130016288,ABS to receive accident,Finished,7/8/2013,13.45.00,No,Collision with a fixed object,Wednesday,RIGHT OFF CARRIAGEWAY INTO OBJECT/PARKED VEHICLE,No,Day,Yes,Not at intersection,Serious injury accident,80 km/hr,Yes,263380,145.27127,-38.07402,Non-Intersection,CASEY,METROPOLITAN SOUTH EAST REGION,2523802.981,2380774.233,1,1,0,1,0,0,1,0,0,0,1,0,0,0,0,0,0,0,0,0,No,1,1,0,1,0,0,MELB_URBAN,MELB_URBAN,CASEY,METROPOLITAN SOUTH EAST REGION,M,M,Arterial Highway,Arterial Highway,Divided,Div,Metro
3402934,T20130016289,ABS to receive accident,Finished,7/8/2013,12.00.00,No,Collision with vehicle,Wednesday,LEFT NEAR (INTERSECTIONS ONLY),No,Day,Yes,Cross intersection,Other injury accident,Not known,No,38041,145.01935,-37.77171,Intersection,DAREBIN,METROPOLITAN NORTH WEST REGION,2501704.487,2414362.23,2,1,0,0,1,1,1,1,0,0,2,0,0,0,0,0,0,0,1,1,No,0,2,0,2,0,0,MELB_URBAN,MELB_URBAN,DAREBIN,METROPOLITAN NORTH WEST REGION,,,Arterial Other,"Arterial Other,Local Road",Undivided,Undiv,Metro
3402935,T20130016291,ABS to receive accident,Finished,6/7/2013,22.30.00,Yes,Collision with vehicle,Saturday,VEHICLE COLLIDES WITH VEHICLE PARKED ON LEFT OF ROAD,Yes,Dark Street lights unknown,No,Not at intersection,Other injury accident,50 km/hr,No,262508,144.91728,-38.35752,Non-Intersection,MORNINGTON PENINSULA,METROPOLITAN SOUTH EAST REGION,2492769.153,2349333.956,1,1,0,0,1,0,1,0,0,0,0,0,0,1,0,0,0,0,0,0,No,0,2,0,1,1,0,MELB_URBAN,MELB_URBAN,MORNINGTON PENINSULA,METROPOLITAN SOUTH EAST REGION,,,Local Road,Local Road,Undivided,Undiv,Metro
3402936,T20130016292,ABS to receive accident,Finished,7/8/2013,14.55.00,No,Struck Pedestrian,Wednesday,ANY MANOEUVRE INVOLVING PED NOT INCLUDED IN DCAs 100-108.,No,Day,No,Not at intersection,Other injury accident,50 km/hr,No,97960,145.35411,-37.90955,Non-Intersection,YARRA RANGES,METROPOLITAN SOUTH EAST REGION,2531139.848,2399005.458,2,1,0,0,1,1,1,1,0,0,1,1,0,0,0,0,0,0,0,0,No,0,1,0,1,0,0,MELB_URBAN,MELB_URBAN,YARRA RANGES,METROPOLITAN SOUTH EAST REGION,C,C,Arterial Other,Arterial Other,Undivided,Undiv,Metro
3402937,T20130016293,ABS to receive accident,Finished,7/8/2013,14.35.00,No,Collision with vehicle,Tuesday,RIGHT THROUGH,No,Day,Yes,T intersection,Other injury accident,80 km/hr,No,277699,145.44264,-38.06181,Intersection,CARDINIA,METROPOLITAN SOUTH EAST REGION,2538846.337,2382073.517,2,2,0,0,2,0,0,2,0,0,2,0,0,0,0,0,0,0,0,1,No,0,2,0,2,0,0,SMALL_CITIES,SMALL_CITIES,CARDINIA,METROPOLITAN SOUTH EAST REGION,C,C,Arterial Other,"Arterial Other,Local Road",Divided,"Div,Undiv",Metro
3402938,T20130016298,ABS to receive accident,Finished,7/8/2013,16.43.00,No,Struck Pedestrian,Wednesday,PED NEAR SIDE. PED HIT BY VEHICLE FROM THE RIGHT.,No,Day,Yes,Cross intersection,Other injury accident,40 km/hr,No,35355,144.96226,-37.81228,Intersection,MELBOURNE,METROPOLITAN NORTH WEST REGION,2496676.714,2409858.735,2,1,0,0,1,1,1,0,0,0,0,1,0,0,1,0,0,0,0,0,No,0,1,0,0,0,0,MELBOURNE_CBD,MELBOURNE_CBD,MELBOURNE,METROPOLITAN NORTH WEST REGION,,,Local Road,Local Road,Divided,"Div,Undiv",Metro
3402939,T20130016299,ABS to receive accident,Finished,7/8/2013,06.50.00,No,Collision with a fixed object,Wednesday,LEFT OFF CARRIAGEWAY INTO OBJECT/PARKED VEHICLE,Yes,Dark Street lights on,No,Not at intersection,Other injury accident,80 km/hr,Yes,262621,145.23545,-37.8685,Non-Intersection,KNOX,METROPOLITAN SOUTH EAST REGION,2520716.531,2403594.045,2,1,0,0,1,1,2,0,0,0,2,0,0,0,0,0,0,0,0,1,No,0,2,0,2,0,0,MELB_URBAN,MELB_URBAN,KNOX,METROPOLITAN SOUTH EAST REGION,,,Arterial Other,Arterial Other,Divided,Div,Metro
3402940,T20130016300,ABS to receive accident,Finished,7/8/2013,16.45.00,No,Collision with vehicle,Wednesday,RIGHT REAR.,No,Dusk/Dawn,No,T intersection,Other injury accident,60 km/hr,No,50442,145.59253,-38.59867,Intersection,BASS COAST,EASTERN REGION,2551629.633,2322402.447,2,1,0,0,1,1,1,1,0,0,2,0,0,0,0,0,0,0,0,0,No,0,2,0,2,0,0,TOWNS,TOWNS,BASS COAST,"EASTERN REGION,EASTERN REGION",B,B,Arterial Highway,"Arterial Highway,Local Road",Undivided,Undiv,Country
3402941,T20130016303,ABS to receive accident,Finished,7/8/2013,16.45.00,No,Collision with vehicle,Wednesday,RIGHT NEAR (INTERSECTIONS ONLY),No,Day,Yes,T intersection,Serious injury accident,50 km/hr,No,42942,145.17838,-37.96865,Intersection,DANDENONG,METROPOLITAN SOUTH EAST REGION,2515673.673,2392489.362,4,1,0,1,0,3,0,4,0,2,2,0,0,0,0,0,0,0,0,0,No,0,2,0,2,0,0,MELB_URBAN,MELB_URBAN,DANDENONG,METROPOLITAN SOUTH EAST REGION,,,Local Road,Local Road,Undivided,Undiv,Metro
3402942,T20130016304,ABS to receive accident,Finished,7/8/2013,16.20.00,No,Collision with a fixed object,Wednesday,OFF RIGHT BEND INTO OBJECT/PARKED VEHICLE,No,Day,Yes,Not at intersection,Serious injury accident,100 km/hr,Yes,262639,143.55331,-38.42622,Non-Intersection,COLAC OTWAY,SOUTH WESTERN REGION,2373657.526,2340749.826,1,1,0,1,0,0,1,0,0,0,1,0,0,0,0,0,0,0,0,1,No,0,1,0,1,0,0,RURAL_VICTORIA,RURAL_VICTORIA,COLAC OTWAY,SOUTH WESTERN REGION,,,Local Road,Local Road,Undivided,Undiv,Country
3402943,T20130016305,ABS to receive accident,Finished,7/8/2013,17.15.00,No,Collision with vehicle,Wednesday,VEHICLE OFF FOOTPATH STRIKES VEH ON CARRIAGEWAY,No,Dark Street lights unknown,Yes,Not at intersection,Other injury accident,60 km/hr,No,263381,145.18842,-38.33878,Non-Intersection,MORNINGTON PENINSULA,METROPOLITAN SOUTH EAST REGION,2516474.943,2351400.719,2,1,0,0,1,1,1,1,1,0,1,0,0,0,0,0,1,0,0,0,No,0,2,0,1,0,0,MELB_URBAN,MELB_URBAN,MORNINGTON PENINSULA,METROPOLITAN SOUTH EAST REGION,,,Local Road,Local Road,Divided,Div,Metro
3402944,T20130016306,ABS to receive accident,Finished,7/8/2013,17.05.00,No,Collision with vehicle,Wednesday,RIGHT THROUGH,No,Dark Street lights on,Yes,Cross intersection,Other injury accident,60 km/hr,No,44492,145.025,-37.73227,Intersection,DAREBIN,METROPOLITAN NORTH WEST REGION,2502203.936,2418738.903,3,1,0,0,1,2,1,2,0,0,3,0,0,0,0,0,0,0,0,0,No,0,3,0,3,0,0,MELB_URBAN,MELB_URBAN,DAREBIN,METROPOLITAN NORTH WEST REGION,,,Arterial Highway,"Arterial Highway,Local Road",Divided,"Div,Undiv",Metro
3402945,T20130016307,ABS to receive accident,Finished,7/8/2013,17.00.00,No,Struck Pedestrian,Wednesday,PED NEAR SIDE. PED HIT BY VEHICLE FROM THE RIGHT.,No,Dusk/Dawn,Yes,Not at intersection,Serious injury accident,60 km/hr,No,265708,145.1607,-37.79581,Non-Intersection,MANNINGHAM,METROPOLITAN SOUTH EAST REGION,2514153.303,2411675.513,2,1,0,1,0,1,0,2,0,0,1,1,0,0,0,0,0,0,0,1,No,0,1,0,1,0,0,MELB_URBAN,MELB_URBAN,MANNINGHAM,METROPOLITAN SOUTH EAST REGION,,,Arterial Other,Arterial Other,Undivided,Undiv,Metro
3402946,T20130016310,ABS to receive accident,Finished,7/8/2013,18.08.00,Yes,Collision with vehicle,Wednesday,REAR END(VEHICLES IN SAME LANE),No,Dark Street lights on,Yes,Y intersection,Other injury accident,50 km/hr,No,48756,144.97681,-37.84944,Intersection,PORT PHILLIP,METROPOLITAN NORTH WEST REGION,2497959.337,2405735.238,8,3,0,0,3,5,5,3,2,1,5,0,0,0,0,0,0,0,1,0,No,0,7,0,5,0,0,MELB_URBAN,MELB_URBAN,PORT PHILLIP,METROPOLITAN NORTH WEST REGION,,,Local Road,Local Road,Undivided,Undiv,Metro
3402947,T20130016312,ABS to receive accident,Finished,7/8/2013,18.10.00,Yes,Collision with vehicle,Wednesday,REAR END(VEHICLES IN SAME LANE),No,Day,No,T intersection,Other injury accident,80 km/hr,No,29691,145.23276,-37.92958,Intersection,KNOX,METROPOLITAN SOUTH EAST REGION,2520462.98,2396815.943,3,1,0,0,1,2,1,2,0,0,3,0,0,0,0,0,0,0,0,1,No,0,3,0,3,0,0,MELB_URBAN,MELB_URBAN,KNOX,METROPOLITAN SOUTH EAST REGION,,,Arterial Highway,"Arterial Highway,Local Road",Divided,"Div,Undiv",Metro
3402948,T20130016315,ABS to receive accident,Finished,7/8/2013,19.20.00,Yes,Struck Pedestrian,Wednesday,PED NEAR SIDE. PED HIT BY VEHICLE FROM THE RIGHT.,No,Dark Street lights on,Yes,T intersection,Other injury accident,60 km/hr,No,262622,145.05533,-37.89829,Intersection,GLEN EIRA,METROPOLITAN SOUTH EAST REGION,2504866.733,2400312.142,2,1,0,0,1,1,0,2,0,0,1,1,0,0,0,0,0,0,0,0,No,0,1,0,1,0,0,MELB_URBAN,MELB_URBAN,GLEN EIRA,METROPOLITAN SOUTH EAST REGION,,,Local Road,Local Road,Undivided,Undiv,Metro
3402949,T20130016317,ABS to receive accident,Finished,7/8/2013,17.45.00,No,Collision with vehicle,Wednesday,OTHER OPPOSING MANOEUVRES NOT INCLUDED IN DCAs 120-125.,Yes,Dark Street lights on,No,T intersection,Other injury accident,60 km/hr,No,35965,144.96679,-37.77784,Intersection,MORELAND,METROPOLITAN NORTH WEST REGION,2497074.901,2413681.791,2,2,0,0,2,0,1,0,1,0,1,0,0,0,0,0,0,0,0,0,No,0,2,0,1,0,0,MELB_URBAN,MELB_URBAN,MORELAND,METROPOLITAN NORTH WEST REGION,,,Arterial Other,"Arterial Other,Local Road",Divided,"Div,Undiv",Metro
3402950,T20130016318,ABS to receive accident,Finished,7/8/2013,18.45.00,Yes,Collision with vehicle,Wednesday,HEAD ON (NOT OVERTAKING),No,Dark Street lights on,Yes,Not at intersection,Serious injury accident,60 km/hr,No,262527,144.56446,-37.68786,Non-Intersection,MELTON,METROPOLITAN NORTH WEST REGION,2461587.076,2423579.886,6,3,0,1,2,3,4,1,0,4,2,0,0,0,0,0,0,0,0,1,No,0,2,0,2,0,0,SMALL_CITIES,SMALL_CITIES,MELTON,METROPOLITAN NORTH WEST REGION,,,Local Road,Local Road,Undivided,Undiv,Metro
3402951,T20130016321,ABS to receive accident,Finished,7/8/2013,19.15.00,Yes,No collision and no object struck,Wednesday,OUT OF CONTROL ON CARRIAGEWAY (ON STRAIGHT),No,Dark Street lights on,Yes,Not at intersection,Serious injury accident,100 km/hr,No,263640,145.24779,-37.98467,Non-Intersection,CASEY,METROPOLITAN SOUTH EAST REGION,2521768.148,2390697.219,1,1,0,1,0,0,1,0,0,0,0,0,0,1,0,0,0,0,0,0,No,0,1,0,0,1,0,MELB_URBAN,MELB_URBAN,CASEY,METROPOLITAN SOUTH EAST REGION,M,M,Freeway,Freeway,Divided,Div,Metro
3402952,T20130016322,ABS to receive accident,Finished,7/8/2013,21.45.00,Yes,Collision with vehicle,Wednesday,RIGHT NEAR (INTERSECTIONS ONLY),No,Dark No street lights,Yes,T intersection,Serious injury accident,100 km/hr,No,262623,146.95836,-38.10069,Intersection,WELLINGTON,EASTERN REGION,2671765.258,2376080.699,2,2,0,1,1,0,2,0,0,0,2,0,0,0,0,0,0,0,0,0,No,0,2,0,2,0,0,RURAL_VICTORIA,RURAL_VICTORIA,WELLINGTON,"EASTERN REGION,EASTERN REGION",A,A,Arterial Highway,"Arterial Highway,Local Road",Undivided,Undiv,Country
3402953,T20130016324,ABS to receive accident,Finished,8/8/2013,04.40.00,Yes,Collision with a fixed object,Thursday,OFF LEFT BEND INTO OBJECT/PARKED VEHICLE,No,Dark Street lights on,Yes,T intersection,Serious injury accident,50 km/hr,Yes,262474,144.3951,-38.16852,Intersection,GEELONG,SOUTH WESTERN REGION,2446989.232,2370149.457,2,2,0,2,0,0,1,1,0,1,1,0,0,0,0,0,0,0,0,1,No,0,1,0,1,0,0,LARGE_PROVINCIAL_CITIES,LARGE_PROVINCIAL_CITIES,GEELONG,SOUTH WESTERN REGION,,,Local Road,Local Road,Undivided,Undiv,Country
3402954,T20130016331,ABS to receive accident,Finished,8/8/2013,08.55.00,No,Collision with vehicle,Thursday,CROSS TRAFFIC(INTERSECTIONS ONLY),No,Day,Yes,Cross intersection,Other injury accident,50 km/hr,No,65163,144.97972,-37.79766,Intersection,YARRA,METROPOLITAN NORTH WEST REGION,2498213.612,2411481.975,3,2,0,0,2,1,0,3,0,1,2,0,0,0,0,0,0,0,0,1,No,0,2,0,2,0,0,MELB_URBAN,MELB_URBAN,YARRA,METROPOLITAN NORTH WEST REGION,,,Local Road,Local Road,Undivided,Undiv,Metro
3402955,T20130016335,ABS to receive accident,Finished,3/8/2013,10.25.00,No,collision with some other object,Saturday,STRUCK OBJECT ON CARRIAGEWAY,No,Day,No,Not at intersection,Serious injury accident,Not known,No,262475,144.32101,-36.87216,Non-Intersection,BENDIGO,NORTHERN REGION,2439470.498,2513969.346,1,1,0,1,0,0,1,0,0,0,0,0,0,1,0,0,0,0,0,0,No,0,1,0,0,1,0,RURAL_VICTORIA,RURAL_VICTORIA,BENDIGO,NORTHERN REGION,,,Local Road,Local Road,Undivided,Undiv,Country
3402956,T20130016341,ABS to receive accident,Finished,7/8/2013,22.00.00,Yes,Collision with a fixed object,Wednesday,OFF RIGHT BEND INTO OBJECT/PARKED VEHICLE,No,Dark No street lights,No,Not at intersection,Other injury accident,50 km/hr,Yes,262624,146.17093,-38.21635,Non-Intersection,BAW BAW,EASTERN REGION,2602547.76,2364378.211,1,1,0,0,1,0,0,1,0,0,1,0,0,0,0,0,0,0,0,0,No,0,1,0,1,0,0,RURAL_VICTORIA,RURAL_VICTORIA,BAW BAW,"EASTERN REGION,EASTERN REGION",,,Local Road,Local Road,Undivided,Undiv,Country
3402957,T20130016342,ABS to receive accident,Finished,8/8/2013,11.35.00,No,Collision with vehicle,Thursday,REAR END(VEHICLES IN SAME LANE),Yes,Day,Yes,Not at intersection,Other injury accident,60 km/hr,No,262774,145.15414,-37.81785,Non-Intersection,WHITEHORSE,METROPOLITAN SOUTH EAST REGION,2513570.903,2409230.427,5,1,0,0,1,4,0,4,0,0,5,0,0,0,0,0,0,0,1,0,No,0,5,0,5,0,0,MELB_URBAN,MELB_URBAN,WHITEHORSE,METROPOLITAN SOUTH EAST REGION,,,Arterial Other,Arterial Other,Undivided,Undiv,Metro
3402958,T20130016344,ABS to receive accident,Finished,3/8/2013,17.00.00,Yes,Struck Pedestrian,Saturday,ANY MANOEUVRE INVOLVING PED NOT INCLUDED IN DCAs 100-108.,No,Unk.,No,Cross intersection,Other injury accident,Not known,No,39216,145.09831,-37.82046,Intersection,BOROONDARA,METROPOLITAN SOUTH EAST REGION,2508655.669,2408946.68,2,1,0,0,1,1,1,0,0,0,0,1,0,0,1,0,0,0,0,0,No,0,1,0,0,0,0,MELB_URBAN,MELB_URBAN,BOROONDARA,METROPOLITAN SOUTH EAST REGION,,,Local Road,Local Road,Undivided,Undiv,Metro
3402959,T20130016350,ABS to receive accident,Finished,25/7/2013,10.45.00,No,Collision with vehicle,Thursday,REAR END(VEHICLES IN SAME LANE),No,Day,No,T intersection,Other injury accident,60 km/hr,No,236256,144.8533,-37.83175,Intersection,HOBSONS BAY,METROPOLITAN NORTH WEST REGION,2487086.623,2407688.619,2,1,0,0,1,1,1,1,0,0,2,0,0,0,0,0,0,0,0,1,No,0,2,0,2,0,0,MELB_URBAN,MELB_URBAN,HOBSONS BAY,METROPOLITAN NORTH WEST REGION,,,Arterial Other,"Arterial Other,Local Road",Undivided,Undiv,Metro
3402960,T20130016351,ABS to receive accident,Finished,8/8/2013,14.20.00,No,Collision with a fixed object,Thursday,RIGHT OFF CARRIAGEWAY INTO OBJECT/PARKED VEHICLE,No,Day,Yes,Not at intersection,Other injury accident,100 km/hr,Yes,262656,144.325,-38.2883,Non-Intersection,SURF COAST,SOUTH WESTERN REGION,2440940.493,2356812.206,1,1,0,0,1,0,0,1,0,0,1,0,0,0,0,0,0,0,0,1,No,0,1,0,1,0,0,RURAL_VICTORIA,RURAL_VICTORIA,SURF COAST,SOUTH WESTERN REGION,B,B,Arterial Highway,Arterial Highway,Divided,Div,Country
3402961,T20130016357,ABS to receive accident,Finished,8/8/2013,13.00.00,No,Collision with vehicle,Thursday,U TURN,No,Day,Yes,Not at intersection,Other injury accident,60 km/hr,No,262693,144.83302,-37.76456,Non-Intersection,BRIMBANK,METROPOLITAN NORTH WEST REGION,2485287.859,2415142.55,2,1,0,0,1,1,1,1,0,0,2,0,0,0,0,0,0,0,0,0,No,0,2,0,2,0,0,MELB_URBAN,MELB_URBAN,BRIMBANK,METROPOLITAN NORTH WEST REGION,,,Local Road,Local Road,Undivided,Undiv,Metro
3402962,T20130016360,ABS to receive accident,Finished,16/7/2013,06.25.00,No,Collision with a fixed object,Tuesday,RIGHT OFF CARRIAGEWAY INTO OBJECT/PARKED VEHICLE,No,Dusk/Dawn,No,T intersection,Serious injury accident,100 km/hr,Yes,262519,141.8861,-36.20868,Intersection,HINDMARSH,WESTERN REGION,2220046.621,2583223.998,1,1,0,1,0,0,0,1,0,0,1,0,0,0,0,0,0,0,0,0,No,0,1,0,1,0,0,RURAL_VICTORIA,RURAL_VICTORIA,HINDMARSH,WESTERN REGION,C,C,Arterial Other,"Arterial Other,Local Road",Undivided,Undiv,Country
3402963,T20130016362,ABS to receive accident,Finished,8/8/2013,07.00.00,No,Collision with vehicle,Thursday,REAR END(VEHICLES IN SAME LANE),No,Dusk/Dawn,No,Cross intersection,Other injury accident,80 km/hr,No,39785,145.28759,-37.826,Intersection,MAROONDAH,METROPOLITAN SOUTH EAST REGION,2525317.698,2408298.503,2,1,0,0,1,1,1,1,0,0,2,0,0,0,0,0,0,0,0,1,No,0,2,0,2,0,0,MELB_URBAN,MELB_URBAN,MAROONDAH,METROPOLITAN SOUTH EAST REGION,,,Arterial Other,Arterial Other,Divided,Div,Metro
3402964,T20130016364,ABS to receive accident,Finished,8/8/2013,16.17.00,No,Collision with a fixed object,Thursday,OFF RIGHT BEND INTO OBJECT/PARKED VEHICLE,No,Day,Yes,Not at intersection,Other injury accident,50 km/hr,Yes,263034,146.55243,-38.20803,Non-Intersection,LATROBE,EASTERN REGION,2635970.995,2364823.612,4,1,0,0,1,3,3,1,0,3,1,0,0,0,0,0,0,0,0,0,No,0,1,0,1,0,0,SMALL_CITIES,SMALL_CITIES,LATROBE,"EASTERN REGION,EASTERN REGION",,,Local Road,Local Road,Undivided,Undiv,Country
3402965,T20130016368,ABS to receive accident,Finished,5/8/2013,20.30.00,Yes,Vehicle overturned (no collision),Monday,OUT OF CONTROL ON CARRIAGEWAY (ON STRAIGHT),No,Dark Street lights on,No,T intersection,Serious injury accident,60 km/hr,No,40111,144.98056,-37.86708,Intersection,PORT PHILLIP,METROPOLITAN NORTH WEST REGION,2498289.116,2403777.186,1,1,0,1,0,0,1,0,0,0,0,0,0,1,0,0,0,0,0,0,No,0,1,0,0,1,0,MELB_URBAN,MELB_URBAN,PORT PHILLIP,METROPOLITAN NORTH WEST REGION,,,Local Road,Local Road,Undivided,Undiv,Metro
3402966,T20130016371,ABS to receive accident,Finished,8/8/2013,18.15.00,Yes,Collision with vehicle,Thursday,RIGHT THROUGH,No,Dark Street lights on,Yes,Cross intersection,Serious injury accident,60 km/hr,No,38668,144.88213,-37.82027,Intersection,MARIBYRNONG,METROPOLITAN NORTH WEST REGION,2489622.651,2408966.873,2,1,0,1,0,1,2,0,0,0,2,0,0,0,0,0,0,0,0,0,No,0,2,0,2,0,0,MELB_URBAN,MELB_URBAN,MARIBYRNONG,METROPOLITAN NORTH WEST REGION,,,Arterial Highway,"Arterial Highway,Arterial Other",Divided,Div,Metro
3402967,T20130016375,ABS to receive accident,Finished,8/8/2013,18.47.00,Yes,Collision with vehicle,Thursday,RIGHT THROUGH,No,Dark Street lights on,Yes,Cross intersection,Other injury accident,80 km/hr,No,53572,146.29477,-38.1799,Intersection,LATROBE,EASTERN REGION,2613447.769,2368283.062,3,1,0,0,1,2,2,1,0,1,2,0,0,0,0,0,0,0,0,1,No,0,2,0,2,0,0,SMALL_CITIES,SMALL_CITIES,LATROBE,"EASTERN REGION,EASTERN REGION",C,C,Arterial Other,"Arterial Other,Local Road",Divided,Div,Country