OBJECTID,ACCIDENT_NO,ABS_CODE,ACCIDENT_STATUS,ACCIDENT_DATE,ACCIDENT_TIME,ALCOHOLTIME,ACCIDENT_TYPE,DAY_OF_WEEK,DCA_CODE,HIT_RUN_FLAG,LIGHT_CONDITION,POLICE_ATTEND,ROAD_GEOMETRY,SEVERITY,SPEED_ZONE,RUN_OFFROAD,NODE_ID,LONGITUDE,LATITUDE,NODE_TYPE,LGA_NAME,REGION_NAME,VICGRID_X,VICGRID_Y,TOTAL_PERSONS,INJ_OR_FATAL,FATALITY,SERIOUSINJURY,OTHERINJURY,NONINJURED,MALES,FEMALES,BICYCLIST,PASSENGER,DRIVER,PEDESTRIAN,PILLION,MOTORIST,UNKNOWN,PED_CYCLIST_5_12,PED_CYCLIST_13_18,OLD_PEDESTRIAN,OLD_DRIVER,YOUNG_DRIVER,ALCOHOL_RELATED,UNLICENCSED,NO_OF_VEHICLES,HEAVYVEHICLE,PASSENGERVEHICLE,MOTORCYCLE,PUBLICVEHICLE,DEG_URBAN_NAME,DEG_URBAN_ALL,LGA_NAME_ALL,REGION_NAME_ALL,SRNS,SRNS_ALL,RMA,RMA_ALL,DIVIDED,DIVIDED_ALL,STAT_DIV_NAME
3402968,T20130016376,ABS to receive accident,Finished,8/8/2013,17.30.00,No,Collision with vehicle,Thursday,REAR END(VEHICLES IN SAME LANE),No,Dusk/Dawn,No,Not at intersection,Other injury accident,80 km/hr,No,272194,145.30975,-38.01119,Non-Intersection,CASEY,METROPOLITAN SOUTH EAST REGION,2527202.396,2387737.828,2,1,0,0,1,1,0,1,0,0,2,0,0,0,0,0,0,0,0,0,No,0,2,0,2,0,0,MELB_URBAN,MELB_URBAN,CASEY,METROPOLITAN SOUTH EAST REGION,C,C,Arterial Other,Arterial Other,Divided,Div,Metro
3402969,T20130016377,ABS to receive accident,Finished,8/8/2013,18.55.00,Yes,Struck Pedestrian,Thursday,PED NEAR SIDE. PED HIT BY VEHICLE FROM THE RIGHT.,No,Dark Street lights on,Yes,Not at intersection,Serious injury accident,60 km/hr,No,262528,145.04028,-37.90398,Non-Intersection,GLEN EIRA,METROPOLITAN SOUTH EAST REGION,2503542.417,2399681.187,2,1,0,1,0,1,2,0,0,0,1,1,0,0,0,0,0,1,0,0,No,0,1,0,1,0,0,MELB_URBAN,MELB_URBAN,GLEN EIRA,METROPOLITAN SOUTH EAST REGION,,,Arterial Highway,Arterial Highway,Divided,Div,Metro
3402970,T20130016378,ABS to receive accident,Finished,8/8/2013,17.45.00,No,Collision with vehicle,Thursday,LANE SIDE SWIPE (VEHICLES IN PARALLEL LANES),Yes,Dark Street lights on,Yes,Not at intersection,Serious injury accident,100 km/hr,No,262529,145.10529,-37.79063,Non-Intersection,BOROONDARA,METROPOLITAN SOUTH EAST REGION,2509273.652,2412257.363,2,1,0,1,0,1,0,0,0,0,0,0,0,1,1,0,0,0,0,0,No,0,2,0,0,1,0,MELB_URBAN,MELB_URBAN,BOROONDARA,METROPOLITAN SOUTH EAST REGION,M,M,Freeway,Freeway,Divided,Div,Metro
3402971,T20130016382,ABS to receive accident,Finished,4/7/2013,17.10.00,No,Collision with vehicle,Thursday,RIGHT REAR.,No,Day,No,Cross intersection,Other injury accident,50 km/hr,No,390,145.0047,-37.84059,Intersection,STONNINGTON,METROPOLITAN SOUTH EAST REGION,2500413.505,2406717.414,2,1,0,0,1,1,1,1,0,0,2,0,0,0,0,0,0,0,0,0,No,1,2,0,2,0,0,MELB_URBAN,MELB_URBAN,STONNINGTON,METROPOLITAN SOUTH EAST REGION,,,Arterial Other,Arterial Other,Undivided,Undiv,Metro
3402972,T20130016384,ABS to receive accident,Finished,8/8/2013,18.32.00,Yes,Collision with vehicle,Thursday,RIGHT THROUGH,No,Dark Street lights on,Yes,Cross intersection,Other injury accident,50 km/hr,No,49241,143.84293,-37.56037,Intersection,BALLARAT,WESTERN REGION,2397781.472,2437196.248,2,1,0,0,1,1,2,0,0,0,2,0,0,0,0,0,0,0,0,0,No,0,2,0,2,0,0,LARGE_PROVINCIAL_CITIES,LARGE_PROVINCIAL_CITIES,BALLARAT,WESTERN REGION,C,C,Arterial Other,"Arterial Other,Local Road",Divided,"Div,Undiv",Country
3402973,T20130016385,ABS to receive accident,Finished,8/8/2013,20.00.00,Yes,Vehicle overturned (no collision),Thursday,OUT OF CONTROL ON CARRIAGEWAY (ON STRAIGHT),Not known,Dark Street lights on,Yes,Not at intersection,Other injury accident,60 km/hr,No,262740,145.1367,-38.11824,Non-Intersection,FRANKSTON,METROPOLITAN SOUTH EAST REGION,2511988.277,2375890.901,1,1,0,0,1,0,1,0,1,0,0,0,0,0,0,0,0,0,0,0,Yes,0,1,0,0,0,0,MELB_URBAN,MELB_URBAN,FRANKSTON,METROPOLITAN SOUTH EAST REGION,,,Local Road,Local Road,Undivided,Undiv,Metro
3402974,T20130016388,ABS to receive accident,Finished,8/8/2013,19.35.00,Yes,Collision with a fixed object,Thursday,RIGHT OFF CARRIAGEWAY INTO OBJECT/PARKED VEHICLE,No,Dark No street lights,Yes,Not at intersection,Serious injury accident,80 km/hr,Yes,262477,145.39963,-37.6396,Non-Intersection,YARRA RANGES,METROPOLITAN SOUTH EAST REGION,2535268.402,2428950.115,1,1,0,1,0,0,1,0,0,0,1,0,0,0,0,0,0,0,0,0,Yes,0,1,0,1,0,0,RURAL_VICTORIA,RURAL_VICTORIA,YARRA RANGES,METROPOLITAN SOUTH EAST REGION,B,B,Arterial Highway,Arterial Highway,Undivided,Undiv,Metro
3402975,T20130016389,ABS to receive accident,Finished,9/7/2013,23.40.00,Yes,Struck animal,Tuesday,STRUCK ANIMAL,No,Dark No street lights,Yes,Not at intersection,Other injury accident,70 km/hr,No,262559,147.74866,-37.81553,Non-Intersection,EAST GIPPSLAND,EASTERN REGION,2741979.128,2406005.67,2,1,0,0,1,1,2,0,0,1,1,0,0,0,0,0,0,0,0,0,No,0,1,0,1,0,0,RURAL_VICTORIA,RURAL_VICTORIA,EAST GIPPSLAND,"EASTERN REGION,EASTERN REGION",A,A,Arterial Highway,Arterial Highway,Undivided,Undiv,Country
3402976,T20130016392,ABS to receive accident,Finished,8/8/2013,12.35.00,No,Collision with vehicle,Thursday,LANE SIDE SWIPE (VEHICLES IN PARALLEL LANES),Yes,Day,Yes,Not at intersection,Other injury accident,50 km/hr,No,262626,144.36434,-38.09382,Non-Intersection,GEELONG,SOUTH WESTERN REGION,2444238.68,2378424.06,2,1,0,0,1,1,1,1,0,0,2,0,0,0,0,0,0,0,0,1,No,0,2,0,2,0,0,LARGE_PROVINCIAL_CITIES,LARGE_PROVINCIAL_CITIES,GEELONG,SOUTH WESTERN REGION,,,Local Road,Local Road,Undivided,Undiv,Country
3402977,T20130016393,ABS to receive accident,Finished,9/8/2013,03.05.00,Yes,Collision with a fixed object,Friday,LEFT OFF CARRIAGEWAY INTO OBJECT/PARKED VEHICLE,No,Dark Street lights on,Yes,Not at intersection,Serious injury accident,50 km/hr,Yes,267534,144.67557,-38.11583,Non-Intersection,GEELONG,SOUTH WESTERN REGION,2471548.368,2376118.945,1,1,0,1,0,0,0,1,0,0,1,0,0,0,0,0,0,0,0,0,Yes,0,1,0,1,0,0,TOWNS,TOWNS,GEELONG,SOUTH WESTERN REGION,,,Local Road,Local Road,Undivided,Undiv,Country
3402978,T20130016394,ABS to receive accident,Finished,9/8/2013,06.10.00,No,Collision with a fixed object,Friday,LEFT OFF CARRIAGEWAY INTO OBJECT/PARKED VEHICLE,No,Dark Street lights on,No,Not at intersection,Other injury accident,60 km/hr,Yes,262657,144.96975,-37.8225,Non-Intersection,MELBOURNE,METROPOLITAN NORTH WEST REGION,2497337.074,2408724.945,1,1,0,0,1,0,1,0,0,0,1,0,0,0,0,0,0,0,0,1,No,0,1,0,1,0,0,MELB_URBAN,MELB_URBAN,MELBOURNE,METROPOLITAN NORTH WEST REGION,,,Local Road,Local Road,Divided,Div,Metro
3402979,T20130016498,ABS to receive accident,Finished,3/8/2013,12.30.00,No,No collision and no object struck,Saturday,UNKNOWN-NO DETAILS ON MANOEUVRES OF ROAD-USERS IN ACCIDENT,No,Day,No,Not at intersection,Other injury accident,Not known,No,262582,145.00133,-37.63501,Non-Intersection,WHITTLESEA,METROPOLITAN NORTH WEST REGION,2500117.316,2429533.081,1,1,0,0,1,0,1,0,0,0,1,0,0,0,0,0,0,0,0,0,No,0,1,1,0,0,0,MELB_URBAN,MELB_URBAN,WHITTLESEA,METROPOLITAN NORTH WEST REGION,,,Local Road,Local Road,Undivided,Undiv,Metro
3402980,T20130016500,ABS to receive accident,Finished,7/8/2013,19.00.00,Yes,Collision with vehicle,Wednesday,CROSS TRAFFIC(INTERSECTIONS ONLY),No,Dark Street lights on,No,Cross intersection,Other injury accident,50 km/hr,No,44434,145.01844,-37.74208,Intersection,DAREBIN,METROPOLITAN NORTH WEST REGION,2501625.523,2417650.93,2,1,0,0,1,1,1,1,1,0,1,0,0,0,0,0,0,0,0,0,No,0,2,0,1,0,0,MELB_URBAN,MELB_URBAN,DAREBIN,METROPOLITAN NORTH WEST REGION,,,Local Road,Local Road,Undivided,Undiv,Metro
3402981,T20130016501,ABS to receive accident,Finished,10/8/2013,14.30.00,Yes,Collision with vehicle,Saturday,CROSS TRAFFIC(INTERSECTIONS ONLY),Yes,Day,No,Cross intersection,Other injury accident,50 km/hr,No,63801,144.92781,-37.7638,Intersection,MOONEE VALLEY,METROPOLITAN NORTH WEST REGION,2493639.877,2415237.861,2,2,0,0,2,0,1,0,1,0,0,0,0,0,1,0,0,0,0,0,No,0,2,0,0,0,0,MELB_URBAN,MELB_URBAN,MOONEE VALLEY,METROPOLITAN NORTH WEST REGION,,,Local Road,Local Road,Undivided,Undiv,Metro
3402982,T20130016503,ABS to receive accident,Finished,10/8/2013,15.56.00,Yes,Vehicle overturned (no collision),Saturday,OFF CARRIAGEWAY TO LEFT,No,Day,Yes,Cross intersection,Serious injury accident,60 km/hr,Yes,41179,144.9991,-37.89889,Intersection,BAYSIDE,METROPOLITAN SOUTH EAST REGION,2499920.489,2400246.275,1,1,0,1,0,0,1,0,0,0,0,0,0,1,0,0,0,0,0,0,No,0,1,0,0,1,0,MELB_URBAN,MELB_URBAN,BAYSIDE,METROPOLITAN SOUTH EAST REGION,,,Arterial Other,"Arterial Other,Local Road",Undivided,Undiv,Metro
3402983,T20130016504,ABS to receive accident,Finished,10/8/2013,14.30.00,Yes,Collision with vehicle,Saturday,RIGHT REAR.,No,Day,Yes,T intersection,Other injury accident,80 km/hr,No,56737,146.33764,-38.66668,Intersection,SOUTH GIPPSLAND,EASTERN REGION,2616444.515,2314193.818,5,1,0,0,1,4,3,2,0,3,2,0,0,0,0,0,0,0,0,1,No,0,2,0,2,0,0,RURAL_VICTORIA,RURAL_VICTORIA,SOUTH GIPPSLAND,"EASTERN REGION,EASTERN REGION",A,A,Arterial Highway,"Arterial Highway,Local Road",Undivided,Undiv,Country
3402984,T20130016505,ABS to receive accident,Finished,10/8/2013,15.35.00,Yes,Collision with vehicle,Saturday,RIGHT THROUGH,No,Day,Yes,Cross intersection,Other injury accident,60 km/hr,No,40096,144.98039,-37.85798,Intersection,PORT PHILLIP,METROPOLITAN NORTH WEST REGION,2498274.696,2404786.717,7,2,0,0,2,5,6,1,0,5,2,0,0,0,0,0,0,0,1,1,No,0,2,0,2,0,0,MELB_URBAN,MELB_URBAN,PORT PHILLIP,METROPOLITAN NORTH WEST REGION,,,Arterial Other,"Arterial Other,Local Road",Divided,"Div,Undiv",Metro
3402985,T20130016507,ABS to receive accident,Finished,10/8/2013,15.30.00,Yes,Collision with vehicle,Saturday,LANE CHANGE RIGHT (NOT OVERTAKING),No,Day,No,Not at intersection,Other injury accident,80 km/hr,No,262741,145.23397,-37.92328,Non-Intersection,KNOX,METROPOLITAN SOUTH EAST REGION,2520570.872,2397514.431,6,1,0,0,1,5,4,2,0,4,2,0,0,0,0,0,0,0,0,0,No,0,2,0,2,0,0,MELB_URBAN,MELB_URBAN,KNOX,METROPOLITAN SOUTH EAST REGION,,,Arterial Highway,Arterial Highway,Divided,Div,Metro
3402986,T20130016513,ABS to receive accident,Finished,10/8/2013,17.00.00,Yes,Collision with vehicle,Saturday,CROSS TRAFFIC(INTERSECTIONS ONLY),No,Day,Yes,Cross intersection,Other injury accident,80 km/hr,No,35597,145.34772,-37.95405,Intersection,YARRA RANGES,METROPOLITAN SOUTH EAST REGION,2530559.402,2394068.362,2,1,0,0,1,1,2,0,0,0,2,0,0,0,0,0,0,0,0,0,No,0,2,0,2,0,0,RURAL_VICTORIA,RURAL_VICTORIA,YARRA RANGES,METROPOLITAN SOUTH EAST REGION,C,C,Arterial Other,Arterial Other,Undivided,Undiv,Metro
3402987,T20130016515,ABS to receive accident,Finished,10/8/2013,18.20.00,Yes,Struck Pedestrian,Saturday,FAR SIDE. PED HIT BY VEHICLE FROM THE LEFT,No,Dark Street lights on,Yes,T intersection,Serious injury accident,60 km/hr,No,72544,144.31077,-38.18327,Intersection,GEELONG,SOUTH WESTERN REGION,2439611.027,2368462.122,2,1,0,1,0,1,1,1,0,0,1,1,0,0,0,0,0,1,0,1,No,0,1,0,1,0,0,LARGE_PROVINCIAL_CITIES,LARGE_PROVINCIAL_CITIES,GEELONG,SOUTH WESTERN REGION,,,Local Road,Local Road,Undivided,Undiv,Country
3402988,T20130016516,ABS to receive accident,Finished,10/8/2013,21.15.00,Yes,Collision with a fixed object,Saturday,OFF RIGHT BEND INTO OBJECT/PARKED VEHICLE,Yes,Dark Street lights on,Yes,Not at intersection,Serious injury accident,60 km/hr,Yes,265495,145.95018,-38.46846,Non-Intersection,SOUTH GIPPSLAND,EASTERN REGION,2582936.492,2336606.231,1,1,0,1,0,0,1,0,0,0,1,0,0,0,0,0,0,0,0,0,Yes,0,1,0,1,0,0,TOWNS,TOWNS,SOUTH GIPPSLAND,"EASTERN REGION,EASTERN REGION",B,B,Arterial Highway,Arterial Highway,Divided,Div,Country
3402989,T20130016520,ABS to receive accident,Finished,10/8/2013,22.00.00,Yes,Collision with vehicle,Saturday,HEAD ON (NOT OVERTAKING),No,Dark Street lights on,Yes,Not at intersection,Other injury accident,50 km/hr,No,262700,144.83989,-37.78828,Non-Intersection,BRIMBANK,METROPOLITAN NORTH WEST REGION,2485897.378,2412511.416,2,1,0,0,1,1,0,1,0,0,2,0,0,0,0,0,0,0,0,1,No,0,2,0,2,0,0,MELB_URBAN,MELB_URBAN,BRIMBANK,METROPOLITAN NORTH WEST REGION,,,Local Road,Local Road,Undivided,Undiv,Metro
3402990,T20130016521,ABS to receive accident,Finished,10/8/2013,15.33.00,Yes,Struck Pedestrian,Saturday,ANY MANOEUVRE INVOLVING PED NOT INCLUDED IN DCAs 100-108.,No,Day,No,T intersection,Other injury accident,40 km/hr,No,263496,144.94248,-37.75665,Intersection,MORELAND,METROPOLITAN NORTH WEST REGION,2494931.636,2416031.712,3,1,0,0,1,2,2,1,0,1,1,1,0,0,0,1,0,0,0,0,No,0,1,0,1,0,0,MELB_URBAN,MELB_URBAN,MORELAND,METROPOLITAN NORTH WEST REGION,,,Local Road,Local Road,Undivided,Undiv,Metro
3402991,T20130016527,ABS to receive accident,Finished,11/8/2013,03.15.00,Yes,Struck Pedestrian,Sunday,PED WALKING AGAINST TRAFFIC.,No,Dark No street lights,Yes,Not at intersection,Serious injury accident,60 km/hr,No,262534,146.48857,-38.19945,Non-Intersection,LATROBE,EASTERN REGION,2630393.289,2365865.336,2,1,0,1,0,1,1,1,0,0,1,1,0,0,0,0,0,0,0,0,No,0,1,0,1,0,0,SMALL_CITIES,SMALL_CITIES,LATROBE,"EASTERN REGION,EASTERN REGION",,,Local Road,Local Road,Undivided,Undiv,Country
3402992,T20130016653,ABS to receive accident,Finished,13/8/2013,09.00.00,No,Collision with vehicle,Tuesday,CROSS TRAFFIC(INTERSECTIONS ONLY),No,Day,No,Cross intersection,Serious injury accident,50 km/hr,No,36303,144.96582,-37.79851,Intersection,MELBOURNE,METROPOLITAN NORTH WEST REGION,2496989.763,2411386.804,2,1,0,1,0,1,2,0,1,0,1,0,0,0,0,0,0,0,0,0,No,0,2,0,1,0,0,MELB_URBAN,MELB_URBAN,MELBOURNE,METROPOLITAN NORTH WEST REGION,,,Local Road,Local Road,Divided,"Div,Undiv",Metro
3402993,T20130016654,ABS to receive accident,Finished,13/8/2013,10.13.00,No,Collision with vehicle,Tuesday,LEFT NEAR (INTERSECTIONS ONLY),No,Day,Yes,T intersection,Other injury accident,50 km/hr,No,42092,145.01957,-37.95914,Intersection,BAYSIDE,METROPOLITAN SOUTH EAST REGION,2501719.597,2393559.656,2,1,0,0,1,1,1,1,1,0,1,0,0,0,0,0,0,0,0,0,No,0,2,0,1,0,0,MELB_URBAN,MELB_URBAN,BAYSIDE,METROPOLITAN SOUTH EAST REGION,,,Arterial Other,"Arterial Other,Local Road",Undivided,Undiv,Metro
3402994,T20130016658,ABS to receive accident,Finished,24/7/2013,17.15.00,No,No collision and no object struck,Wednesday,OUT OF CONTROL ON CARRIAGEWAY (ON STRAIGHT),No,Dusk/Dawn,No,Not at intersection,Serious injury accident,50 km/hr,No,262753,145.3695,-36.49891,Non-Intersection,SHEPPARTON,NORTH EASTERN REGION,2533100.466,2555535.488,1,1,0,1,0,0,1,0,0,0,0,0,0,1,0,0,0,0,0,0,No,0,1,0,0,1,0,RURAL_VICTORIA,RURAL_VICTORIA,SHEPPARTON,NORTH EASTERN REGION,,,Local Road,Local Road,Undivided,Undiv,Country
3402995,T20130016659,ABS to receive accident,Finished,7/8/2013,18.15.00,Yes,Collision with vehicle,Wednesday,REAR END(VEHICLES IN SAME LANE),No,Dark Street lights on,No,Cross intersection,Other injury accident,60 km/hr,No,223225,145.08829,-37.65125,Intersection,WHITTLESEA,METROPOLITAN NORTH WEST REGION,2507790.624,2427727.639,2,1,0,0,1,1,1,1,0,0,2,0,0,0,0,0,0,0,0,1,No,0,2,0,2,0,0,MELB_URBAN,MELB_URBAN,WHITTLESEA,METROPOLITAN NORTH WEST REGION,,,,,,,Metro
3402996,T20130016661,ABS to receive accident,Finished,13/8/2013,09.34.00,No,Collision with vehicle,Tuesday,CROSS TRAFFIC(INTERSECTIONS ONLY),No,Day,Yes,Cross intersection,Serious injury accident,50 km/hr,No,262754,144.56749,-38.16706,Intersection,GEELONG,SOUTH WESTERN REGION,2462096.036,2370394.063,3,3,0,1,2,0,2,1,0,1,2,0,0,0,0,0,0,0,0,0,No,0,2,1,1,0,0,SMALL_CITIES,SMALL_CITIES,GEELONG,SOUTH WESTERN REGION,,,Local Road,Local Road,Undivided,Undiv,Country
3402997,T20130016663,ABS to receive accident,Finished,9/8/2013,08.00.00,No,Collision with vehicle,Friday,REAR END(VEHICLES IN SAME LANE),No,Day,No,Cross intersection,Other injury accident,Not known,No,222107,145.12757,-37.91468,Intersection,MONASH,METROPOLITAN SOUTH EAST REGION,2511217.166,2398487.221,3,1,0,0,1,2,0,1,0,0,3,0,0,0,0,0,0,0,0,0,No,0,3,0,3,0,0,MELB_URBAN,MELB_URBAN,MONASH,METROPOLITAN SOUTH EAST REGION,,,Arterial Highway,Arterial Highway,Divided,Div,Metro
3402998,T20130016668,ABS to receive accident,Finished,13/8/2013,11.00.00,No,Collision with vehicle,Monday,RIGHT NEAR (INTERSECTIONS ONLY),No,Day,Yes,T intersection,Other injury accident,100 km/hr,No,339635,145.03129,-36.35371,Intersection,CAMPASPE,NORTHERN REGION,2502807.981,2571710.507,4,2,0,0,2,2,0,4,0,2,2,0,0,0,0,0,0,0,1,0,No,0,2,0,2,0,0,RURAL_VICTORIA,RURAL_VICTORIA,"SHEPPARTON,CAMPASPE","NORTHERN REGION,NORTH EASTERN REGION",C,C,Arterial Other,"Arterial Other,Local Road",Undivided,Undiv,Country
3402999,T20130016670,ABS to receive accident,Finished,7/8/2013,16.45.00,No,Collision with vehicle,Wednesday,REAR END(VEHICLES IN SAME LANE),No,Dusk/Dawn,No,T intersection,Other injury accident,60 km/hr,No,40453,145.06321,-37.83465,Intersection,BOROONDARA,METROPOLITAN SOUTH EAST REGION,2505564.191,2407375.031,2,1,0,0,1,1,0,2,0,0,2,0,0,0,0,0,0,0,1,1,No,0,2,0,2,0,0,MELB_URBAN,MELB_URBAN,BOROONDARA,METROPOLITAN SOUTH EAST REGION,,,Arterial Other,"Arterial Other,Local Road",Divided,"Div,Undiv",Metro
3403000,T20130016671,ABS to receive accident,Finished,12/8/2013,11.00.00,No,No collision and no object struck,Monday,OUT OF CONTROL ON CARRIAGEWAY (ON STRAIGHT),No,Day,No,Cross intersection,Other injury accident,50 km/hr,No,38688,144.8828,-37.80398,Intersection,MARIBYRNONG,METROPOLITAN NORTH WEST REGION,2489679.055,2410774.568,1,1,0,0,1,0,1,0,0,0,0,0,0,1,0,0,0,0,0,0,No,0,1,0,0,1,0,MELB_URBAN,MELB_URBAN,MARIBYRNONG,METROPOLITAN NORTH WEST REGION,,,Arterial Highway,"Arterial Highway,Arterial Other",Divided,"Div,Undiv",Metro
3403001,T20130016675,ABS to receive accident,Finished,13/8/2013,14.30.00,No,Collision with vehicle,Tuesday,LEAVING PARKING,No,Day,Yes,Not at intersection,Other injury accident,50 km/hr,No,262745,144.73123,-37.5806,Non-Intersection,HUME,METROPOLITAN NORTH WEST REGION,2476262.13,2435538.821,2,1,0,0,1,1,2,0,0,0,2,0,0,0,0,0,0,0,0,1,No,0,2,0,2,0,0,SMALL_CITIES,SMALL_CITIES,HUME,METROPOLITAN NORTH WEST REGION,,,Local Road,Local Road,Undivided,Undiv,Metro
3403002,T20130016677,ABS to receive accident,Finished,13/8/2013,09.10.00,No,Collision with vehicle,Tuesday,REAR END(VEHICLES IN SAME LANE),No,Day,Yes,Not at intersection,Other injury accident,60 km/hr,No,201622,145.06419,-37.68623,Non-Intersection,WHITTLESEA,METROPOLITAN NORTH WEST REGION,2505661.443,2423847.196,4,1,0,0,1,3,4,0,0,1,3,0,0,0,0,0,0,0,0,1,No,0,3,0,3,0,0,MELB_URBAN,MELB_URBAN,WHITTLESEA,METROPOLITAN NORTH WEST REGION,M,M,Freeway,Freeway,Divided,Div,Metro
3403003,T20130016679,ABS to receive accident,Finished,13/8/2013,14.20.00,No,Collision with vehicle,Tuesday,RIGHT REAR.,No,Day,Yes,Not at intersection,Serious injury accident,80 km/hr,No,262747,144.39301,-38.04126,Non-Intersection,GEELONG,SOUTH WESTERN REGION,2446716.545,2384274.511,2,2,0,1,1,0,2,0,0,0,2,0,0,0,0,0,0,0,0,0,No,0,2,0,2,0,0,RURAL_VICTORIA,RURAL_VICTORIA,GEELONG,SOUTH WESTERN REGION,C,C,Arterial Other,Arterial Other,Undivided,Undiv,Country
3403004,T20130016682,ABS to receive accident,Finished,12/8/2013,18.15.00,Yes,Collision with vehicle,Monday,LEFT REAR,No,Dusk/Dawn,No,Not at intersection,Serious injury accident,60 km/hr,No,264098,142.90669,-38.23865,Non-Intersection,CORANGAMITE,SOUTH WESTERN REGION,2316736.635,2360517.904,2,1,0,1,0,1,2,0,0,0,2,0,0,0,0,0,0,0,0,0,No,0,2,0,2,0,0,TOWNS,TOWNS,CORANGAMITE,SOUTH WESTERN REGION,,,Local Road,Local Road,Undivided,Undiv,Country
3403005,T20130016529,ABS to receive accident,Finished,10/8/2013,10.40.00,No,Collision with vehicle,Saturday,REAR END(VEHICLES IN SAME LANE),No,Day,Yes,Not at intersection,Other injury accident,60 km/hr,No,262944,145.08832,-37.90987,Non-Intersection,MONASH,METROPOLITAN SOUTH EAST REGION,2507766.597,2399024.191,2,1,0,0,1,1,0,2,0,0,2,0,0,0,0,0,0,0,0,1,No,0,2,0,2,0,0,MELB_URBAN,MELB_URBAN,MONASH,METROPOLITAN SOUTH EAST REGION,,,Arterial Highway,Arterial Highway,Undivided,Undiv,Metro
3403006,T20130016531,ABS to receive accident,Finished,9/8/2013,15.15.00,No,Collision with a fixed object,Friday,OFF RIGHT BEND INTO OBJECT/PARKED VEHICLE,No,Day,Yes,Not at intersection,Other injury accident,70 km/hr,Yes,262695,145.32766,-37.83117,Non-Intersection,YARRA RANGES,METROPOLITAN SOUTH EAST REGION,2528843.47,2407713.118,2,2,0,0,2,0,0,2,0,1,1,0,0,0,0,0,0,0,0,0,No,0,1,0,1,0,0,MELB_URBAN,MELB_URBAN,YARRA RANGES,METROPOLITAN SOUTH EAST REGION,,,Local Road,Local Road,Undivided,Undiv,Metro
3403007,T20130016534,ABS to receive accident,Finished,10/8/2013,11.15.00,No,Collision with vehicle,Saturday,HEAD ON (NOT OVERTAKING),No,Day,Yes,Not at intersection,Other injury accident,60 km/hr,No,264336,145.5236,-37.77695,Non-Intersection,YARRA RANGES,METROPOLITAN SOUTH EAST REGION,2546125.121,2413653.962,4,2,0,0,2,2,3,1,0,2,2,0,0,0,0,0,0,0,0,0,No,1,2,0,2,0,0,TOWNS,TOWNS,YARRA RANGES,METROPOLITAN SOUTH EAST REGION,B,B,Arterial Highway,Arterial Highway,Undivided,Undiv,Metro
3403008,T20130016535,ABS to receive accident,Finished,11/8/2013,09.30.00,Yes,Collision with vehicle,Sunday,RIGHT THROUGH,No,Day,Yes,Cross intersection,Other injury accident,60 km/hr,No,44791,142.20226,-36.71176,Intersection,HORSHAM,WESTERN REGION,2250102.636,2528309.967,4,1,0,0,1,3,2,2,0,2,2,0,0,0,0,0,0,0,0,0,No,0,2,0,2,0,0,SMALL_CITIES,SMALL_CITIES,HORSHAM,WESTERN REGION,A,"A,C",Arterial Highway,"Arterial Highway,Local Road,Arterial Other",Divided,"Div,Undiv",Country
3403009,T20130016539,ABS to receive accident,Finished,6/8/2013,10.20.00,No,Collision with vehicle,Tuesday,RIGHT THROUGH,No,Day,Yes,Not at intersection,Other injury accident,50 km/hr,No,262739,144.06177,-37.1066,Non-Intersection,MOUNT ALEXANDER,NORTHERN REGION,2416617.146,2487760.613,2,1,0,0,1,1,0,2,0,0,2,0,0,0,0,0,0,0,0,1,No,0,2,0,2,0,0,SMALL_TOWNS,SMALL_TOWNS,MOUNT ALEXANDER,NORTHERN REGION,B,B,Arterial Highway,Arterial Highway,Undivided,Undiv,Country
3403010,T20130016541,ABS to receive accident,Finished,11/8/2013,09.50.00,Yes,Collision with vehicle,Sunday,RIGHT NEAR (INTERSECTIONS ONLY),No,Day,Yes,Cross intersection,Other injury accident,50 km/hr,No,51994,147.72203,-37.91701,Intersection,EAST GIPPSLAND,EASTERN REGION,2739313.003,2394814.509,3,1,0,0,1,2,3,0,0,1,2,0,0,0,0,0,0,0,0,1,No,0,2,0,2,0,0,TOWNS,TOWNS,EAST GIPPSLAND,"EASTERN REGION,EASTERN REGION",,,Local Road,Local Road,Undivided,Undiv,Country
3403011,T20130016543,ABS to receive accident,Finished,11/8/2013,08.20.00,No,Collision with vehicle,,LANE SIDE SWIPE (VEHICLES IN PARALLEL LANES),Yes,Day,No,Cross intersection,Other injury accident,50 km/hr,No,43441,145.12255,-38.14026,Intersection,FRANKSTON,METROPOLITAN SOUTH EAST REGION,2510743.498,2373448.926,2,1,0,0,1,1,2,0,1,0,1,0,0,0,0,0,0,0,0,0,No,0,2,0,0,0,1,MELB_URBAN,MELB_URBAN,FRANKSTON,METROPOLITAN SOUTH EAST REGION,,,Arterial Highway,"Arterial Highway,Local Road",Divided,"Div,Undiv",Metro