OBJECTID,ACCIDENT_NO,ABS_CODE,ACCIDENT_STATUS,ACCIDENT_DATE,ACCIDENT_TIME,ALCOHOLTIME,ACCIDENT_TYPE,DAY_OF_WEEK,DCA_CODE,HIT_RUN_FLAG,LIGHT_CONDITION,POLICE_ATTEND,ROAD_GEOMETRY,SEVERITY,SPEED_ZONE,RUN_OFFROAD,NODE_ID,LONGITUDE,LATITUDE,NODE_TYPE,LGA_NAME,REGION_NAME,VICGRID_X,VICGRID_Y,TOTAL_PERSONS,INJ_OR_FATAL,FATALITY,SERIOUSINJURY,OTHERINJURY,NONINJURED,MALES,FEMALES,BICYCLIST,PASSENGER,DRIVER,PEDESTRIAN,PILLION,MOTORIST,UNKNOWN,PED_CYCLIST_5_12,PED_CYCLIST_13_18,OLD_PEDESTRIAN,OLD_DRIVER,YOUNG_DRIVER,ALCOHOL_RELATED,UNLICENCSED,NO_OF_VEHICLES,HEAVYVEHICLE,PASSENGERVEHICLE,MOTORCYCLE,PUBLICVEHICLE,DEG_URBAN_NAME,DEG_URBAN_ALL,LGA_NAME_ALL,REGION_NAME_ALL,SRNS,SRNS_ALL,RMA,RMA_ALL,DIVIDED,DIVIDED_ALL,STAT_DIV_NAME
3403012,T20130016546,ABS to receive accident,Finished,11/8/2013,12.20.00,No,Collision with vehicle,Sunday,RIGHT THROUGH,No,Day,Yes,T intersection,Other injury accident,60 km/hr,No,63738,144.8242,-37.76179,Intersection,BRIMBANK,METROPOLITAN NORTH WEST REGION,2484510.382,2415448.952,4,1,0,0,1,3,1,3,0,2,2,0,0,0,0,0,0,0,0,0,No,0,2,0,2,0,0,MELB_URBAN,MELB_URBAN,BRIMBANK,METROPOLITAN NORTH WEST REGION,,,Local Road,Local Road,Undivided,Undiv,Metro
3403013,T20130016551,ABS to receive accident,Finished,7/8/2013,09.23.00,No,Collision with a fixed object,Wednesday,LEFT OFF CARRIAGEWAY INTO OBJECT/PARKED VEHICLE,No,Day,Yes,Not at intersection,Other injury accident,100 km/hr,Yes,271091,145.20368,-36.78868,Non-Intersection,STRATHBOGIE,NORTH EASTERN REGION,2518177.299,2523428.035,1,1,0,0,1,0,1,0,0,0,1,0,0,0,0,0,0,0,0,0,No,0,1,1,0,0,0,RURAL_VICTORIA,RURAL_VICTORIA,STRATHBOGIE,NORTH EASTERN REGION,,,Local Road,Local Road,Undivided,Undiv,Country
3403014,T20130016553,ABS to receive accident,Finished,11/8/2013,11.26.00,No,Collision with vehicle,Sunday,RIGHT THROUGH,No,Day,Yes,T intersection,Serious injury accident,100 km/hr,No,265900,145.49227,-38.55881,Intersection,BASS COAST,EASTERN REGION,2542916.317,2326878.06,5,3,0,3,0,2,4,1,0,1,1,0,0,3,0,0,0,0,0,1,No,0,4,0,1,3,0,RURAL_VICTORIA,RURAL_VICTORIA,BASS COAST,"EASTERN REGION,EASTERN REGION",,,,,,,Country
3403015,T20130016555,ABS to receive accident,Finished,11/8/2013,14.50.00,No,No collision and no object struck,Sunday,FELL IN/FROM VEHICLE,No,Day,No,Cross intersection,Other injury accident,50 km/hr,No,48105,145.4542,-38.06475,Intersection,CARDINIA,METROPOLITAN SOUTH EAST REGION,2539858.846,2381741.429,2,1,0,0,1,1,1,1,0,1,1,0,0,0,0,0,0,0,0,0,No,0,1,0,0,0,1,SMALL_CITIES,SMALL_CITIES,CARDINIA,METROPOLITAN SOUTH EAST REGION,,,Local Road,Local Road,Divided,"Div,Undiv",Metro
3403016,T20130016556,ABS to receive accident,Finished,11/8/2013,15.30.00,No,Vehicle overturned (no collision),Sunday,OFF CARRIAGEWAY ON LEFT BEND,No,Day,Yes,T intersection,Serious injury accident,100 km/hr,Yes,30012,145.66385,-36.9331,Intersection,MANSFIELD,NORTH EASTERN REGION,2559132.455,2507217.309,1,1,0,1,0,0,1,0,0,0,0,0,0,1,0,0,0,0,0,0,No,0,1,0,0,1,0,RURAL_VICTORIA,RURAL_VICTORIA,"STRATHBOGIE,MANSFIELD",NORTH EASTERN REGION,C,C,Arterial Other,"Arterial Other,Local Road",Undivided,Undiv,Country
3403017,T20130016558,ABS to receive accident,Finished,2/8/2013,16.15.00,Yes,Collision with vehicle,Friday,REAR END(VEHICLES IN SAME LANE),No,Day,No,T intersection,Other injury accident,80 km/hr,No,928,145.16844,-38.10435,Intersection,FRANKSTON,METROPOLITAN SOUTH EAST REGION,2514774.286,2377428.542,2,1,0,0,1,1,1,1,0,0,1,0,0,1,0,0,0,0,0,0,No,0,2,0,1,1,0,MELB_URBAN,MELB_URBAN,FRANKSTON,METROPOLITAN SOUTH EAST REGION,,,Arterial Highway,"Arterial Highway,Local Road",Divided,"Div,Undiv",Metro
3403018,T20130016559,ABS to receive accident,Finished,11/8/2013,13.36.00,No,Collision with a fixed object,Sunday,LEFT OFF CARRIAGEWAY INTO OBJECT/PARKED VEHICLE,No,Day,Yes,Not at intersection,Serious injury accident,100 km/hr,Yes,262602,146.03202,-36.53396,Non-Intersection,BENALLA,NORTH EASTERN REGION,2592406.471,2551209.619,2,2,0,1,1,0,1,1,0,1,1,0,0,0,0,0,0,0,1,0,No,0,1,0,1,0,0,RURAL_VICTORIA,RURAL_VICTORIA,BENALLA,NORTH EASTERN REGION,C,C,Arterial Other,Arterial Other,Undivided,Undiv,Country
3403019,T20130016562,ABS to receive accident,Finished,2/8/2013,09.00.00,No,No collision and no object struck,Friday,OUT OF CONTROL ON CARRIAGEWAY (ON STRAIGHT),No,Day,No,Cross intersection,Other injury accident,80 km/hr,No,41721,145.12922,-37.89961,Intersection,MONASH,METROPOLITAN SOUTH EAST REGION,2511364.822,2400159.519,1,1,0,0,1,0,1,0,0,0,0,0,0,1,0,0,0,0,0,0,No,0,1,0,0,1,0,MELB_URBAN,MELB_URBAN,MONASH,METROPOLITAN SOUTH EAST REGION,,,Arterial Other,Arterial Other,Divided,"Div,Undiv",Metro
3403020,T20130016563,ABS to receive accident,Finished,11/8/2013,16.32.00,Yes,Collision with a fixed object,Sunday,RIGHT OFF CARRIAGEWAY INTO OBJECT/PARKED VEHICLE,No,Day,Yes,T intersection,Other injury accident,50 km/hr,Yes,262702,145.13177,-38.16567,Intersection,FRANKSTON,METROPOLITAN SOUTH EAST REGION,2511547.926,2370626.356,1,1,0,0,1,0,1,0,0,0,0,0,0,1,0,0,0,0,0,0,No,0,1,0,0,1,0,MELB_URBAN,MELB_URBAN,FRANKSTON,METROPOLITAN SOUTH EAST REGION,,,Local Road,Local Road,Undivided,Undiv,Metro
3403021,T20130016566,ABS to receive accident,Finished,11/8/2013,18.25.00,Yes,Collision with vehicle,Sunday,REAR END(VEHICLES IN SAME LANE),No,Dark Street lights on,Yes,Not at intersection,Other injury accident,60 km/hr,No,264173,144.9458,-37.75358,Non-Intersection,MORELAND,METROPOLITAN NORTH WEST REGION,2495224.243,2416373.123,3,1,0,0,1,2,1,2,0,0,3,0,0,0,0,0,0,0,0,0,No,0,3,0,3,0,0,MELB_URBAN,MELB_URBAN,MORELAND,METROPOLITAN NORTH WEST REGION,,,Arterial Other,Arterial Other,Undivided,Undiv,Metro
3403022,T20130016567,ABS to receive accident,Finished,20/7/2013,11.30.00,No,No collision and no object struck,Saturday,OUT OF CONTROL ON CARRIAGEWAY (ON STRAIGHT),No,Day,No,T intersection,Other injury accident,100 km/hr,No,262735,144.04905,-38.26646,Intersection,SURF COAST,SOUTH WESTERN REGION,2416772.846,2359030.782,1,1,0,0,1,0,1,0,0,0,0,0,0,1,0,0,0,0,0,0,No,0,1,0,0,1,0,RURAL_VICTORIA,RURAL_VICTORIA,SURF COAST,SOUTH WESTERN REGION,,,Local Road,Local Road,Undivided,Undiv,Country
3403023,T20130016570,ABS to receive accident,Finished,11/8/2013,14.45.00,No,Vehicle overturned (no collision),Sunday,OFF CARRIAGEWAY ON RIGHT BEND,No,Day,Yes,Not at intersection,Other injury accident,100 km/hr,Yes,262853,146.16796,-37.82251,Non-Intersection,BAW BAW,EASTERN REGION,2602823.944,2408093.345,5,1,0,0,1,4,3,2,0,3,1,0,0,1,0,0,0,0,0,0,No,0,2,0,1,1,0,RURAL_VICTORIA,RURAL_VICTORIA,BAW BAW,"EASTERN REGION,EASTERN REGION",C,C,Arterial Other,Arterial Other,Undivided,Undiv,Country
3403024,T20130016572,ABS to receive accident,Finished,11/8/2013,16.28.00,Yes,Collision with a fixed object,Sunday,RIGHT OFF CARRIAGEWAY INTO OBJECT/PARKED VEHICLE,No,Day,Yes,Not at intersection,Other injury accident,60 km/hr,Yes,262742,145.02515,-37.90674,Non-Intersection,GLEN EIRA,METROPOLITAN SOUTH EAST REGION,2502212.132,2399375.151,1,1,0,0,1,0,1,0,0,0,1,0,0,0,0,0,0,0,0,0,No,0,2,0,2,0,0,MELB_URBAN,MELB_URBAN,"GLEN EIRA,BAYSIDE",METROPOLITAN SOUTH EAST REGION,,,Local Road,Local Road,Undivided,Undiv,Metro
3403025,T20130016576,ABS to receive accident,Finished,11/8/2013,22.00.00,No,Collision with vehicle,,RIGHT THROUGH,No,Dark Street lights on,No,Multiple intersection,Other injury accident,60 km/hr,No,1190,144.35064,-38.16758,Intersection,GEELONG,SOUTH WESTERN REGION,2443092.787,2370228.641,2,1,0,0,1,1,0,2,0,0,2,0,0,0,0,0,0,0,0,1,No,0,2,0,2,0,0,LARGE_PROVINCIAL_CITIES,LARGE_PROVINCIAL_CITIES,GEELONG,SOUTH WESTERN REGION,,,Local Road,Local Road,Undivided,Undiv,Country
3403026,T20130016578,ABS to receive accident,Finished,12/8/2013,05.00.00,Yes,Collision with vehicle,Monday,RIGHT NEAR (INTERSECTIONS ONLY),No,Dark Street lights on,Yes,Cross intersection,Serious injury accident,80 km/hr,No,629,145.21686,-37.83229,Non-Intersection,MAROONDAH,METROPOLITAN SOUTH EAST REGION,2519089.802,2407616.444,2,1,0,1,0,1,2,0,0,0,2,0,0,0,0,0,0,0,0,0,No,0,2,0,2,0,0,MELB_URBAN,MELB_URBAN,MAROONDAH,METROPOLITAN SOUTH EAST REGION,,,Arterial Other,Arterial Other,Divided,Div,Metro
3403027,T20130016582,ABS to receive accident,Finished,12/8/2013,08.30.00,Yes,Collision with vehicle,Sunday,LANE SIDE SWIPE (VEHICLES IN PARALLEL LANES),No,Day,No,Not at intersection,Serious injury accident,60 km/hr,No,262640,144.93216,-37.82194,Non-Intersection,MELBOURNE,METROPOLITAN NORTH WEST REGION,2494027.462,2408785.67,2,1,0,1,0,1,2,0,1,0,1,0,0,0,0,0,0,0,0,0,No,0,3,0,2,0,0,MELB_URBAN,MELB_URBAN,MELBOURNE,METROPOLITAN NORTH WEST REGION,,,Arterial Other,Arterial Other,Undivided,Undiv,Metro
3403028,T20130016586,ABS to receive accident,Finished,12/8/2013,10.18.00,No,Struck animal,Monday,STRUCK ANIMAL,No,Day,Yes,Not at intersection,Serious injury accident,50 km/hr,No,262673,145.11562,-38.04397,Non-Intersection,KINGSTON,METROPOLITAN SOUTH EAST REGION,2510149.315,2384137.334,1,1,0,1,0,0,1,0,0,0,0,0,0,1,0,0,0,0,0,0,No,0,1,0,0,1,0,MELB_URBAN,MELB_URBAN,KINGSTON,METROPOLITAN SOUTH EAST REGION,,,Local Road,Local Road,Undivided,Undiv,Metro
3403029,T20130016587,ABS to receive accident,Finished,12/8/2013,08.40.00,No,Collision with vehicle,Monday,RIGHT THROUGH,No,Day,Yes,Cross intersection,Other injury accident,100 km/hr,No,59313,146.0411,-36.53015,Intersection,BENALLA,NORTH EASTERN REGION,2593224.335,2551623.192,3,2,0,0,2,1,2,1,0,1,2,0,0,0,0,0,0,0,0,0,No,0,2,0,2,0,0,RURAL_VICTORIA,RURAL_VICTORIA,BENALLA,NORTH EASTERN REGION,C,C,Arterial Other,"Arterial Other,Local Road",Undivided,Undiv,Country
3403030,T20130016591,ABS to receive accident,Finished,12/8/2013,09.03.00,No,Struck Pedestrian,Monday,PED EMERGES FROM IN FRONT OF PARKED OR STATIONARY VEHICLE,No,Day,Yes,Not at intersection,Other injury accident,50 km/hr,No,262704,145.16316,-37.87933,Non-Intersection,MONASH,METROPOLITAN SOUTH EAST REGION,2514353.805,2402405.793,2,1,0,0,1,1,1,1,0,0,1,1,0,0,0,0,1,0,0,1,No,0,1,0,1,0,0,MELB_URBAN,MELB_URBAN,MONASH,METROPOLITAN SOUTH EAST REGION,,,Local Road,Local Road,Undivided,Undiv,Metro
3403031,T20130016596,ABS to receive accident,Finished,9/8/2013,18.15.00,Yes,Struck Pedestrian,Friday,PED STRUCK WALKING TO/FROM OR BOARDING/ALIGHTING VEHICLE.,No,Unk.,No,Not at intersection,Other injury accident,Not known,No,262975,145.00249,-37.74252,Non-Intersection,DAREBIN,METROPOLITAN NORTH WEST REGION,2500219.507,2417602.356,2,1,0,0,1,1,2,0,0,0,1,1,0,0,0,0,0,0,0,0,No,0,1,0,1,0,0,MELB_URBAN,MELB_URBAN,DAREBIN,METROPOLITAN NORTH WEST REGION,,,Local Road,Local Road,Undivided,Undiv,Metro
3403032,T20130016599,ABS to receive accident,Finished,12/8/2013,07.40.00,No,Collision with vehicle,Monday,OTHER ADJACENT (INTERSECTIONS ONLY),No,Day,Yes,Cross intersection,Other injury accident,60 km/hr,No,57376,144.75276,-37.72425,Intersection,MELTON,METROPOLITAN NORTH WEST REGION,2478205.186,2419600.764,2,1,0,0,1,1,1,1,0,0,2,0,0,0,0,0,0,0,0,0,No,0,2,0,2,0,0,MELB_URBAN,MELB_URBAN,MELTON,METROPOLITAN NORTH WEST REGION,,,Local Road,Local Road,Divided,"Div,Undiv",Metro
3403033,T20130016602,ABS to receive accident,Finished,11/8/2013,00.50.00,Yes,Struck Pedestrian,Sunday,ANY MANOEUVRE INVOLVING PED NOT INCLUDED IN DCAs 100-108.,No,Dark Street lights on,Yes,Not at intersection,Other injury accident,50 km/hr,No,264089,143.84564,-37.56254,Non-Intersection,BALLARAT,WESTERN REGION,2398023.358,2436957.893,2,1,0,0,1,1,2,0,0,0,1,1,0,0,0,0,1,0,0,0,No,0,1,0,1,0,0,LARGE_PROVINCIAL_CITIES,LARGE_PROVINCIAL_CITIES,BALLARAT,WESTERN REGION,,,Local Road,Local Road,Undivided,Undiv,Country
3403034,T20130016603,ABS to receive accident,Finished,7/8/2013,08.30.00,No,Struck Pedestrian,Wednesday,PED NEAR SIDE. PED HIT BY VEHICLE FROM THE RIGHT.,Yes,Day,No,Cross intersection,Other injury accident,60 km/hr,No,43022,145.21118,-37.9696,Intersection,DANDENONG,METROPOLITAN SOUTH EAST REGION,2518555.964,2392378.186,2,1,0,0,1,1,0,1,0,0,0,1,0,0,1,0,0,0,0,0,No,0,1,0,0,0,0,MELB_URBAN,MELB_URBAN,DANDENONG,METROPOLITAN SOUTH EAST REGION,,,Arterial Other,"Arterial Other,Local Road",Undivided,Undiv,Metro
3403035,T20130016605,ABS to receive accident,Finished,12/8/2013,15.09.00,No,Collision with vehicle,Monday,RIGHT THROUGH,No,Day,Yes,Cross intersection,Other injury accident,60 km/hr,No,1323,144.95801,-37.68953,Intersection,HUME,METROPOLITAN NORTH WEST REGION,2496296.445,2423481.543,3,3,0,0,3,0,2,1,0,1,2,0,0,0,0,0,0,0,0,0,No,0,2,0,2,0,0,MELB_URBAN,MELB_URBAN,HUME,METROPOLITAN NORTH WEST REGION,,,Arterial Other,Arterial Other,Divided,"Div,Undiv",Metro
3403036,T20130016608,ABS to receive accident,Finished,12/8/2013,15.37.00,No,Struck Pedestrian,Monday,PED EMERGES FROM IN FRONT OF PARKED OR STATIONARY VEHICLE,No,Day,Yes,Not at intersection,Other injury accident,80 km/hr,No,262976,145.26444,-38.11072,Non-Intersection,CASEY,METROPOLITAN SOUTH EAST REGION,2523192.262,2376702.218,4,1,0,0,1,3,2,2,0,2,1,1,0,0,0,0,1,0,0,0,No,0,1,0,1,0,0,MELB_URBAN,MELB_URBAN,CASEY,METROPOLITAN SOUTH EAST REGION,,,Arterial Other,Arterial Other,Divided,Div,Metro
3403037,T20130016609,ABS to receive accident,Finished,12/8/2013,15.25.00,No,Struck Pedestrian,Monday,PED NEAR SIDE. PED HIT BY VEHICLE FROM THE RIGHT.,No,Day,Yes,Not at intersection,Other injury accident,60 km/hr,No,262604,144.34283,-38.11377,Non-Intersection,GEELONG,SOUTH WESTERN REGION,2442366.37,2376196.913,2,1,0,0,1,1,2,0,0,0,1,1,0,0,0,1,0,0,0,1,No,0,1,0,1,0,0,LARGE_PROVINCIAL_CITIES,LARGE_PROVINCIAL_CITIES,GEELONG,SOUTH WESTERN REGION,C,C,Arterial Other,Arterial Other,Undivided,Undiv,Country
3403038,T20130016615,ABS to receive accident,Finished,12/8/2013,15.17.00,No,Collision with vehicle,Monday,REAR END(VEHICLES IN SAME LANE),No,Day,Yes,Not at intersection,Other injury accident,60 km/hr,No,262705,145.05364,-37.84739,Non-Intersection,BOROONDARA,METROPOLITAN SOUTH EAST REGION,2504720.494,2405961.506,3,2,0,0,2,1,2,1,0,0,3,0,0,0,0,0,0,0,0,1,No,0,3,0,3,0,0,MELB_URBAN,MELB_URBAN,BOROONDARA,METROPOLITAN SOUTH EAST REGION,,,Arterial Other,Arterial Other,Undivided,Undiv,Metro
3403039,T20130016618,ABS to receive accident,Finished,12/8/2013,08.00.00,No,Collision with vehicle,Monday,REAR END(VEHICLES IN SAME LANE),No,Day,No,Not at intersection,Serious injury accident,40 km/hr,No,262879,145.26177,-37.96762,Non-Intersection,CASEY,METROPOLITAN SOUTH EAST REGION,2523001.578,2392586.635,4,1,0,1,0,3,2,2,0,2,2,0,0,0,0,0,0,0,0,0,No,0,2,0,2,0,0,MELB_URBAN,MELB_URBAN,CASEY,METROPOLITAN SOUTH EAST REGION,,,Local Road,Local Road,Undivided,Undiv,Metro
3403040,T20130016620,ABS to receive accident,Finished,12/8/2013,16.45.00,No,Collision with vehicle,Monday,RIGHT NEAR (INTERSECTIONS ONLY),No,Day,Yes,T intersection,Other injury accident,80 km/hr,No,37019,145.30474,-38.03874,Intersection,CASEY,METROPOLITAN SOUTH EAST REGION,2526752.337,2384680.943,2,1,0,0,1,1,2,0,0,0,2,0,0,0,0,0,0,0,0,1,No,0,2,0,2,0,0,MELB_URBAN,MELB_URBAN,CASEY,METROPOLITAN SOUTH EAST REGION,C,C,Arterial Other,"Arterial Other,Local Road",Divided,"Div,Undiv",Metro
3403041,T20130016621,ABS to receive accident,Finished,11/8/2013,15.10.00,No,Collision with vehicle,Sunday,REAR END(VEHICLES IN SAME LANE),No,Day,No,Cross intersection,Serious injury accident,80 km/hr,No,36752,145.07721,-37.65798,Intersection,WHITTLESEA,METROPOLITAN NORTH WEST REGION,2506812.592,2426981.327,2,1,0,1,0,1,0,2,0,0,2,0,0,0,0,0,0,0,0,1,No,0,2,0,2,0,0,MELB_URBAN,MELB_URBAN,WHITTLESEA,METROPOLITAN NORTH WEST REGION,C,C,Arterial Other,"Arterial Other,Local Road",Divided,"Div,Undiv",Metro
3403042,T20130016624,ABS to receive accident,Finished,12/8/2013,17.50.00,No,Collision with vehicle,Monday,VEHICLE STRIKES ANOTHER VEH WHILE EMERGING FROM DRIVEWAY,No,Dusk/Dawn,Yes,Not at intersection,Other injury accident,50 km/hr,No,262706,143.79589,-37.5603,Non-Intersection,BALLARAT,WESTERN REGION,2393625.616,2437151.727,2,1,0,0,1,1,1,1,1,0,1,0,0,0,0,1,0,0,0,0,No,0,2,0,1,0,0,LARGE_PROVINCIAL_CITIES,LARGE_PROVINCIAL_CITIES,BALLARAT,WESTERN REGION,,,Local Road,Local Road,Undivided,Undiv,Country
3403043,T20130016625,ABS to receive accident,Finished,12/8/2013,19.55.00,Yes,Collision with vehicle,Monday,CROSS TRAFFIC(INTERSECTIONS ONLY),No,Dark Street lights on,No,Cross intersection,Other injury accident,60 km/hr,No,29628,144.91032,-37.74155,Intersection,MOONEE VALLEY,METROPOLITAN NORTH WEST REGION,2492095.734,2417706.055,2,1,0,0,1,1,1,1,0,0,2,0,0,0,0,0,0,0,0,1,No,0,2,0,2,0,0,MELB_URBAN,MELB_URBAN,MOONEE VALLEY,METROPOLITAN NORTH WEST REGION,,,Arterial Other,"Arterial Other,Local Road",Divided,"Div,Undiv",Metro
3403044,T20130016629,ABS to receive accident,Finished,12/8/2013,20.00.00,Yes,Collision with vehicle,Monday,CROSS TRAFFIC(INTERSECTIONS ONLY),No,Dark Street lights on,Yes,Cross intersection,Serious injury accident,50 km/hr,No,46872,144.83388,-37.75471,Intersection,BRIMBANK,METROPOLITAN NORTH WEST REGION,2485361.497,2416236.103,3,1,0,1,0,2,3,0,0,1,2,0,0,0,0,0,0,0,0,1,No,0,2,0,2,0,0,MELB_URBAN,MELB_URBAN,BRIMBANK,METROPOLITAN NORTH WEST REGION,,,Local Road,Local Road,Undivided,Undiv,Metro
3403045,T20130016630,ABS to receive accident,Finished,12/8/2013,22.00.00,Yes,Collision with vehicle,Monday,VEHICLE COLLIDES WITH VEHICLE PARKED ON LEFT OF ROAD,No,Dark No street lights,Yes,Not at intersection,Other injury accident,50 km/hr,No,263099,144.80102,-37.75462,Non-Intersection,BRIMBANK,METROPOLITAN NORTH WEST REGION,2482466.055,2416240.703,1,1,0,0,1,0,0,1,0,0,1,0,0,0,0,0,0,0,0,1,No,0,2,0,2,0,0,MELB_URBAN,MELB_URBAN,BRIMBANK,METROPOLITAN NORTH WEST REGION,,,Local Road,Local Road,Undivided,Undiv,Metro
3403046,T20130016632,ABS to receive accident,Finished,12/8/2013,22.50.00,Yes,Collision with vehicle,Monday,RIGHT THROUGH,No,Dark Street lights on,Yes,T intersection,Other injury accident,40 km/hr,No,47029,144.95031,-37.81795,Intersection,MELBOURNE,METROPOLITAN NORTH WEST REGION,2495625.118,2409228.6,2,2,0,0,2,0,2,0,0,0,2,0,0,0,0,0,0,0,0,1,No,0,2,0,2,0,0,MELB_URBAN,MELB_URBAN,MELBOURNE,METROPOLITAN NORTH WEST REGION,,,Arterial Highway,"Arterial Highway,Local Road",Divided,"Div,Undiv",Metro
3403047,T20130016633,ABS to receive accident,Finished,6/8/2013,00.50.00,Yes,Collision with vehicle,Tuesday,CROSS TRAFFIC(INTERSECTIONS ONLY),No,Unk.,No,Cross intersection,Other injury accident,Not known,No,60415,144.14688,-37.33786,Intersection,HEPBURN,WESTERN REGION,2424410.548,2462170.458,2,1,0,0,1,1,1,1,0,0,1,0,0,1,0,0,0,0,0,0,No,0,2,0,1,1,0,TOWNS,TOWNS,HEPBURN,WESTERN REGION,,,Local Road,Local Road,Undivided,Undiv,Country
3403048,T20130016634,ABS to receive accident,Finished,12/8/2013,15.01.00,No,collision with some other object,Monday,OTHER ACCIDENTS NOT CLASSIFIABLE ELSEWHERE,No,Day,Yes,Not at intersection,Other injury accident,60 km/hr,No,262743,145.06668,-37.76685,Non-Intersection,BANYULE,METROPOLITAN NORTH WEST REGION,2505875.068,2414899.519,1,1,0,0,1,0,1,0,0,0,1,0,0,0,0,0,0,0,0,0,No,0,1,1,0,0,0,MELB_URBAN,MELB_URBAN,BANYULE,METROPOLITAN NORTH WEST REGION,,,Arterial Other,Arterial Other,Undivided,Undiv,Metro
3403049,T20130016638,ABS to receive accident,Finished,12/8/2013,14.10.00,No,Collision with vehicle,Monday,RIGHT THROUGH,No,Day,Yes,Cross intersection,Other injury accident,80 km/hr,No,54871,145.27491,-37.99825,Non-Intersection,CASEY,METROPOLITAN SOUTH EAST REGION,2524146.554,2389183.593,2,1,0,0,1,1,1,1,0,0,2,0,0,0,0,0,0,0,0,2,No,0,2,0,2,0,0,MELB_URBAN,MELB_URBAN,CASEY,METROPOLITAN SOUTH EAST REGION,M,M,Freeway,Freeway,Undivided,Undiv,Metro
3403050,T20130016639,ABS to receive accident,Finished,13/8/2013,06.14.00,No,Collision with vehicle,Tuesday,LANE CHANGE RIGHT (NOT OVERTAKING),No,Dark Street lights unknown,Yes,Not at intersection,Other injury accident,100 km/hr,No,262707,144.8181,-37.76477,Non-Intersection,BRIMBANK,METROPOLITAN NORTH WEST REGION,2483973.171,2415117.391,2,1,0,0,1,1,2,0,0,0,2,0,0,0,0,0,0,0,0,1,No,0,2,0,2,0,0,MELB_URBAN,MELB_URBAN,BRIMBANK,METROPOLITAN NORTH WEST REGION,M,M,Freeway,Freeway,Divided,Div,Metro
3403051,T20130016643,ABS to receive accident,Finished,4/8/2013,17.40.00,Yes,Collision with vehicle,Sunday,REAR END(VEHICLES IN SAME LANE),No,Dusk/Dawn,No,Not at intersection,Other injury accident,80 km/hr,No,263926,145.33858,-38.05931,Non-Intersection,CASEY,METROPOLITAN SOUTH EAST REGION,2529715.168,2382388.002,3,1,0,0,1,2,3,0,0,0,3,0,0,0,0,0,0,0,0,1,No,0,3,0,3,0,0,MELB_URBAN,MELB_URBAN,CASEY,METROPOLITAN SOUTH EAST REGION,C,C,Arterial Other,Arterial Other,Divided,Div,Metro
3403052,T20130016645,ABS to receive accident,Finished,13/8/2013,07.40.00,No,Collision with a fixed object,Tuesday,LEFT OFF CARRIAGEWAY INTO OBJECT/PARKED VEHICLE,No,Day,Yes,Not at intersection,Other injury accident,100 km/hr,Yes,262716,144.93905,-37.78727,Non-Intersection,MOONEE VALLEY,METROPOLITAN NORTH WEST REGION,2494631.233,2412633.739,1,1,0,0,1,0,1,0,0,0,1,0,0,0,0,0,0,0,0,1,No,0,1,0,1,0,0,MELB_URBAN,MELB_URBAN,MOONEE VALLEY,METROPOLITAN NORTH WEST REGION,M,M,Freeway,Freeway,Divided,Div,Metro
3403053,T20130016647,ABS to receive accident,Finished,13/8/2013,08.30.00,No,Collision with vehicle,Tuesday,U TURN,No,Day,Yes,Not at intersection,Other injury accident,40 km/hr,No,262708,145.17423,-37.91559,Non-Intersection,MONASH,METROPOLITAN SOUTH EAST REGION,2515320.108,2398379.217,3,1,0,0,1,2,0,3,0,0,2,1,0,0,0,0,0,1,0,0,No,0,3,0,3,0,0,MELB_URBAN,MELB_URBAN,MONASH,METROPOLITAN SOUTH EAST REGION,,,Local Road,Local Road,Undivided,Undiv,Metro
3403054,T20130016650,ABS to receive accident,Finished,11/8/2013,13.15.00,No,Struck Pedestrian,Sunday,PED ON FOOTHPATH STRUCK BY VEHENTERING/LEAVING DRIVEWAY.,No,Day,No,Not at intersection,Other injury accident,60 km/hr,No,126616,144.99472,-37.80001,Non-Intersection,YARRA,METROPOLITAN NORTH WEST REGION,2499534.957,2411220.894,3,1,0,0,1,2,2,1,0,1,1,1,0,0,0,0,0,0,0,1,No,0,1,0,1,0,0,MELB_URBAN,MELB_URBAN,YARRA,METROPOLITAN NORTH WEST REGION,,,Arterial Other,Arterial Other,Undivided,Undiv,Metro
3403055,T20130016651,ABS to receive accident,Finished,13/8/2013,08.55.00,No,Struck Pedestrian,Tuesday,PED NEAR SIDE. PED HIT BY VEHICLE FROM THE RIGHT.,No,Day,Yes,Cross intersection,Other injury accident,50 km/hr,No,29944,144.35932,-38.15035,Intersection,GEELONG,SOUTH WESTERN REGION,2443839.935,2372145.871,2,1,0,0,1,1,0,2,0,0,1,1,0,0,0,0,0,0,0,0,No,0,1,0,1,0,0,LARGE_PROVINCIAL_CITIES,LARGE_PROVINCIAL_CITIES,GEELONG,SOUTH WESTERN REGION,,,Local Road,Local Road,Undivided,Undiv,Country