OBJECTID,ACCIDENT_NO,ABS_CODE,ACCIDENT_STATUS,ACCIDENT_DATE,ACCIDENT_TIME,ALCOHOLTIME,ACCIDENT_TYPE,DAY_OF_WEEK,DCA_CODE,HIT_RUN_FLAG,LIGHT_CONDITION,POLICE_ATTEND,ROAD_GEOMETRY,SEVERITY,SPEED_ZONE,RUN_OFFROAD,NODE_ID,LONGITUDE,LATITUDE,NODE_TYPE,LGA_NAME,REGION_NAME,VICGRID_X,VICGRID_Y,TOTAL_PERSONS,INJ_OR_FATAL,FATALITY,SERIOUSINJURY,OTHERINJURY,NONINJURED,MALES,FEMALES,BICYCLIST,PASSENGER,DRIVER,PEDESTRIAN,PILLION,MOTORIST,UNKNOWN,PED_CYCLIST_5_12,PED_CYCLIST_13_18,OLD_PEDESTRIAN,OLD_DRIVER,YOUNG_DRIVER,ALCOHOL_RELATED,UNLICENCSED,NO_OF_VEHICLES,HEAVYVEHICLE,PASSENGERVEHICLE,MOTORCYCLE,PUBLICVEHICLE,DEG_URBAN_NAME,DEG_URBAN_ALL,LGA_NAME_ALL,REGION_NAME_ALL,SRNS,SRNS_ALL,RMA,RMA_ALL,DIVIDED,DIVIDED_ALL,STAT_DIV_NAME
3403056,T20130016652,ABS to receive accident,Finished,13/8/2013,07.55.00,No,Struck Pedestrian,Tuesday,PED NEAR SIDE. PED HIT BY VEHICLE FROM THE RIGHT.,No,Day,Yes,Cross intersection,Fatal accident,60 km/hr,No,38993,145.05063,-37.79933,Intersection,BOROONDARA,METROPOLITAN SOUTH EAST REGION,2504458.653,2411295.874,2,1,1,0,0,1,1,1,0,0,1,1,0,0,0,0,0,1,0,0,No,0,1,0,0,0,0,MELB_URBAN,MELB_URBAN,BOROONDARA,METROPOLITAN SOUTH EAST REGION,,,Arterial Other,"Arterial Other,Local Road",Undivided,Undiv,Metro
3403057,T20130016432,ABS to receive accident,Finished,9/8/2013,12.35.00,No,Collision with vehicle,Friday,U TURN,No,Day,Yes,Not at intersection,Other injury accident,60 km/hr,No,262943,145.00797,-37.82132,Non-Intersection,YARRA,METROPOLITAN NORTH WEST REGION,2500701.251,2408856.27,3,2,0,0,2,1,1,1,0,1,2,0,0,0,0,0,0,0,0,1,No,0,2,0,2,0,0,MELB_URBAN,MELB_URBAN,YARRA,METROPOLITAN NORTH WEST REGION,,,Arterial Other,Arterial Other,Undivided,Undiv,Metro
3403058,T20130016442,ABS to receive accident,Finished,9/8/2013,16.15.00,Yes,Collision with vehicle,Friday,HEAD ON (NOT OVERTAKING),No,Day,Yes,Not at intersection,Other injury accident,80 km/hr,No,262659,145.20417,-38.07332,Non-Intersection,DANDENONG,METROPOLITAN SOUTH EAST REGION,2517915.231,2380866.233,2,2,0,0,2,0,2,0,0,0,2,0,0,0,0,0,0,0,0,1,No,0,2,0,2,0,0,MELB_URBAN,MELB_URBAN,"FRANKSTON,DANDENONG",METROPOLITAN SOUTH EAST REGION,,,Arterial Other,Arterial Other,Undivided,Undiv,Metro
3403059,T20130016447,ABS to receive accident,Finished,9/8/2013,18.45.00,Yes,Collision with vehicle,Friday,REAR END(VEHICLES IN SAME LANE),No,Dark Street lights on,Yes,Not at intersection,Other injury accident,80 km/hr,No,262660,144.95715,-37.82821,Non-Intersection,MELBOURNE,METROPOLITAN NORTH WEST REGION,2496227.754,2408090.223,4,1,0,0,1,3,3,1,0,1,3,0,0,0,0,0,0,0,0,0,No,0,3,0,3,0,0,MELB_URBAN,MELB_URBAN,MELBOURNE,METROPOLITAN NORTH WEST REGION,M,M,Freeway,Freeway,Divided,Div,Metro
3403060,T20130016449,ABS to receive accident,Finished,9/8/2013,18.15.00,Yes,Collision with vehicle,Friday,RIGHT REAR.,No,Dark Street lights on,Yes,Not at intersection,Other injury accident,60 km/hr,No,262661,144.56719,-38.17587,Non-Intersection,GEELONG,SOUTH WESTERN REGION,2462073.885,2369416.425,2,2,0,0,2,0,1,1,0,0,2,0,0,0,0,0,0,0,0,1,No,0,2,0,2,0,0,SMALL_CITIES,SMALL_CITIES,GEELONG,SOUTH WESTERN REGION,C,C,Arterial Other,Arterial Other,Undivided,Undiv,Country
3403061,T20130016454,ABS to receive accident,Finished,9/8/2013,22.17.00,Yes,Collision with vehicle,Friday,RIGHT THROUGH,No,Dark Street lights on,Yes,Cross intersection,Serious injury accident,60 km/hr,No,43723,144.56755,-37.68758,Intersection,MELTON,METROPOLITAN NORTH WEST REGION,2461859.748,2423613.017,4,4,0,1,3,0,0,4,0,2,2,0,0,0,0,0,0,0,0,1,No,0,2,0,2,0,0,SMALL_CITIES,SMALL_CITIES,MELTON,METROPOLITAN NORTH WEST REGION,C,C,Arterial Other,"Arterial Other,Local Road",Divided,"Div,Undiv",Metro
3403062,T20130016458,ABS to receive accident,Finished,9/8/2013,22.40.00,Yes,Collision with vehicle,Friday,RIGHT FAR (INTERSECTIONS ONLY),No,Dark Street lights on,Yes,Cross intersection,Other injury accident,50 km/hr,No,35299,144.94887,-37.79875,Intersection,MELBOURNE,METROPOLITAN NORTH WEST REGION,2495497.409,2411359.797,3,2,0,0,2,1,1,2,0,1,2,0,0,0,0,0,0,0,0,1,No,0,2,0,2,0,0,MELB_URBAN,MELB_URBAN,MELBOURNE,METROPOLITAN NORTH WEST REGION,,,Arterial Other,"Arterial Other,Local Road",Divided,Div,Metro
3403063,T20130016459,ABS to receive accident,Finished,9/8/2013,23.36.00,Yes,Collision with a fixed object,Friday,RIGHT OFF CARRIAGEWAY INTO OBJECT/PARKED VEHICLE,No,Dark No street lights,Yes,Not at intersection,Serious injury accident,90 km/hr,Yes,263597,145.14275,-38.36256,Non-Intersection,MORNINGTON PENINSULA,METROPOLITAN SOUTH EAST REGION,2512477.707,2348768.243,1,1,0,1,0,0,1,0,0,0,1,0,0,0,0,0,0,0,0,1,Yes,0,1,0,1,0,0,RURAL_VICTORIA,RURAL_VICTORIA,MORNINGTON PENINSULA,METROPOLITAN SOUTH EAST REGION,C,C,Arterial Other,Arterial Other,Undivided,Undiv,Metro
3403064,T20130016462,ABS to receive accident,Finished,10/8/2013,01.04.00,Yes,Collision with vehicle,Saturday,CROSS TRAFFIC(INTERSECTIONS ONLY),No,Dark Street lights on,Yes,Cross intersection,Serious injury accident,40 km/hr,No,29420,144.96002,-37.81961,Intersection,MELBOURNE,METROPOLITAN NORTH WEST REGION,2496479.808,2409044.898,5,4,0,2,2,1,4,1,0,3,2,0,0,0,0,0,0,0,0,1,No,0,2,0,2,0,0,MELBOURNE_CBD,"MELBOURNE_CBD,MELB_URBAN",MELBOURNE,METROPOLITAN NORTH WEST REGION,,,Local Road,Local Road,Undivided,Undiv,Metro
3403065,T20130016463,ABS to receive accident,Finished,9/8/2013,21.55.00,Yes,Struck Pedestrian,Friday,PED WALKING WITH TRAFFIC,Yes,Dark Street lights on,Yes,Not at intersection,Fatal accident,50 km/hr,No,263126,145.16555,-37.83297,Non-Intersection,WHITEHORSE,METROPOLITAN SOUTH EAST REGION,2514572.572,2407550.607,2,1,1,0,0,1,2,0,0,0,1,1,0,0,0,0,0,0,0,0,Yes,0,1,0,1,0,0,MELB_URBAN,MELB_URBAN,WHITEHORSE,METROPOLITAN SOUTH EAST REGION,,,Local Road,Local Road,Undivided,Undiv,Metro
3403066,T20130016464,ABS to receive accident,Finished,10/8/2013,03.40.00,Yes,Collision with a fixed object,Saturday,LEFT OFF CARRIAGEWAY INTO OBJECT/PARKED VEHICLE,No,Dark No street lights,Yes,Not at intersection,Serious injury accident,110 km/hr,Yes,262532,145.05574,-37.26421,Non-Intersection,MITCHELL,NORTHERN REGION,2504943.737,2470680.825,1,1,0,1,0,0,1,0,0,0,1,0,0,0,0,0,0,0,0,0,Yes,0,1,0,1,0,0,RURAL_VICTORIA,RURAL_VICTORIA,MITCHELL,NORTHERN REGION,M,M,Freeway,Freeway,Divided,Div,Country
3403067,T20130016469,ABS to receive accident,Finished,10/8/2013,06.56.00,Yes,Collision with vehicle,Saturday,RIGHT THROUGH,No,Day,Yes,Cross intersection,Serious injury accident,60 km/hr,No,32871,145.18173,-37.99507,Intersection,DANDENONG,METROPOLITAN SOUTH EAST REGION,2515962.798,2389555.631,3,2,0,1,1,1,1,2,0,1,2,0,0,0,0,0,0,0,0,0,No,0,2,0,2,0,0,MELB_URBAN,MELB_URBAN,DANDENONG,METROPOLITAN SOUTH EAST REGION,,,Arterial Highway,"Arterial Highway,Local Road,Arterial Other",Divided,"Div,Undiv",Metro
3403068,T20130016470,ABS to receive accident,Finished,9/8/2013,14.00.00,No,Collision with vehicle,Friday,RIGHT FAR (INTERSECTIONS ONLY),No,Day,Yes,Cross intersection,Other injury accident,80 km/hr,No,40912,145.23736,-37.86494,Intersection,KNOX,METROPOLITAN SOUTH EAST REGION,2520885.54,2403989.048,2,1,0,0,1,1,2,0,0,0,2,0,0,0,0,0,0,0,0,0,No,0,2,0,1,0,1,MELB_URBAN,MELB_URBAN,KNOX,METROPOLITAN SOUTH EAST REGION,,,Arterial Other,"Arterial Other,Local Road",Divided,"Div,Undiv",Metro
3403069,T20130016472,ABS to receive accident,Finished,10/8/2013,00.00.00,Yes,Vehicle overturned (no collision),Saturday,OFF CARRIAGEWAY ON LEFT BEND,No,Dark Street lights unknown,Yes,Not at intersection,Serious injury accident,100 km/hr,Yes,262533,142.00212,-36.15034,Non-Intersection,HINDMARSH,WESTERN REGION,2230269.995,2590028.409,1,1,0,1,0,0,0,1,0,0,1,0,0,0,0,0,0,0,0,0,No,0,1,0,1,0,0,RURAL_VICTORIA,RURAL_VICTORIA,HINDMARSH,WESTERN REGION,C,C,Arterial Other,Arterial Other,Undivided,Undiv,Country
3403070,T20130016473,ABS to receive accident,Finished,10/8/2013,08.26.00,No,Collision with vehicle,Saturday,CROSS TRAFFIC(INTERSECTIONS ONLY),No,Day,Yes,Cross intersection,Other injury accident,50 km/hr,No,35540,145.00314,-37.89729,Intersection,BAYSIDE,METROPOLITAN SOUTH EAST REGION,2500276.018,2400423.936,2,1,0,0,1,1,1,1,1,0,1,0,0,0,0,0,0,0,0,1,No,0,2,0,1,0,0,MELB_URBAN,MELB_URBAN,BAYSIDE,METROPOLITAN SOUTH EAST REGION,,,Local Road,Local Road,Undivided,Undiv,Metro
3403071,T20130016475,ABS to receive accident,Finished,7/8/2013,12.15.00,No,Collision with vehicle,Wednesday,REAR END(VEHICLES IN SAME LANE),No,Day,No,Cross intersection,Other injury accident,60 km/hr,No,41261,145.01918,-37.90136,Intersection,GLEN EIRA,METROPOLITAN SOUTH EAST REGION,2501687.269,2399972.926,2,1,0,0,1,1,0,2,0,0,2,0,0,0,0,0,0,0,0,2,No,0,2,0,2,0,0,MELB_URBAN,MELB_URBAN,"GLEN EIRA,BAYSIDE",METROPOLITAN SOUTH EAST REGION,,,Arterial Highway,"Arterial Highway,Arterial Other",Divided,"Div,Undiv",Metro
3403072,T20130016476,ABS to receive accident,Finished,10/8/2013,10.29.00,No,Collision with vehicle,Saturday,LEFT REAR,No,Day,Yes,Not at intersection,Other injury accident,60 km/hr,No,262800,144.863,-37.74481,Non-Intersection,MOONEE VALLEY,METROPOLITAN NORTH WEST REGION,2487925.944,2417339.113,3,1,0,0,1,2,1,2,0,0,3,0,0,0,0,0,0,0,0,1,No,0,3,0,3,0,0,MELB_URBAN,MELB_URBAN,MOONEE VALLEY,METROPOLITAN NORTH WEST REGION,,,Arterial Other,Arterial Other,Undivided,Undiv,Metro
3403073,T20130016478,ABS to receive accident,Finished,1/8/2013,08.30.00,No,Collision with vehicle,Thursday,LANE CHANGE RIGHT (NOT OVERTAKING),No,Day,No,Not at intersection,Other injury accident,60 km/hr,No,262938,144.90416,-37.80531,Non-Intersection,MARIBYRNONG,METROPOLITAN NORTH WEST REGION,2491560.662,2410628.793,2,1,0,0,1,1,1,1,0,0,1,0,0,1,0,0,0,0,0,0,No,0,2,0,1,1,0,MELB_URBAN,MELB_URBAN,MARIBYRNONG,METROPOLITAN NORTH WEST REGION,,,Arterial Highway,Arterial Highway,Divided,Div,Metro
3403074,T20130016480,ABS to receive accident,Finished,10/8/2013,06.20.00,Yes,Vehicle overturned (no collision),Saturday,OUT OF CONTROL ON CARRIAGEWAY (ON STRAIGHT),No,Dark No street lights,Yes,Not at intersection,Other injury accident,100 km/hr,No,262852,142.4592,-35.06223,Non-Intersection,MILDURA,WESTERN REGION,2268162.236,2711928.204,1,1,0,0,1,0,0,1,0,0,1,0,0,0,0,0,0,0,0,1,No,0,1,0,1,0,0,RURAL_VICTORIA,RURAL_VICTORIA,MILDURA,WESTERN REGION,B,B,Arterial Highway,Arterial Highway,Undivided,Undiv,Country
3403075,T20130016481,ABS to receive accident,Finished,10/8/2013,13.00.00,No,Collision with vehicle,Friday,LANE SIDE SWIPE (VEHICLES IN PARALLEL LANES),Yes,Day,No,Y intersection,Other injury accident,60 km/hr,No,45531,144.94356,-37.7694,Intersection,MORELAND,METROPOLITAN NORTH WEST REGION,2495027.915,2414616.89,2,1,0,0,1,1,0,1,1,0,0,0,0,0,1,0,0,0,0,0,No,0,2,0,0,0,0,MELB_URBAN,MELB_URBAN,MORELAND,METROPOLITAN NORTH WEST REGION,,,Arterial Other,"Arterial Other,Local Road",Undivided,Undiv,Metro
3403076,T20130016482,ABS to receive accident,Finished,10/8/2013,12.45.00,No,Collision with vehicle,Saturday,REAR END(VEHICLES IN SAME LANE),No,Day,Yes,Not at intersection,Other injury accident,80 km/hr,No,262697,145.2713,-38.08161,Non-Intersection,CASEY,METROPOLITAN SOUTH EAST REGION,2523803.191,2379932.21,4,2,0,0,2,2,2,2,0,2,2,0,0,0,0,0,0,0,0,1,No,0,2,0,2,0,0,MELB_URBAN,MELB_URBAN,CASEY,METROPOLITAN SOUTH EAST REGION,,,Arterial Other,Arterial Other,Undivided,Undiv,Metro
3403077,T20130016484,ABS to receive accident,Finished,10/8/2013,14.05.00,No,Collision with vehicle,Friday,RIGHT NEAR (INTERSECTIONS ONLY),No,Day,Yes,Multiple intersection,Other injury accident,70 km/hr,No,279059,144.3352,-38.07884,Intersection,GEELONG,SOUTH WESTERN REGION,2441670.565,2380069.403,6,2,0,0,2,4,0,6,0,4,2,0,0,0,0,0,0,0,0,2,No,0,2,0,2,0,0,LARGE_PROVINCIAL_CITIES,LARGE_PROVINCIAL_CITIES,GEELONG,SOUTH WESTERN REGION,,,,,,,Country
3403078,T20130016485,ABS to receive accident,Finished,10/8/2013,12.30.00,No,Collision with vehicle,Saturday,CROSS TRAFFIC(INTERSECTIONS ONLY),No,Day,Yes,Cross intersection,Serious injury accident,60 km/hr,No,60706,143.8413,-37.53435,Intersection,BALLARAT,WESTERN REGION,2397602.126,2440081.361,2,1,0,1,0,1,1,1,1,0,1,0,0,0,0,0,0,0,0,0,No,0,2,0,1,0,0,LARGE_PROVINCIAL_CITIES,LARGE_PROVINCIAL_CITIES,BALLARAT,WESTERN REGION,C,C,Arterial Other,"Arterial Other,Local Road",Undivided,Undiv,Country
3403079,T20130016486,ABS to receive accident,Finished,10/8/2013,14.00.00,Yes,Collision with vehicle,Saturday,REAR END(VEHICLES IN SAME LANE),No,Day,Yes,Not at intersection,Other injury accident,80 km/hr,No,142515,145.23369,-37.92474,Non-Intersection,KNOX,METROPOLITAN SOUTH EAST REGION,2520546.064,2397352.424,3,1,0,0,1,2,2,1,0,1,2,0,0,0,0,0,0,0,0,0,No,0,2,0,2,0,0,MELB_URBAN,MELB_URBAN,KNOX,METROPOLITAN SOUTH EAST REGION,,,Arterial Highway,Arterial Highway,Divided,Div,Metro
3403080,T20130016490,ABS to receive accident,Finished,10/8/2013,11.41.00,No,Collision with vehicle,Saturday,REAR END(VEHICLES IN SAME LANE),No,Day,Yes,T intersection,Other injury accident,80 km/hr,No,46669,145.30556,-37.98091,Intersection,CASEY,METROPOLITAN SOUTH EAST REGION,2526844.404,2391099.604,4,2,0,0,2,2,2,2,0,1,3,0,0,0,0,0,0,0,0,0,No,0,3,0,3,0,0,MELB_URBAN,"RURAL_VICTORIA,MELB_URBAN",CASEY,METROPOLITAN SOUTH EAST REGION,,,Arterial Other,"Arterial Other,Local Road",Undivided,Undiv,Metro
3403081,T20130016492,ABS to receive accident,Finished,10/8/2013,11.43.00,No,Collision with vehicle,Saturday,REAR END(VEHICLES IN SAME LANE),No,Day,Yes,Not at intersection,Serious injury accident,60 km/hr,No,262785,145.0936,-37.64616,Non-Intersection,WHITTLESEA,METROPOLITAN NORTH WEST REGION,2508259.454,2428292.432,2,1,0,1,0,1,2,0,0,0,1,0,0,1,0,0,0,0,0,1,No,0,2,0,1,1,0,MELB_URBAN,MELB_URBAN,WHITTLESEA,METROPOLITAN NORTH WEST REGION,C,C,Arterial Other,Arterial Other,Divided,Div,Metro
3403082,T20130016495,ABS to receive accident,Finished,8/8/2013,14.30.00,No,Collision with vehicle,Thursday,LEFT REAR,Yes,Day,No,T intersection,Serious injury accident,50 km/hr,No,262530,144.99427,-37.70553,Intersection,DAREBIN,METROPOLITAN NORTH WEST REGION,2499494.932,2421707.316,2,1,0,1,0,1,1,0,1,0,0,0,0,0,1,0,0,0,0,0,No,0,2,0,0,0,0,MELB_URBAN,MELB_URBAN,DAREBIN,METROPOLITAN NORTH WEST REGION,,,Local Road,Local Road,Undivided,Undiv,Metro
3403083,T20130016839,ABS to receive accident,Finished,15/8/2013,16.40.00,No,Collision with vehicle,Thursday,RIGHT NEAR (INTERSECTIONS ONLY),No,Day,Yes,T intersection,Other injury accident,60 km/hr,No,262677,142.75675,-37.0601,Intersection,NORTHERN GRAMPIANS,WESTERN REGION,2300530.298,2490980.565,2,1,0,0,1,1,2,0,0,0,2,0,0,0,0,0,0,0,1,0,No,0,2,0,1,0,0,TOWNS,TOWNS,NORTHERN GRAMPIANS,WESTERN REGION,A,"A,C",Arterial Highway,"Arterial Highway,Arterial Other",Undivided,Undiv,Country
3403084,T20130016840,ABS to receive accident,Finished,15/8/2013,16.10.00,No,Collision with vehicle,Thursday,RIGHT THROUGH,No,Day,Yes,Cross intersection,Other injury accident,60 km/hr,No,40603,145.09821,-37.83598,Intersection,WHITEHORSE,METROPOLITAN SOUTH EAST REGION,2508644.529,2407224.895,5,1,0,0,1,4,4,1,0,3,2,0,0,0,0,0,0,0,0,1,No,0,2,0,2,0,0,MELB_URBAN,MELB_URBAN,"WHITEHORSE,BOROONDARA",METROPOLITAN SOUTH EAST REGION,,,Arterial Other,Arterial Other,Undivided,Undiv,Metro
3403085,T20130016844,ABS to receive accident,Finished,14/8/2013,19.10.00,Yes,Collision with vehicle,Wednesday,REAR END(VEHICLES IN SAME LANE),No,Dusk/Dawn,No,Not at intersection,Other injury accident,100 km/hr,No,262782,145.24913,-37.98568,Non-Intersection,CASEY,METROPOLITAN SOUTH EAST REGION,2521885.936,2390585.107,4,2,0,0,2,2,3,1,0,1,3,0,0,0,0,0,0,0,0,1,No,0,3,0,3,0,0,MELB_URBAN,MELB_URBAN,CASEY,METROPOLITAN SOUTH EAST REGION,M,M,Freeway,Freeway,Divided,Div,Metro
3403086,T20130016850,ABS to receive accident,Finished,15/8/2013,15.40.00,No,collision with some other object,Thursday,STRUCK OBJECT ON CARRIAGEWAY,No,Day,No,T intersection,Other injury accident,60 km/hr,No,262802,145.01019,-37.86209,Intersection,PORT PHILLIP,METROPOLITAN NORTH WEST REGION,2500896.285,2404331.123,2,1,0,0,1,1,1,0,0,1,1,0,0,0,0,0,0,0,0,0,No,0,1,0,0,0,1,MELB_URBAN,MELB_URBAN,"PORT PHILLIP,GLEN EIRA","METROPOLITAN NORTH WEST REGION,METROPOLITAN SOUTH EAST REGION",,,Local Road,Local Road,Undivided,Undiv,Metro
3403087,T20130016851,ABS to receive accident,Finished,15/8/2013,17.35.00,No,Collision with vehicle,Thursday,REAR END(VEHICLES IN SAME LANE),No,Dark Street lights on,Yes,Not at intersection,Other injury accident,80 km/hr,No,262882,145.16413,-37.91915,Non-Intersection,MONASH,METROPOLITAN SOUTH EAST REGION,2514431.361,2397985.361,4,1,0,0,1,3,2,2,0,1,3,0,0,0,0,0,0,0,0,1,No,0,3,0,3,0,0,MELB_URBAN,MELB_URBAN,MONASH,METROPOLITAN SOUTH EAST REGION,,,Arterial Highway,Arterial Highway,Divided,Div,Metro
3403088,T20130016852,ABS to receive accident,Finished,15/8/2013,18.34.00,Yes,Collision with vehicle,Thursday,REAR END(VEHICLES IN SAME LANE),No,Dark Street lights on,Yes,Not at intersection,Other injury accident,80 km/hr,No,262949,145.01967,-37.83114,Non-Intersection,YARRA,METROPOLITAN NORTH WEST REGION,2501731.419,2407765.701,4,1,0,0,1,3,2,2,0,1,3,0,0,0,0,0,0,0,0,0,No,0,3,0,3,0,0,MELB_URBAN,MELB_URBAN,YARRA,METROPOLITAN NORTH WEST REGION,M,M,Freeway,Freeway,Divided,Div,Metro
3403089,T20130016853,ABS to receive accident,Finished,15/8/2013,17.25.00,No,Collision with vehicle,Thursday,REAR END(VEHICLES IN SAME LANE),No,Dark No street lights,Yes,Not at intersection,Other injury accident,100 km/hr,No,263251,147.01824,-38.08139,Non-Intersection,WELLINGTON,EASTERN REGION,2677062.291,2378112.866,2,2,0,0,2,0,2,0,0,0,2,0,0,0,0,0,0,0,1,0,No,0,2,0,1,0,0,RURAL_VICTORIA,RURAL_VICTORIA,WELLINGTON,"EASTERN REGION,EASTERN REGION",,,Local Road,Local Road,Undivided,Undiv,Country
3403090,T20130016854,ABS to receive accident,Finished,15/8/2013,16.56.00,No,Collision with vehicle,Wednesday,RIGHT NEAR (INTERSECTIONS ONLY),No,Day,Yes,T intersection,Serious injury accident,80 km/hr,No,20921,147.08499,-38.15948,Intersection,WELLINGTON,EASTERN REGION,2682727.855,2369320.335,2,1,0,1,0,1,1,1,0,0,2,0,0,0,0,0,0,0,0,1,No,0,2,1,1,0,0,RURAL_VICTORIA,RURAL_VICTORIA,WELLINGTON,"EASTERN REGION,EASTERN REGION",A,"A,C",Arterial Highway,"Arterial Highway,Arterial Other",Undivided,Undiv,Country
3403091,T20130016855,ABS to receive accident,Finished,15/8/2013,18.53.00,Yes,No collision and no object struck,Thursday,OUT OF CONTROL ON CARRIAGEWAY (ON STRAIGHT),No,Dark Street lights on,Yes,Not at intersection,Other injury accident,60 km/hr,No,262803,144.88379,-37.74815,Non-Intersection,MOONEE VALLEY,METROPOLITAN NORTH WEST REGION,2489758.884,2416970.929,2,1,0,0,1,1,1,1,0,0,1,0,0,1,0,0,0,0,0,0,No,0,2,0,1,1,0,MELB_URBAN,MELB_URBAN,MOONEE VALLEY,METROPOLITAN NORTH WEST REGION,,,Local Road,Local Road,Undivided,Undiv,Metro
3403092,T20130016859,ABS to receive accident,Finished,11/8/2013,19.11.00,Yes,Collision with a fixed object,Sunday,LEFT OFF CARRIAGEWAY INTO OBJECT/PARKED VEHICLE,No,Dark Street lights on,Yes,Not at intersection,Other injury accident,50 km/hr,Yes,263035,144.86625,-37.83261,Non-Intersection,HOBSONS BAY,METROPOLITAN NORTH WEST REGION,2488226.672,2407594.864,1,1,0,0,1,0,1,0,0,0,1,0,0,0,0,0,0,0,0,0,Yes,0,2,0,2,0,0,MELB_URBAN,MELB_URBAN,HOBSONS BAY,METROPOLITAN NORTH WEST REGION,,,Local Road,Local Road,Undivided,Undiv,Metro
3403093,T20130016865,ABS to receive accident,Finished,15/8/2013,15.00.00,No,Collision with vehicle,Thursday,CROSS TRAFFIC(INTERSECTIONS ONLY),No,Day,Yes,Cross intersection,Other injury accident,50 km/hr,No,62426,145.01896,-37.71908,Intersection,DAREBIN,METROPOLITAN NORTH WEST REGION,2501671.648,2420203.613,2,1,0,0,1,1,1,1,0,0,2,0,0,0,0,0,0,0,0,1,No,0,2,0,2,0,0,MELB_URBAN,MELB_URBAN,DAREBIN,METROPOLITAN NORTH WEST REGION,,,Local Road,Local Road,Undivided,Undiv,Metro
3403094,T20130016867,ABS to receive accident,Finished,16/8/2013,06.30.00,No,Collision with vehicle,Friday,RIGHT NEAR (INTERSECTIONS ONLY),No,Dark Street lights on,Yes,T intersection,Other injury accident,70 km/hr,No,55889,144.3936,-38.15922,Intersection,GEELONG,SOUTH WESTERN REGION,2446851.586,2371181.413,2,1,0,0,1,1,1,1,0,0,2,0,0,0,0,0,0,0,0,1,No,0,2,0,2,0,0,LARGE_PROVINCIAL_CITIES,LARGE_PROVINCIAL_CITIES,GEELONG,SOUTH WESTERN REGION,C,C,Arterial Other,"Arterial Other,Local Road",Divided,"Div,Undiv",Country
3403095,T20130016868,ABS to receive accident,Finished,16/8/2013,06.50.00,No,Collision with vehicle,Friday,CROSS TRAFFIC(INTERSECTIONS ONLY),No,Dusk/Dawn,No,Cross intersection,Other injury accident,60 km/hr,No,52950,143.83911,-37.57262,Intersection,BALLARAT,WESTERN REGION,2397460.123,2435832.655,2,1,0,0,1,1,1,1,1,0,1,0,0,0,0,0,0,0,0,1,No,0,2,0,1,0,0,LARGE_PROVINCIAL_CITIES,LARGE_PROVINCIAL_CITIES,BALLARAT,WESTERN REGION,C,C,Arterial Other,"Arterial Other,Local Road",Undivided,Undiv,Country
3403096,T20130016683,ABS to receive accident,Finished,13/8/2013,15.00.00,No,Other accident,Tuesday,UNKNOWN-NO DETAILS ON MANOEUVRES OF ROAD-USERS IN ACCIDENT,Not known,Day,Yes,Y intersection,Serious injury accident,50 km/hr,No,46338,145.00974,-37.94548,Intersection,BAYSIDE,METROPOLITAN SOUTH EAST REGION,2500855.868,2395075.662,1,1,0,1,0,0,0,1,1,0,0,0,0,0,0,0,0,0,0,0,No,0,1,0,0,0,0,MELB_URBAN,MELB_URBAN,BAYSIDE,METROPOLITAN SOUTH EAST REGION,,,Local Road,Local Road,Undivided,Undiv,Metro
3403097,T20130016687,ABS to receive accident,Finished,13/8/2013,16.55.00,No,Collision with vehicle,Tuesday,RIGHT THROUGH,No,Day,Yes,T intersection,Serious injury accident,70 km/hr,No,42172,145.04073,-37.9337,Intersection,GLEN EIRA,METROPOLITAN SOUTH EAST REGION,2503580.855,2396382.59,3,1,0,1,0,2,2,1,0,1,1,0,0,1,0,0,0,0,0,0,No,0,2,0,1,1,0,MELB_URBAN,MELB_URBAN,GLEN EIRA,METROPOLITAN SOUTH EAST REGION,,,Arterial Other,"Arterial Other,Local Road",Divided,"Div,Undiv",Metro
3403098,T20130016689,ABS to receive accident,Finished,13/8/2013,16.20.00,No,Collision with vehicle,Tuesday,CROSS TRAFFIC(INTERSECTIONS ONLY),No,Day,Yes,Cross intersection,Other injury accident,60 km/hr,No,51011,146.31487,-36.36519,Intersection,WANGARATTA,NORTH EASTERN REGION,2617990.532,2569621.406,2,1,0,0,1,1,0,2,1,0,1,0,0,0,0,0,0,0,0,0,No,0,2,0,1,0,0,SMALL_CITIES,SMALL_CITIES,WANGARATTA,NORTH EASTERN REGION,C,C,Arterial Other,"Arterial Other,Local Road",Undivided,Undiv,Country
3403099,T20130016691,ABS to receive accident,Finished,13/8/2013,16.45.00,No,Collision with vehicle,Tuesday,OTHER ADJACENT (INTERSECTIONS ONLY),Yes,Day,Yes,Cross intersection,Serious injury accident,100 km/hr,No,50124,144.4536,-38.17374,Intersection,GEELONG,SOUTH WESTERN REGION,2452119.427,2369601.887,2,1,0,1,0,1,1,0,1,0,0,0,0,0,1,0,0,0,0,0,No,0,2,0,0,0,0,RURAL_VICTORIA,RURAL_VICTORIA,GEELONG,SOUTH WESTERN REGION,C,C,Arterial Other,"Arterial Other,Local Road",Divided,"Div,Undiv",Country