OBJECTID,ACCIDENT_NO,ABS_CODE,ACCIDENT_STATUS,ACCIDENT_DATE,ACCIDENT_TIME,ALCOHOLTIME,ACCIDENT_TYPE,DAY_OF_WEEK,DCA_CODE,HIT_RUN_FLAG,LIGHT_CONDITION,POLICE_ATTEND,ROAD_GEOMETRY,SEVERITY,SPEED_ZONE,RUN_OFFROAD,NODE_ID,LONGITUDE,LATITUDE,NODE_TYPE,LGA_NAME,REGION_NAME,VICGRID_X,VICGRID_Y,TOTAL_PERSONS,INJ_OR_FATAL,FATALITY,SERIOUSINJURY,OTHERINJURY,NONINJURED,MALES,FEMALES,BICYCLIST,PASSENGER,DRIVER,PEDESTRIAN,PILLION,MOTORIST,UNKNOWN,PED_CYCLIST_5_12,PED_CYCLIST_13_18,OLD_PEDESTRIAN,OLD_DRIVER,YOUNG_DRIVER,ALCOHOL_RELATED,UNLICENCSED,NO_OF_VEHICLES,HEAVYVEHICLE,PASSENGERVEHICLE,MOTORCYCLE,PUBLICVEHICLE,DEG_URBAN_NAME,DEG_URBAN_ALL,LGA_NAME_ALL,REGION_NAME_ALL,SRNS,SRNS_ALL,RMA,RMA_ALL,DIVIDED,DIVIDED_ALL,STAT_DIV_NAME
3403100,T20130016693,ABS to receive accident,Finished,13/8/2013,15.10.00,No,Collision with vehicle,Tuesday,HEAD ON (NOT OVERTAKING),No,Day,Yes,Not at intersection,Other injury accident,100 km/hr,No,264721,143.79724,-37.59023,Non-Intersection,BALLARAT,WESTERN REGION,2393786.942,2433832.453,6,1,0,0,1,5,6,0,0,4,2,0,0,0,0,0,0,0,0,0,No,0,2,0,2,0,0,LARGE_PROVINCIAL_CITIES,LARGE_PROVINCIAL_CITIES,BALLARAT,WESTERN REGION,B,B,Arterial Highway,Arterial Highway,Undivided,Undiv,Country
3403101,T20130016695,ABS to receive accident,Finished,7/7/2013,12.00.00,No,Vehicle overturned (no collision),Sunday,OUT OF CONTROL ON CARRIAGEWAY (ON STRAIGHT),No,Day,No,T intersection,Serious injury accident,50 km/hr,No,262668,145.20146,-38.13414,Intersection,FRANKSTON,METROPOLITAN SOUTH EAST REGION,2517663.298,2374115.881,1,1,0,1,0,0,1,0,0,0,0,0,0,1,0,0,0,0,0,0,No,0,1,0,0,1,0,MELB_URBAN,MELB_URBAN,FRANKSTON,METROPOLITAN SOUTH EAST REGION,,,Local Road,Local Road,Undivided,Undiv,Metro
3403102,T20130016696,ABS to receive accident,Finished,13/8/2013,18.25.00,Yes,Collision with vehicle,Tuesday,LEFT NEAR (INTERSECTIONS ONLY),No,Dark Street lights on,Yes,T intersection,Other injury accident,50 km/hr,No,36332,144.96814,-37.79375,Intersection,MELBOURNE,METROPOLITAN NORTH WEST REGION,2497193.775,2411916.168,8,1,0,0,1,7,4,4,0,3,5,0,0,0,0,0,0,0,0,1,No,0,5,0,5,0,0,MELB_URBAN,MELB_URBAN,MELBOURNE,METROPOLITAN NORTH WEST REGION,,,Local Road,Local Road,Undivided,Undiv,Metro
3403103,T20130016697,ABS to receive accident,Finished,12/8/2013,16.15.00,No,Collision with vehicle,Monday,REAR END(VEHICLES IN SAME LANE),No,Day,Yes,Not at intersection,Other injury accident,50 km/hr,No,262744,145.0305,-37.64415,Non-Intersection,WHITTLESEA,METROPOLITAN NORTH WEST REGION,2502691.602,2428518.772,4,2,0,0,2,2,2,2,0,1,3,0,0,0,0,0,0,0,0,1,No,0,3,0,3,0,0,MELB_URBAN,MELB_URBAN,WHITTLESEA,METROPOLITAN NORTH WEST REGION,,,Local Road,Local Road,Undivided,Undiv,Metro
3403104,T20130016698,ABS to receive accident,Finished,13/8/2013,16.33.00,No,Collision with vehicle,Tuesday,REAR END(VEHICLES IN SAME LANE),No,Day,Yes,Not at intersection,Other injury accident,80 km/hr,No,262748,144.92666,-37.64029,Non-Intersection,HUME,METROPOLITAN NORTH WEST REGION,2493527.544,2428944.644,3,1,0,0,1,2,2,1,0,0,3,0,0,0,0,0,0,0,0,2,No,1,3,0,3,0,0,MELB_URBAN,MELB_URBAN,HUME,METROPOLITAN NORTH WEST REGION,,,Arterial Other,Arterial Other,Divided,Div,Metro
3403105,T20130016699,ABS to receive accident,Finished,18/7/2013,15.32.00,No,Fall from or in moving vehicle,Thursday,FELL IN/FROM VEHICLE,No,Day,No,T intersection,Other injury accident,Not known,No,48321,145.21874,-37.98538,Intersection,DANDENONG,METROPOLITAN SOUTH EAST REGION,2519215.761,2390624.861,2,1,0,0,1,1,1,1,0,1,1,0,0,0,0,0,0,0,0,0,No,0,1,0,0,0,1,MELB_URBAN,MELB_URBAN,DANDENONG,METROPOLITAN SOUTH EAST REGION,,,Local Road,Local Road,Undivided,Undiv,Metro
3403106,T20130016700,ABS to receive accident,Finished,13/8/2013,16.30.00,No,Collision with vehicle,Tuesday,RIGHT THROUGH,No,Day,Yes,T intersection,Serious injury accident,70 km/hr,No,38258,145.03143,-37.67081,Intersection,WHITTLESEA,METROPOLITAN NORTH WEST REGION,2502772.83,2425560.211,2,1,0,1,0,1,1,1,0,0,1,0,0,1,0,0,0,0,0,0,No,0,2,0,1,1,0,MELB_URBAN,MELB_URBAN,WHITTLESEA,METROPOLITAN NORTH WEST REGION,,,Arterial Other,"Arterial Other,Local Road",Divided,"Div,Undiv",Metro
3403107,T20130016704,ABS to receive accident,Finished,13/8/2013,17.11.00,No,Collision with vehicle,Tuesday,REAR END(VEHICLES IN SAME LANE),No,Day,Yes,Not at intersection,Other injury accident,70 km/hr,No,262775,143.82259,-37.5573,Non-Intersection,BALLARAT,WESTERN REGION,2395980.049,2437514.175,4,1,0,0,1,3,3,1,0,1,3,0,0,0,0,0,0,0,0,1,No,1,3,0,3,0,0,LARGE_PROVINCIAL_CITIES,LARGE_PROVINCIAL_CITIES,BALLARAT,WESTERN REGION,C,C,Arterial Other,Arterial Other,Divided,Div,Country
3403108,T20130016708,ABS to receive accident,Finished,13/8/2013,14.35.00,No,Collision with vehicle,Monday,LANE CHANGE RIGHT (NOT OVERTAKING),Yes,Day,No,T intersection,Other injury accident,70 km/hr,No,283377,144.88359,-37.68164,Non-Intersection,HUME,METROPOLITAN NORTH WEST REGION,2489731.855,2424352.203,2,1,0,0,1,1,0,1,0,0,2,0,0,0,0,0,0,0,0,0,No,0,2,0,2,0,0,MELB_URBAN,MELB_URBAN,HUME,METROPOLITAN NORTH WEST REGION,,,Arterial Other,Arterial Other,Divided,Div,Metro
3403109,T20130016710,ABS to receive accident,Finished,7/8/2013,18.00.00,Yes,Collision with vehicle,Wednesday,REAR END(VEHICLES IN SAME LANE),No,Dark Street lights on,Yes,Cross intersection,Other injury accident,60 km/hr,No,29462,144.96977,-37.83435,Intersection,PORT PHILLIP,METROPOLITAN NORTH WEST REGION,2497338.738,2407409.205,2,1,0,0,1,1,2,0,0,0,1,0,0,1,0,0,0,0,0,0,No,0,2,0,1,1,0,MELB_URBAN,MELB_URBAN,PORT PHILLIP,METROPOLITAN NORTH WEST REGION,,,Arterial Highway,"Arterial Highway,Local Road",Divided,"Div,Undiv",Metro
3403110,T20130016711,ABS to receive accident,Finished,13/8/2013,22.50.00,Yes,Collision with vehicle,Tuesday,U TURN,No,Dark Street lights on,Yes,Not at intersection,Serious injury accident,60 km/hr,No,262674,145.02552,-37.82629,Non-Intersection,BOROONDARA,METROPOLITAN SOUTH EAST REGION,2502246.242,2408304.389,2,1,0,1,0,1,2,0,0,0,1,0,0,1,0,0,0,0,0,0,No,0,2,0,1,1,0,MELB_URBAN,MELB_URBAN,BOROONDARA,METROPOLITAN SOUTH EAST REGION,,,Arterial Other,Arterial Other,Undivided,Undiv,Metro
3403111,T20130016717,ABS to receive accident,Finished,14/8/2013,08.00.00,No,Struck Pedestrian,Wednesday,PED NEAR SIDE. PED HIT BY VEHICLE FROM THE RIGHT.,No,Day,Yes,T intersection,Serious injury accident,50 km/hr,No,67245,145.16358,-37.85095,Intersection,WHITEHORSE,METROPOLITAN SOUTH EAST REGION,2514396.068,2405554.788,2,1,0,1,0,1,1,1,0,0,1,1,0,0,0,0,0,1,0,0,No,0,1,0,1,0,0,MELB_URBAN,MELB_URBAN,WHITEHORSE,METROPOLITAN SOUTH EAST REGION,,,Local Road,Local Road,Undivided,Undiv,Metro
3403112,T20130016718,ABS to receive accident,Finished,13/8/2013,13.40.00,No,Collision with vehicle,Tuesday,RIGHT THROUGH,No,Day,Yes,T intersection,Serious injury accident,80 km/hr,No,44186,145.34255,-37.71646,Intersection,YARRA RANGES,METROPOLITAN SOUTH EAST REGION,2530200.169,2420440.217,3,2,0,2,0,1,2,1,0,0,3,0,0,0,0,0,0,0,1,0,No,0,3,0,3,0,0,RURAL_VICTORIA,RURAL_VICTORIA,YARRA RANGES,METROPOLITAN SOUTH EAST REGION,,,Local Road,Local Road,Undivided,Undiv,Metro
3403113,T20130016719,ABS to receive accident,Finished,14/8/2013,08.12.00,No,Collision with vehicle,Wednesday,RIGHT FAR (INTERSECTIONS ONLY),No,Day,Yes,T intersection,Other injury accident,80 km/hr,No,43531,145.16233,-38.15417,Intersection,FRANKSTON,METROPOLITAN SOUTH EAST REGION,2514228.772,2371899.363,3,2,0,0,2,1,2,1,0,0,3,0,0,0,0,0,0,0,0,1,No,0,3,0,3,0,0,MELB_URBAN,MELB_URBAN,FRANKSTON,METROPOLITAN SOUTH EAST REGION,,,Arterial Other,"Arterial Other,Local Road",Divided,Div,Metro
3403114,T20130016720,ABS to receive accident,Finished,13/8/2013,16.30.00,No,Collision with vehicle,Tuesday,REAR END(VEHICLES IN SAME LANE),No,Dusk/Dawn,Yes,Not at intersection,Serious injury accident,70 km/hr,No,183953,143.81941,-37.55597,Non-Intersection,BALLARAT,WESTERN REGION,2395697.364,2437658.43,5,5,0,5,0,0,1,4,0,2,3,0,0,0,0,0,0,0,0,0,No,0,3,0,3,0,0,LARGE_PROVINCIAL_CITIES,LARGE_PROVINCIAL_CITIES,BALLARAT,WESTERN REGION,C,C,Arterial Other,Arterial Other,Divided,Div,Country
3403115,T20130016721,ABS to receive accident,Finished,14/8/2013,08.38.00,No,Collision with vehicle,Wednesday,RIGHT NEAR (INTERSECTIONS ONLY),No,Day,Yes,T intersection,Other injury accident,60 km/hr,No,69938,145.05973,-37.94405,Intersection,KINGSTON,METROPOLITAN SOUTH EAST REGION,2505250.364,2395233.013,2,2,0,0,2,0,1,1,0,0,2,0,0,0,0,0,0,0,1,1,No,0,2,0,2,0,0,MELB_URBAN,MELB_URBAN,KINGSTON,METROPOLITAN SOUTH EAST REGION,,,Arterial Other,"Arterial Other,Local Road",Undivided,Undiv,Metro
3403116,T20130016724,ABS to receive accident,Finished,13/8/2013,08.30.00,No,Collision with vehicle,Tuesday,REAR END(VEHICLES IN SAME LANE),No,Day,No,T intersection,Other injury accident,80 km/hr,No,41684,145.11381,-37.90597,Intersection,MONASH,METROPOLITAN SOUTH EAST REGION,2510009.11,2399454.642,4,1,0,0,1,3,2,1,0,2,2,0,0,0,0,0,0,0,0,1,No,0,2,0,2,0,0,MELB_URBAN,MELB_URBAN,MONASH,METROPOLITAN SOUTH EAST REGION,,,Arterial Highway,"Arterial Highway,Local Road",Divided,"Div,Undiv",Metro
3403117,T20130016725,ABS to receive accident,Finished,12/8/2013,10.20.00,No,Collision with vehicle,Monday,VEHICLE STRIKES ANOTHER VEH WHILE EMERGING FROM DRIVEWAY,No,Day,No,Not at intersection,Other injury accident,60 km/hr,No,263059,145.17351,-37.8432,Non-Intersection,WHITEHORSE,METROPOLITAN SOUTH EAST REGION,2515271.529,2406413.946,3,1,0,0,1,2,2,1,0,1,2,0,0,0,0,0,0,0,0,0,No,0,2,0,2,0,0,MELB_URBAN,MELB_URBAN,WHITEHORSE,METROPOLITAN SOUTH EAST REGION,,,Local Road,Local Road,Undivided,Undiv,Metro
3403118,T20130016727,ABS to receive accident,Finished,14/8/2013,08.08.00,No,Collision with vehicle,Wednesday,RIGHT FAR (INTERSECTIONS ONLY),No,Day,Yes,T intersection,Other injury accident,60 km/hr,No,39443,145.15862,-37.80641,Intersection,WHITEHORSE,METROPOLITAN SOUTH EAST REGION,2513967.65,2410499.203,2,1,0,0,1,1,2,0,0,0,1,0,0,1,0,0,0,0,0,0,No,0,2,0,1,1,0,MELB_URBAN,MELB_URBAN,WHITEHORSE,METROPOLITAN SOUTH EAST REGION,,,Arterial Other,"Arterial Other,Local Road",Undivided,Undiv,Metro
3403119,T20130016728,ABS to receive accident,Finished,14/8/2013,08.00.00,No,Collision with vehicle,Wednesday,REAR END(VEHICLES IN SAME LANE),No,Dusk/Dawn,No,Not at intersection,Serious injury accident,60 km/hr,No,262717,145.07853,-37.78066,Non-Intersection,BOROONDARA,METROPOLITAN SOUTH EAST REGION,2506917.677,2413366.098,4,1,0,1,0,3,1,2,0,1,2,0,0,0,1,0,0,0,0,0,No,0,3,0,2,0,0,MELB_URBAN,MELB_URBAN,BOROONDARA,METROPOLITAN SOUTH EAST REGION,,,Arterial Highway,Arterial Highway,Divided,Div,Metro
3403120,T20130016731,ABS to receive accident,Finished,11/8/2013,10.00.00,Yes,Vehicle overturned (no collision),Sunday,OUT OF CONTROL ON CARRIAGEWAY (ON STRAIGHT),No,Day,No,Not at intersection,Other injury accident,Not known,No,262703,144.09357,-37.76703,Non-Intersection,MOORABOOL,WESTERN REGION,2420141.082,2414501.506,1,1,0,0,1,0,1,0,0,0,0,0,0,1,0,0,0,0,0,0,No,0,1,0,0,1,0,RURAL_VICTORIA,RURAL_VICTORIA,MOORABOOL,WESTERN REGION,,,Local Road,Local Road,Undivided,Undiv,Country
3403121,T20130016739,ABS to receive accident,Finished,14/8/2013,12.30.00,No,Collision with vehicle,Wednesday,RIGHT NEAR (INTERSECTIONS ONLY),No,Day,Yes,T intersection,Other injury accident,50 km/hr,No,262776,144.9221,-37.83438,Intersection,PORT PHILLIP,METROPOLITAN NORTH WEST REGION,2493142.46,2407403.548,2,1,0,0,1,1,1,1,0,0,2,0,0,0,0,0,0,0,0,0,No,0,2,0,2,0,0,MELB_URBAN,MELB_URBAN,PORT PHILLIP,METROPOLITAN NORTH WEST REGION,,,Local Road,Local Road,Undivided,Undiv,Metro
3403122,T20130016740,ABS to receive accident,Finished,3/8/2013,13.00.00,No,Vehicle overturned (no collision),Saturday,OUT OF CONTROL ON CARRIAGEWAY (ON BEND),No,Day,No,Not at intersection,Other injury accident,50 km/hr,No,262939,145.01912,-37.7882,Non-Intersection,BOROONDARA,METROPOLITAN SOUTH EAST REGION,2501684.022,2412532.279,1,1,0,0,1,0,1,0,0,0,0,0,0,1,0,0,0,0,0,0,No,0,1,0,0,1,0,MELB_URBAN,MELB_URBAN,BOROONDARA,METROPOLITAN SOUTH EAST REGION,,,Arterial Other,Arterial Other,Undivided,Undiv,Metro
3403123,T20130016742,ABS to receive accident,Finished,7/8/2013,15.05.00,No,Collision with vehicle,Wednesday,VEHICLE COLLIDES WITH VEHICLE PARKED ON LEFT OF ROAD,No,Day,Yes,Not at intersection,Other injury accident,60 km/hr,No,262973,142.17149,-34.23609,Non-Intersection,MILDURA,WESTERN REGION,2239192.436,2802857.458,5,1,0,0,1,4,3,2,0,3,2,0,0,0,0,0,0,0,0,1,No,0,3,0,3,0,0,SMALL_CITIES,SMALL_CITIES,MILDURA,WESTERN REGION,A,A,Arterial Highway,Arterial Highway,Divided,Div,Country
3403124,T20130016749,ABS to receive accident,Finished,14/8/2013,10.55.00,No,Collision with vehicle,Wednesday,REAR END(VEHICLES IN SAME LANE),No,Day,Yes,Not at intersection,Serious injury accident,70 km/hr,No,262880,144.85873,-37.78051,Non-Intersection,MARIBYRNONG,METROPOLITAN NORTH WEST REGION,2487555.773,2413376.444,3,2,0,2,0,1,2,1,0,1,2,0,0,0,0,0,0,0,0,0,No,1,2,0,2,0,0,MELB_URBAN,MELB_URBAN,MARIBYRNONG,METROPOLITAN NORTH WEST REGION,,,Arterial Other,Arterial Other,Divided,Div,Metro
3403125,T20130016752,ABS to receive accident,Finished,14/8/2013,12.40.00,No,Collision with vehicle,Wednesday,HEAD ON (NOT OVERTAKING),No,Day,Yes,Not at intersection,Serious injury accident,50 km/hr,No,262946,144.87138,-37.70014,Non-Intersection,HUME,METROPOLITAN NORTH WEST REGION,2488658.148,2422297.782,2,1,0,1,0,1,1,1,0,0,2,0,0,0,0,0,0,0,0,0,No,0,2,0,2,0,0,MELB_URBAN,MELB_URBAN,HUME,METROPOLITAN NORTH WEST REGION,,,Local Road,Local Road,Undivided,Undiv,Metro
3403126,T20130016754,ABS to receive accident,Finished,14/8/2013,14.05.00,No,Struck Pedestrian,Wednesday,PED EMERGES FROM IN FRONT OF PARKED OR STATIONARY VEHICLE,No,Day,Yes,Not at intersection,Other injury accident,40 km/hr,No,262777,144.96701,-37.80022,Non-Intersection,MELBOURNE,METROPOLITAN NORTH WEST REGION,2497094.955,2411197.529,2,1,0,0,1,1,1,1,0,0,1,1,0,0,0,0,0,0,0,0,No,0,1,0,1,0,0,MELB_URBAN,MELB_URBAN,MELBOURNE,METROPOLITAN NORTH WEST REGION,,,Local Road,Local Road,Divided,Div,Metro
3403127,T20130016755,ABS to receive accident,Finished,14/8/2013,15.00.00,No,Collision with vehicle,Wednesday,RIGHT NEAR (INTERSECTIONS ONLY),No,Day,Yes,T intersection,Other injury accident,80 km/hr,No,262778,144.78646,-37.81355,Non-Intersection,WYNDHAM,METROPOLITAN NORTH WEST REGION,2481197.853,2409697.526,2,1,0,0,1,1,1,0,0,0,2,0,0,0,0,0,0,0,0,1,No,0,2,0,2,0,0,MELB_URBAN,MELB_URBAN,WYNDHAM,METROPOLITAN NORTH WEST REGION,,,Arterial Other,Arterial Other,Divided,Div,Metro
3403128,T20130016756,ABS to receive accident,Finished,14/8/2013,15.15.00,No,Collision with vehicle,Wednesday,CROSS TRAFFIC(INTERSECTIONS ONLY),No,Day,Yes,Cross intersection,Other injury accident,70 km/hr,No,53517,142.46406,-38.36706,Intersection,WARRNAMBOOL,SOUTH WESTERN REGION,2278373.894,2345326.447,4,1,0,0,1,3,2,2,0,2,2,0,0,0,0,0,0,0,0,0,No,0,2,0,2,0,0,SMALL_CITIES,SMALL_CITIES,WARRNAMBOOL,SOUTH WESTERN REGION,A,A,Arterial Highway,"Arterial Highway,Local Road",Divided,"Div,Undiv",Country
3403129,T20130016758,ABS to receive accident,Finished,14/8/2013,15.50.00,No,Collision with vehicle,Wednesday,U TURN,No,Day,No,T intersection,Other injury accident,100 km/hr,No,237898,145.14299,-36.9877,Intersection,MITCHELL,NORTHERN REGION,2512728.107,2501355.328,2,1,0,0,1,1,1,1,0,0,2,0,0,0,0,0,0,0,0,0,No,0,2,0,2,0,0,RURAL_VICTORIA,RURAL_VICTORIA,MITCHELL,NORTHERN REGION,M,"M,B",Freeway,"Freeway,Arterial Highway",Undivided,Undiv,Country
3403130,T20130016760,ABS to receive accident,Finished,13/8/2013,15.30.00,No,Collision with vehicle,Tuesday,REAR END(VEHICLES IN SAME LANE),No,Day,No,Cross intersection,Other injury accident,60 km/hr,No,37911,144.99669,-37.78103,Intersection,DAREBIN,METROPOLITAN NORTH WEST REGION,2499708.468,2413327.655,4,2,0,0,2,2,3,1,0,1,3,0,0,0,0,0,0,0,0,2,No,0,3,0,3,0,0,MELB_URBAN,MELB_URBAN,DAREBIN,METROPOLITAN NORTH WEST REGION,,,Arterial Other,"Arterial Other,Local Road",Undivided,Undiv,Metro
3403131,T20130016761,ABS to receive accident,Finished,14/8/2013,15.50.00,No,Collision with vehicle,Wednesday,REAR END(VEHICLES IN SAME LANE),No,Day,Yes,T intersection,Other injury accident,60 km/hr,No,262676,145.10916,-37.88162,Non-Intersection,MONASH,METROPOLITAN SOUTH EAST REGION,2509603.153,2402158.049,3,1,0,0,1,2,2,1,0,1,2,0,0,0,0,0,0,0,0,1,No,0,2,0,2,0,0,MELB_URBAN,MELB_URBAN,MONASH,METROPOLITAN SOUTH EAST REGION,,,Arterial Other,Arterial Other,Undivided,Undiv,Metro
3403132,T20130016762,ABS to receive accident,Finished,5/8/2013,20.15.00,Yes,No collision and no object struck,Monday,OUT OF CONTROL ON CARRIAGEWAY (ON STRAIGHT),No,Unk.,No,T intersection,Other injury accident,60 km/hr,No,41094,144.98405,-37.88713,Intersection,PORT PHILLIP,METROPOLITAN NORTH WEST REGION,2498597.205,2401551.58,2,1,0,0,1,1,2,0,0,0,1,0,0,1,0,0,0,0,0,1,No,0,2,0,1,1,0,MELB_URBAN,MELB_URBAN,PORT PHILLIP,METROPOLITAN NORTH WEST REGION,,,Arterial Other,"Arterial Other,Local Road",Undivided,Undiv,Metro
3403133,T20130016763,ABS to receive accident,Finished,14/8/2013,15.40.00,No,Collision with vehicle,Wednesday,REAR END(VEHICLES IN SAME LANE),No,Day,Yes,Not at intersection,Other injury accident,110 km/hr,No,262779,146.22726,-36.46567,Non-Intersection,WANGARATTA,NORTH EASTERN REGION,2609985.138,2558578.988,2,1,0,0,1,1,2,0,0,0,2,0,0,0,0,0,0,0,0,1,No,0,2,1,1,0,0,RURAL_VICTORIA,RURAL_VICTORIA,WANGARATTA,NORTH EASTERN REGION,M,M,Freeway,Freeway,Divided,Div,Country
3403134,T20130016766,ABS to receive accident,Finished,14/8/2013,17.10.00,No,Struck Pedestrian,Wednesday,PED NEAR SIDE. PED HIT BY VEHICLE FROM THE RIGHT.,No,Day,Yes,Cross intersection,Serious injury accident,50 km/hr,No,36174,144.94487,-37.74406,Intersection,MORELAND,METROPOLITAN NORTH WEST REGION,2495141.464,2417430.148,2,1,0,1,0,1,1,1,0,0,1,1,0,0,0,0,0,1,0,0,No,0,1,0,1,0,0,MELB_URBAN,MELB_URBAN,MORELAND,METROPOLITAN NORTH WEST REGION,,,Arterial Other,"Arterial Other,Local Road",Undivided,Undiv,Metro
3403135,T20130016768,ABS to receive accident,Finished,14/8/2013,17.35.00,No,Collision with vehicle,Wednesday,RIGHT THROUGH,No,Day,Yes,T intersection,Other injury accident,60 km/hr,No,42104,145.02286,-37.94279,Intersection,BAYSIDE,METROPOLITAN SOUTH EAST REGION,2502009.777,2395374.091,3,1,0,0,1,2,2,0,0,1,2,0,0,0,0,0,0,0,0,1,No,0,2,0,1,0,1,MELB_URBAN,MELB_URBAN,BAYSIDE,METROPOLITAN SOUTH EAST REGION,,,Arterial Other,"Arterial Other,Local Road",Undivided,Undiv,Metro
3403136,T20130016772,ABS to receive accident,Finished,14/8/2013,18.05.00,Yes,Collision with vehicle,Wednesday,VEHICLE STRIKES ANOTHER VEH WHILE EMERGING FROM DRIVEWAY,No,Dark Street lights on,Yes,T intersection,Serious injury accident,50 km/hr,No,262842,145.08891,-37.76391,Intersection,MANNINGHAM,METROPOLITAN SOUTH EAST REGION,2507833.227,2415224.368,3,1,0,1,0,2,2,0,0,1,1,0,0,1,0,0,0,0,0,0,No,0,2,0,1,1,0,MELB_URBAN,MELB_URBAN,MANNINGHAM,METROPOLITAN SOUTH EAST REGION,,,Local Road,Local Road,Undivided,Undiv,Metro
3403137,T20130016774,ABS to receive accident,Finished,14/8/2013,19.30.00,Yes,collision with some other object,Wednesday,STRUCK OBJECT ON CARRIAGEWAY,No,Dark No street lights,Yes,Not at intersection,Serious injury accident,110 km/hr,No,263216,144.13429,-37.5767,Non-Intersection,MOORABOOL,WESTERN REGION,2423536.488,2435657.24,1,1,0,1,0,0,1,0,0,0,1,0,0,0,0,0,0,0,0,1,No,0,1,0,1,0,0,RURAL_VICTORIA,RURAL_VICTORIA,MOORABOOL,WESTERN REGION,M,M,Freeway,Freeway,Divided,Div,Country
3403138,T20130016775,ABS to receive accident,Finished,14/8/2013,19.52.00,Yes,Collision with vehicle,Wednesday,REAR END(VEHICLES IN SAME LANE),No,Dark Street lights on,Yes,T intersection,Other injury accident,70 km/hr,No,52856,143.83426,-37.55915,Intersection,BALLARAT,WESTERN REGION,2397013.995,2437321.301,3,2,0,0,2,1,1,2,0,1,2,0,0,0,0,0,0,0,0,0,No,0,2,0,2,0,0,LARGE_PROVINCIAL_CITIES,LARGE_PROVINCIAL_CITIES,BALLARAT,WESTERN REGION,C,C,Arterial Other,"Arterial Other,Local Road",Divided,"Div,Undiv",Country
3403139,T20130016776,ABS to receive accident,Finished,14/8/2013,15.15.00,No,collision with some other object,Wednesday,OTHER ACCIDENTS NOT CLASSIFIABLE ELSEWHERE,No,Day,Yes,Not at intersection,Other injury accident,50 km/hr,No,262781,145.21885,-37.98135,Non-Intersection,DANDENONG,METROPOLITAN SOUTH EAST REGION,2519226.939,2391072.584,1,1,0,0,1,0,0,1,0,0,1,0,0,0,0,0,0,0,0,0,No,0,1,0,1,0,0,MELB_URBAN,MELB_URBAN,DANDENONG,METROPOLITAN SOUTH EAST REGION,,,Local Road,Local Road,Undivided,Undiv,Metro
3403140,T20130016778,ABS to receive accident,Finished,14/8/2013,20.10.00,Yes,Struck animal,Wednesday,STRUCK ANIMAL,No,Dark No street lights,Yes,Not at intersection,Serious injury accident,100 km/hr,No,263129,145.05932,-37.59649,Non-Intersection,WHITTLESEA,METROPOLITAN NORTH WEST REGION,2505238.162,2433807.146,1,1,0,1,0,0,1,0,0,0,1,0,0,0,0,0,0,0,0,0,No,0,1,0,1,0,0,RURAL_VICTORIA,RURAL_VICTORIA,WHITTLESEA,METROPOLITAN NORTH WEST REGION,,,Local Road,Local Road,Undivided,Undiv,Metro
3403141,T20130016779,ABS to receive accident,Finished,12/8/2013,17.45.00,No,Collision with vehicle,Monday,RIGHT THROUGH,No,Dark No street lights,No,T intersection,Other injury accident,60 km/hr,No,262834,144.87967,-37.79904,Intersection,MARIBYRNONG,METROPOLITAN NORTH WEST REGION,2489402.88,2411321.93,2,1,0,0,1,1,0,2,0,0,2,0,0,0,0,0,0,0,0,0,No,0,2,0,2,0,0,MELB_URBAN,MELB_URBAN,MARIBYRNONG,METROPOLITAN NORTH WEST REGION,,,Local Road,Local Road,Undivided,Undiv,Metro
3403142,T20130016781,ABS to receive accident,Finished,17/7/2013,17.45.00,No,Collision with vehicle,Wednesday,REAR END(VEHICLES IN SAME LANE),No,Dusk/Dawn,No,Not at intersection,Other injury accident,100 km/hr,No,262687,145.3148,-38.02257,Non-Intersection,CASEY,METROPOLITAN SOUTH EAST REGION,2527641.148,2386473.125,2,1,0,0,1,1,1,1,0,0,2,0,0,0,0,0,0,0,0,2,No,0,2,0,2,0,0,MELB_URBAN,MELB_URBAN,CASEY,METROPOLITAN SOUTH EAST REGION,M,M,Freeway,Freeway,Divided,Div,Metro
3403143,T20130016782,ABS to receive accident,Finished,14/8/2013,18.15.00,Yes,Collision with vehicle,Wednesday,REAR END(VEHICLES IN SAME LANE),No,Dark No street lights,Yes,Not at intersection,Serious injury accident,100 km/hr,No,266594,145.2477,-37.98432,Non-Intersection,CASEY,METROPOLITAN SOUTH EAST REGION,2521760.52,2390736.236,3,1,0,1,0,2,2,1,0,0,3,0,0,0,0,0,0,0,0,0,No,0,3,0,3,0,0,MELB_URBAN,MELB_URBAN,CASEY,METROPOLITAN SOUTH EAST REGION,M,M,Freeway,Freeway,Divided,Div,Metro
3403144,T20130016786,ABS to receive accident,Finished,15/8/2013,02.15.00,Yes,Vehicle overturned (no collision),Thursday,OFF CARRIAGEWAY TO LEFT,No,Dark Street lights on,Yes,Cross intersection,Serious injury accident,Not known,Yes,46674,144.80404,-37.81486,Non-Intersection,BRIMBANK,METROPOLITAN NORTH WEST REGION,2482745.918,2409555.861,1,1,0,1,0,0,1,0,0,0,1,0,0,0,0,0,0,0,0,0,No,0,1,1,0,0,0,MELB_URBAN,MELB_URBAN,BRIMBANK,METROPOLITAN NORTH WEST REGION,,,Arterial Other,Arterial Other,Divided,Div,Metro