OBJECTID,ACCIDENT_NO,ABS_CODE,ACCIDENT_STATUS,ACCIDENT_DATE,ACCIDENT_TIME,ALCOHOLTIME,ACCIDENT_TYPE,DAY_OF_WEEK,DCA_CODE,HIT_RUN_FLAG,LIGHT_CONDITION,POLICE_ATTEND,ROAD_GEOMETRY,SEVERITY,SPEED_ZONE,RUN_OFFROAD,NODE_ID,LONGITUDE,LATITUDE,NODE_TYPE,LGA_NAME,REGION_NAME,VICGRID_X,VICGRID_Y,TOTAL_PERSONS,INJ_OR_FATAL,FATALITY,SERIOUSINJURY,OTHERINJURY,NONINJURED,MALES,FEMALES,BICYCLIST,PASSENGER,DRIVER,PEDESTRIAN,PILLION,MOTORIST,UNKNOWN,PED_CYCLIST_5_12,PED_CYCLIST_13_18,OLD_PEDESTRIAN,OLD_DRIVER,YOUNG_DRIVER,ALCOHOL_RELATED,UNLICENCSED,NO_OF_VEHICLES,HEAVYVEHICLE,PASSENGERVEHICLE,MOTORCYCLE,PUBLICVEHICLE,DEG_URBAN_NAME,DEG_URBAN_ALL,LGA_NAME_ALL,REGION_NAME_ALL,SRNS,SRNS_ALL,RMA,RMA_ALL,DIVIDED,DIVIDED_ALL,STAT_DIV_NAME
3403145,T20130016787,ABS to receive accident,Finished,14/8/2013,16.45.00,No,Collision with a fixed object,Wednesday,RIGHT OFF CARRIAGEWAY INTO OBJECT/PARKED VEHICLE,No,Day,Yes,Not at intersection,Serious injury accident,100 km/hr,Yes,262843,145.45238,-36.28064,Non-Intersection,SHEPPARTON,NORTH EASTERN REGION,2540640.21,2579721.415,1,1,0,1,0,0,1,0,0,0,1,0,0,0,0,0,0,0,0,0,No,0,1,1,0,0,0,RURAL_VICTORIA,RURAL_VICTORIA,SHEPPARTON,NORTH EASTERN REGION,C,C,Arterial Other,Arterial Other,Undivided,Undiv,Country
3403146,T20130016792,ABS to receive accident,Finished,15/8/2013,07.30.00,No,Collision with vehicle,Thursday,VEHICLE COLLIDES WITH VEHICLE PARKED ON LEFT OF ROAD,No,Day,Yes,Not at intersection,Other injury accident,80 km/hr,No,263250,145.4256,-38.06499,Non-Intersection,CARDINIA,METROPOLITAN SOUTH EAST REGION,2537349.098,2381726.587,6,1,0,0,1,5,3,2,0,4,2,0,0,0,0,0,0,0,0,1,No,0,2,0,2,0,0,SMALL_TOWNS,SMALL_TOWNS,CARDINIA,METROPOLITAN SOUTH EAST REGION,C,C,Arterial Other,Arterial Other,Divided,Div,Metro
3403147,T20130016793,ABS to receive accident,Finished,15/8/2013,08.56.00,No,Collision with vehicle,Thursday,REAR END(VEHICLES IN SAME LANE),No,Day,Yes,Not at intersection,Other injury accident,80 km/hr,No,262978,144.38241,-38.06438,Non-Intersection,GEELONG,SOUTH WESTERN REGION,2445802.403,2381702.222,2,2,0,0,2,0,2,0,0,0,2,0,0,0,0,0,0,0,0,0,No,0,2,0,2,0,0,LARGE_PROVINCIAL_CITIES,LARGE_PROVINCIAL_CITIES,GEELONG,SOUTH WESTERN REGION,A,A,Arterial Highway,Arterial Highway,Divided,Div,Country
3403148,T20130016794,ABS to receive accident,Finished,15/8/2013,07.50.00,No,Collision with vehicle,Thursday,REAR END(VEHICLES IN SAME LANE),No,Day,Yes,Cross intersection,Other injury accident,90 km/hr,No,45164,145.49415,-37.77543,Intersection,YARRA RANGES,METROPOLITAN SOUTH EAST REGION,2543531.27,2413835.89,3,2,0,0,2,1,3,0,0,0,3,0,0,0,0,0,0,0,0,2,No,0,3,0,3,0,0,SMALL_TOWNS,SMALL_TOWNS,YARRA RANGES,METROPOLITAN SOUTH EAST REGION,B,B,Arterial Highway,"Arterial Highway,Local Road",Undivided,Undiv,Metro
3403149,T20130016795,ABS to receive accident,Finished,9/8/2013,18.30.00,Yes,Collision with a fixed object,Friday,OFF LEFT BEND INTO OBJECT/PARKED VEHICLE,No,Dark Street lights on,Yes,Not at intersection,Other injury accident,60 km/hr,Yes,262696,144.92703,-38.35526,Non-Intersection,MORNINGTON PENINSULA,METROPOLITAN SOUTH EAST REGION,2493621.095,2349585.514,3,2,0,0,2,1,0,3,0,2,1,0,0,0,0,0,0,0,0,0,No,0,1,0,1,0,0,MELB_URBAN,MELB_URBAN,MORNINGTON PENINSULA,METROPOLITAN SOUTH EAST REGION,M,M,Freeway,Freeway,Undivided,Undiv,Metro
3403150,T20130016798,ABS to receive accident,Finished,13/8/2013,09.30.00,No,Collision with vehicle,Tuesday,CROSS TRAFFIC(INTERSECTIONS ONLY),No,Day,Yes,Cross intersection,Other injury accident,60 km/hr,No,42280,145.06743,-37.94285,Intersection,KINGSTON,METROPOLITAN SOUTH EAST REGION,2505927.35,2395365.021,2,1,0,0,1,1,1,1,0,0,2,0,0,0,0,0,0,0,0,0,No,0,3,0,3,0,0,MELB_URBAN,MELB_URBAN,KINGSTON,METROPOLITAN SOUTH EAST REGION,,,Local Road,Local Road,Undivided,Undiv,Metro
3403151,T20130016801,ABS to receive accident,Finished,8/8/2013,19.30.00,Yes,Collision with vehicle,Thursday,U TURN,No,Dark Street lights on,No,Not at intersection,Serious injury accident,50 km/hr,No,262671,144.91472,-37.77378,Non-Intersection,MOONEE VALLEY,METROPOLITAN NORTH WEST REGION,2492487.231,2414129.71,2,1,0,1,0,1,1,1,1,0,1,0,0,0,0,0,0,0,0,0,No,0,2,0,1,0,0,MELB_URBAN,MELB_URBAN,MOONEE VALLEY,METROPOLITAN NORTH WEST REGION,,,Local Road,Local Road,Undivided,Undiv,Metro
3403152,T20130016802,ABS to receive accident,Finished,15/8/2013,10.20.00,No,Collision with vehicle,Thursday,VEHICLE OFF FOOTPATH STRIKES VEH ON CARRIAGEWAY,No,Day,Yes,Cross intersection,Other injury accident,60 km/hr,No,41568,145.08676,-37.90102,Intersection,MONASH,METROPOLITAN SOUTH EAST REGION,2507630.037,2400007.112,2,1,0,0,1,1,0,2,1,0,1,0,0,0,0,0,0,0,0,0,No,0,2,0,1,0,0,MELB_URBAN,MELB_URBAN,MONASH,METROPOLITAN SOUTH EAST REGION,,,Arterial Highway,"Arterial Highway,Local Road",Divided,"Div,Undiv",Metro
3403153,T20130016804,ABS to receive accident,Finished,15/8/2013,11.00.00,No,Collision with vehicle,Thursday,RIGHT TURN SIDESWIPE,No,Day,Yes,Cross intersection,Other injury accident,60 km/hr,No,41353,145.03816,-37.88628,Intersection,GLEN EIRA,METROPOLITAN SOUTH EAST REGION,2503356.669,2401645.441,3,1,0,0,1,2,2,1,1,1,1,0,0,0,0,0,0,0,0,1,No,0,2,0,1,0,0,MELB_URBAN,MELB_URBAN,GLEN EIRA,METROPOLITAN SOUTH EAST REGION,,,Arterial Other,"Arterial Other,Local Road",Undivided,Undiv,Metro
3403154,T20130016807,ABS to receive accident,Finished,3/8/2013,12.30.00,No,Collision with a fixed object,Friday,LEFT OFF CARRIAGEWAY INTO OBJECT/PARKED VEHICLE,No,Day,Yes,Not at intersection,Other injury accident,100 km/hr,Yes,271776,141.78212,-34.54437,Non-Intersection,MILDURA,WESTERN REGION,2204459.814,2767510.327,2,2,0,0,2,0,2,0,0,0,0,0,0,2,0,0,0,0,0,0,No,0,2,0,0,2,0,RURAL_VICTORIA,RURAL_VICTORIA,MILDURA,WESTERN REGION,,,Local Road,Local Road,Undivided,Undiv,Country
3403155,T20130016808,ABS to receive accident,Finished,15/8/2013,08.52.00,No,Collision with vehicle,Thursday,REAR END(VEHICLES IN SAME LANE),No,Day,Yes,Not at intersection,Serious injury accident,70 km/hr,No,262718,145.02926,-37.63793,Non-Intersection,WHITTLESEA,METROPOLITAN NORTH WEST REGION,2502582.351,2429209.302,5,1,0,1,0,4,1,4,0,3,2,0,0,0,0,0,0,0,0,0,No,0,2,0,2,0,0,MELB_URBAN,MELB_URBAN,WHITTLESEA,METROPOLITAN NORTH WEST REGION,,,Local Road,Local Road,Undivided,Undiv,Metro
3403156,T20130016809,ABS to receive accident,Finished,31/7/2013,09.00.00,No,Struck Pedestrian,Wednesday,PED NEAR SIDE. PED HIT BY VEHICLE FROM THE RIGHT.,No,Day,No,Cross intersection,Serious injury accident,50 km/hr,No,37853,144.98468,-37.7834,Intersection,YARRA,METROPOLITAN NORTH WEST REGION,2498650.391,2413065.057,2,1,0,1,0,1,1,1,0,0,1,1,0,0,0,0,0,0,0,0,No,0,1,0,1,0,0,MELB_URBAN,MELB_URBAN,YARRA,METROPOLITAN NORTH WEST REGION,,,Local Road,Local Road,Undivided,Undiv,Metro
3403157,T20130016810,ABS to receive accident,Finished,15/8/2013,12.30.00,No,Collision with vehicle,Thursday,LEFT REAR,No,Day,Yes,Cross intersection,Serious injury accident,50 km/hr,No,36264,144.9629,-37.80666,Intersection,MELBOURNE,METROPOLITAN NORTH WEST REGION,2496732.808,2410483.013,2,1,0,1,0,1,2,0,1,0,1,0,0,0,0,0,0,0,0,0,No,0,2,0,1,0,0,MELB_URBAN,MELB_URBAN,MELBOURNE,METROPOLITAN NORTH WEST REGION,,,Arterial Other,"Arterial Other,Local Road",Divided,"Div,Undiv",Metro
3403158,T20130016811,ABS to receive accident,Finished,15/8/2013,12.30.00,No,Collision with vehicle,Thursday,REVERSING INTO FIXED OBJECT/PARKED VEHICLE,No,Day,Yes,Not at intersection,Serious injury accident,60 km/hr,No,262881,145.13628,-38.04534,Non-Intersection,KINGSTON,METROPOLITAN SOUTH EAST REGION,2511962.557,2383983.098,4,1,0,1,0,3,1,3,0,2,2,0,0,0,0,0,0,0,0,0,No,0,2,0,2,0,0,MELB_URBAN,MELB_URBAN,KINGSTON,METROPOLITAN SOUTH EAST REGION,,,Local Road,Local Road,Undivided,Undiv,Metro
3403159,T20130016812,ABS to receive accident,Finished,15/8/2013,09.57.00,No,Struck Pedestrian,Thursday,ANY MANOEUVRE INVOLVING PED NOT INCLUDED IN DCAs 100-108.,No,Day,Yes,Not at intersection,Serious injury accident,60 km/hr,No,262786,145.01308,-37.68476,Non-Intersection,WHITTLESEA,METROPOLITAN NORTH WEST REGION,2501153.447,2424012.232,3,1,0,1,0,2,1,2,0,1,1,1,0,0,0,0,0,1,0,1,No,0,1,0,1,0,0,MELB_URBAN,MELB_URBAN,WHITTLESEA,METROPOLITAN NORTH WEST REGION,,,Arterial Other,Arterial Other,Undivided,Undiv,Metro
3403160,T20130016813,ABS to receive accident,Finished,15/8/2013,12.50.00,No,Vehicle overturned (no collision),Thursday,OUT OF CONTROL ON CARRIAGEWAY (ON STRAIGHT),No,Day,Yes,Cross intersection,Serious injury accident,60 km/hr,No,45206,144.8811,-37.77503,Intersection,MARIBYRNONG,METROPOLITAN NORTH WEST REGION,2489525.386,2413987.086,1,1,0,1,0,0,1,0,0,0,0,0,0,1,0,0,0,0,0,0,No,0,1,0,0,1,0,MELB_URBAN,MELB_URBAN,MARIBYRNONG,METROPOLITAN NORTH WEST REGION,,,Arterial Other,"Arterial Other,Local Road",Undivided,Undiv,Metro
3403161,T20130016815,ABS to receive accident,Finished,15/8/2013,10.35.00,No,Collision with vehicle,Thursday,HEAD ON (NOT OVERTAKING),No,Day,Yes,Not at intersection,Serious injury accident,60 km/hr,No,263326,144.55556,-38.25989,Non-Intersection,GEELONG,SOUTH WESTERN REGION,2461098.556,2360084.739,2,2,0,1,1,0,2,0,0,0,2,0,0,0,0,0,0,0,0,1,No,0,2,0,2,0,0,SMALL_CITIES,SMALL_CITIES,GEELONG,SOUTH WESTERN REGION,,,Local Road,Local Road,Undivided,Undiv,Country
3403162,T20130016817,ABS to receive accident,Finished,12/7/2013,20.00.00,Yes,Collision with a fixed object,Friday,LEFT OFF CARRIAGEWAY INTO OBJECT/PARKED VEHICLE,No,Dark No street lights,No,Not at intersection,Other injury accident,100 km/hr,Yes,262685,145.34329,-38.08281,Non-Intersection,CASEY,METROPOLITAN SOUTH EAST REGION,2530119.099,2379778.314,1,1,0,0,1,0,0,1,0,0,1,0,0,0,0,0,0,0,0,0,Yes,0,1,0,1,0,0,MELB_URBAN,MELB_URBAN,CASEY,METROPOLITAN SOUTH EAST REGION,,,Local Road,Local Road,Undivided,Undiv,Metro
3403163,T20130016820,ABS to receive accident,Finished,15/8/2013,10.40.00,No,Collision with vehicle,Thursday,RIGHT THROUGH,No,Day,Yes,Cross intersection,Serious injury accident,80 km/hr,No,43136,144.92217,-37.66375,Intersection,HUME,METROPOLITAN NORTH WEST REGION,2493133.769,2426341.038,2,2,0,2,0,0,1,1,0,0,2,0,0,0,0,0,0,0,0,0,No,0,2,0,2,0,0,MELB_URBAN,MELB_URBAN,HUME,METROPOLITAN NORTH WEST REGION,,,Arterial Other,"Arterial Other,Local Road",Divided,"Div,Undiv",Metro
3403164,T20130016824,ABS to receive accident,Finished,26/7/2013,11.00.00,No,Collision with vehicle,Friday,REAR END(VEHICLES IN SAME LANE),No,Day,No,Cross intersection,Other injury accident,60 km/hr,No,36193,144.95406,-37.80355,Intersection,MELBOURNE,METROPOLITAN NORTH WEST REGION,2495954.179,2410828.055,2,2,0,0,2,0,1,1,0,0,2,0,0,0,0,0,0,0,0,0,No,0,2,0,2,0,0,MELB_URBAN,MELB_URBAN,MELBOURNE,METROPOLITAN NORTH WEST REGION,,,Local Road,Local Road,Divided,Div,Metro
3403165,T20130016826,ABS to receive accident,Finished,15/8/2013,07.15.00,No,Collision with vehicle,Wednesday,LEFT NEAR (INTERSECTIONS ONLY),No,Day,No,T intersection,Other injury accident,50 km/hr,No,278622,145.0148,-37.63635,Intersection,WHITTLESEA,METROPOLITAN NORTH WEST REGION,2501305.817,2429384.652,2,2,0,0,2,0,1,1,1,0,1,0,0,0,0,0,0,0,0,0,No,0,2,0,1,0,0,MELB_URBAN,MELB_URBAN,WHITTLESEA,METROPOLITAN NORTH WEST REGION,,,Local Road,Local Road,Undivided,Undiv,Metro
3403166,T20130016827,ABS to receive accident,Finished,15/8/2013,10.30.00,No,Collision with vehicle,Thursday,RIGHT THROUGH,No,Day,Yes,Not at intersection,Serious injury accident,50 km/hr,No,262787,145.0785,-37.88539,Non-Intersection,STONNINGTON,METROPOLITAN SOUTH EAST REGION,2506905.083,2401742.355,2,1,0,1,0,1,1,1,0,0,2,0,0,0,0,0,0,0,2,0,No,0,2,0,2,0,0,MELB_URBAN,MELB_URBAN,STONNINGTON,METROPOLITAN SOUTH EAST REGION,,,Local Road,Local Road,Undivided,Undiv,Metro
3403167,T20130016829,ABS to receive accident,Finished,12/8/2013,17.00.00,No,Collision with vehicle,Monday,REAR END(VEHICLES IN SAME LANE),No,Day,No,Not at intersection,Other injury accident,100 km/hr,No,263309,144.84788,-37.82475,Non-Intersection,HOBSONS BAY,METROPOLITAN NORTH WEST REGION,2486607.845,2408464.949,2,1,0,0,1,1,1,1,0,0,2,0,0,0,0,0,0,0,0,1,No,1,2,0,2,0,0,MELB_URBAN,MELB_URBAN,HOBSONS BAY,METROPOLITAN NORTH WEST REGION,M,M,Freeway,Freeway,Divided,Div,Metro
3403168,T20130016831,ABS to receive accident,Finished,15/8/2013,15.40.00,No,Collision with vehicle,Thursday,REAR END(VEHICLES IN SAME LANE),No,Day,Yes,T intersection,Other injury accident,60 km/hr,No,38713,144.88859,-37.79637,Intersection,MARIBYRNONG,METROPOLITAN NORTH WEST REGION,2490188.052,2411619.799,6,2,0,0,2,4,3,3,0,2,4,0,0,0,0,0,0,0,0,2,No,0,4,0,4,0,0,MELB_URBAN,MELB_URBAN,MARIBYRNONG,METROPOLITAN NORTH WEST REGION,,,Arterial Other,"Arterial Other,Local Road",Undivided,Undiv,Metro
3403169,T20130016832,ABS to receive accident,Finished,12/8/2013,13.30.00,No,Vehicle overturned (no collision),Monday,OUT OF CONTROL ON CARRIAGEWAY (ON STRAIGHT),No,Day,No,Not at intersection,Other injury accident,60 km/hr,No,263658,145.0125,-37.73683,Non-Intersection,DAREBIN,METROPOLITAN NORTH WEST REGION,2501101.575,2418233.408,1,1,0,0,1,0,0,1,0,0,0,0,0,1,0,0,0,0,0,0,No,0,1,0,0,1,0,MELB_URBAN,MELB_URBAN,DAREBIN,METROPOLITAN NORTH WEST REGION,,,Arterial Other,Arterial Other,Undivided,Undiv,Metro
3403170,T20130016833,ABS to receive accident,Finished,15/8/2013,16.20.00,No,Collision with vehicle,Thursday,CROSS TRAFFIC(INTERSECTIONS ONLY),No,Day,Yes,Cross intersection,Other injury accident,50 km/hr,No,49218,142.15955,-34.18248,Intersection,MILDURA,WESTERN REGION,2237914.13,2808775.204,4,1,0,0,1,3,3,1,0,2,2,0,0,0,0,0,0,0,0,0,No,0,2,0,2,0,0,SMALL_CITIES,SMALL_CITIES,MILDURA,WESTERN REGION,,,Local Road,Local Road,Divided,"Div,Undiv",Country
3403171,T20130016835,ABS to receive accident,Finished,5/8/2013,13.00.00,No,Collision with vehicle,Monday,REAR END(VEHICLES IN SAME LANE),No,Day,No,Cross intersection,Other injury accident,40 km/hr,No,37692,144.99413,-37.84686,Intersection,STONNINGTON,METROPOLITAN SOUTH EAST REGION,2499483.509,2406021.164,3,2,0,0,2,1,3,0,0,1,2,0,0,0,0,0,0,0,0,0,No,0,2,0,1,0,0,MELB_URBAN,MELB_URBAN,STONNINGTON,METROPOLITAN SOUTH EAST REGION,,,Arterial Other,"Arterial Other,Local Road",Undivided,Undiv,Metro
3403172,T20130016836,ABS to receive accident,Finished,15/8/2013,12.50.00,No,Collision with a fixed object,Thursday,OFF RIGHT BEND INTO OBJECT/PARKED VEHICLE,No,Day,No,T intersection,Other injury accident,80 km/hr,Yes,70426,145.511,-37.9751,Intersection,CARDINIA,METROPOLITAN SOUTH EAST REGION,2544897.129,2391667.969,1,1,0,0,1,0,1,0,0,0,1,0,0,0,0,0,0,0,0,0,No,0,1,0,1,0,0,RURAL_VICTORIA,RURAL_VICTORIA,CARDINIA,METROPOLITAN SOUTH EAST REGION,C,C,Arterial Other,"Arterial Other,Local Road",Undivided,Undiv,Metro
3403173,T20130016838,ABS to receive accident,Finished,26/7/2013,13.20.00,No,Collision with vehicle,Friday,RIGHT THROUGH,No,Day,Not known,Cross intersection,Other injury accident,80 km/hr,No,54871,145.27491,-37.99825,Non-Intersection,CASEY,METROPOLITAN SOUTH EAST REGION,2524146.554,2389183.593,2,1,0,0,1,1,2,0,0,0,2,0,0,0,0,0,0,0,0,0,No,0,2,0,2,0,0,MELB_URBAN,MELB_URBAN,CASEY,METROPOLITAN SOUTH EAST REGION,M,M,Freeway,Freeway,Undivided,Undiv,Metro
3403174,T20130016933,ABS to receive accident,Finished,16/8/2013,21.28.00,Yes,Struck Pedestrian,Friday,PED WALKING WITH TRAFFIC,No,Dark Street lights on,Yes,Not at intersection,Serious injury accident,60 km/hr,No,263362,144.23775,-36.80762,Non-Intersection,BENDIGO,NORTHERN REGION,2431991.172,2521073.941,3,1,0,1,0,2,3,0,0,0,1,2,0,0,0,0,2,0,0,0,No,0,1,0,1,0,0,LARGE_PROVINCIAL_CITIES,LARGE_PROVINCIAL_CITIES,BENDIGO,NORTHERN REGION,,,Local Road,Local Road,Undivided,Undiv,Country
3403175,T20130016935,ABS to receive accident,Finished,16/8/2013,21.20.00,Yes,Collision with a fixed object,Friday,OFF RIGHT BEND INTO OBJECT/PARKED VEHICLE,No,Dark No street lights,Yes,Not at intersection,Other injury accident,100 km/hr,Yes,262953,145.22217,-36.90536,Non-Intersection,STRATHBOGIE,NORTH EASTERN REGION,2519797.203,2510478.364,1,1,0,0,1,0,0,1,0,0,1,0,0,0,0,0,0,0,0,1,No,0,1,0,1,0,0,SMALL_TOWNS,SMALL_TOWNS,STRATHBOGIE,NORTH EASTERN REGION,,,Local Road,Local Road,Undivided,Undiv,Country
3403176,T20130016937,ABS to receive accident,Finished,16/8/2013,22.30.00,Yes,Collision with a fixed object,Friday,RIGHT OFF CARRIAGEWAY INTO OBJECT/PARKED VEHICLE,No,Dark No street lights,Yes,Not at intersection,Serious injury accident,100 km/hr,Yes,264099,145.01894,-37.60728,Non-Intersection,WHITTLESEA,METROPOLITAN NORTH WEST REGION,2501672.211,2432610.789,1,1,0,1,0,0,1,0,0,0,1,0,0,0,0,0,0,0,0,0,No,1,1,0,1,0,0,RURAL_VICTORIA,RURAL_VICTORIA,WHITTLESEA,METROPOLITAN NORTH WEST REGION,C,C,Arterial Other,Arterial Other,Undivided,Undiv,Metro
3403177,T20130016938,ABS to receive accident,Finished,17/8/2013,01.40.00,Yes,Collision with a fixed object,Saturday,OFF END OF ROAD/T-INTERSECTION.,No,Dark No street lights,Yes,T intersection,Serious injury accident,60 km/hr,No,262720,143.60239,-38.35993,Intersection,COLAC OTWAY,SOUTH WESTERN REGION,2377835.484,2348173.094,1,1,0,1,0,0,1,0,0,0,1,0,0,0,0,0,0,0,0,1,No,0,1,0,1,0,0,SMALL_CITIES,"SMALL_CITIES,RURAL_VICTORIA",COLAC OTWAY,SOUTH WESTERN REGION,,,Local Road,Local Road,Undivided,Undiv,Country
3403178,T20130016941,ABS to receive accident,Finished,17/8/2013,02.35.00,Yes,Collision with a fixed object,Saturday,LEFT OFF CARRIAGEWAY INTO OBJECT/PARKED VEHICLE,No,Dark Street lights on,Yes,Cross intersection,Other injury accident,60 km/hr,Yes,19413,144.29188,-36.73136,Intersection,BENDIGO,NORTHERN REGION,2436757.423,2529572.312,1,1,0,0,1,0,1,0,0,0,1,0,0,0,0,0,0,0,0,0,Yes,0,1,0,1,0,0,LARGE_PROVINCIAL_CITIES,LARGE_PROVINCIAL_CITIES,BENDIGO,NORTHERN REGION,C,C,Arterial Other,"Arterial Other,Local Road",Undivided,Undiv,Country
3403179,T20130016943,ABS to receive accident,Finished,17/8/2013,02.45.00,Yes,Vehicle overturned (no collision),Saturday,OFF CARRIAGEWAY TO RIGHT,No,Dark Street lights on,Yes,Not at intersection,Serious injury accident,70 km/hr,Yes,262756,145.23364,-37.87697,Non-Intersection,KNOX,METROPOLITAN SOUTH EAST REGION,2520554.669,2402654.345,1,1,0,1,0,0,1,0,0,0,1,0,0,0,0,0,0,0,0,1,Yes,0,1,0,1,0,0,MELB_URBAN,MELB_URBAN,KNOX,METROPOLITAN SOUTH EAST REGION,,,Arterial Other,Arterial Other,Undivided,Undiv,Metro
3403180,T20130016944,ABS to receive accident,Finished,17/8/2013,04.55.00,Yes,Collision with a fixed object,Saturday,RIGHT OFF CARRIAGEWAY INTO OBJECT/PARKED VEHICLE,No,Dark Street lights on,Yes,Not at intersection,Serious injury accident,50 km/hr,Yes,263724,145.0143,-37.67781,Non-Intersection,WHITTLESEA,METROPOLITAN NORTH WEST REGION,2501261.151,2424783.543,1,1,0,1,0,0,1,0,0,0,1,0,0,0,0,0,0,0,0,0,Yes,0,1,0,1,0,0,MELB_URBAN,MELB_URBAN,WHITTLESEA,METROPOLITAN NORTH WEST REGION,,,Arterial Other,Arterial Other,Undivided,Undiv,Metro
3403181,T20130016946,ABS to receive accident,Finished,15/8/2013,17.51.00,No,Collision with vehicle,Thursday,REAR END(VEHICLES IN SAME LANE),No,Day,No,T intersection,Other injury accident,60 km/hr,No,35675,145.06068,-37.73072,Intersection,BANYULE,METROPOLITAN NORTH WEST REGION,2505348.607,2418910.208,4,1,0,0,1,3,0,4,0,1,3,0,0,0,0,0,0,0,0,2,No,0,3,0,3,0,0,MELB_URBAN,MELB_URBAN,BANYULE,METROPOLITAN NORTH WEST REGION,,,Arterial Other,"Arterial Other,Local Road",Undivided,Undiv,Metro
3403182,T20130016949,ABS to receive accident,Finished,16/8/2013,11.47.00,No,Collision with vehicle,Friday,REAR END(VEHICLES IN SAME LANE),No,Day,Yes,Not at intersection,Serious injury accident,80 km/hr,No,263286,144.96021,-37.828,Non-Intersection,MELBOURNE,METROPOLITAN NORTH WEST REGION,2496497.015,2408114.644,5,2,0,2,0,3,3,2,0,0,5,0,0,0,0,0,0,0,0,0,No,0,5,0,5,0,0,MELB_URBAN,MELB_URBAN,MELBOURNE,METROPOLITAN NORTH WEST REGION,M,M,Freeway,Freeway,Divided,Div,Metro
3403183,T20130016951,ABS to receive accident,Finished,17/8/2013,07.45.00,Yes,Collision with a fixed object,Saturday,OFF LEFT BEND INTO OBJECT/PARKED VEHICLE,No,Day,Yes,Not at intersection,Serious injury accident,70 km/hr,Yes,264178,145.10205,-37.96083,Non-Intersection,KINGSTON,METROPOLITAN SOUTH EAST REGION,2508967.64,2393366.931,2,1,0,1,0,1,2,0,0,1,1,0,0,0,0,0,0,0,0,0,No,0,1,0,1,0,0,MELB_URBAN,MELB_URBAN,KINGSTON,METROPOLITAN SOUTH EAST REGION,,,Arterial Other,Arterial Other,Undivided,Undiv,Metro
3403184,T20130016953,ABS to receive accident,Finished,7/8/2013,22.00.00,Yes,Collision with a fixed object,Wednesday,LEFT OFF CARRIAGEWAY INTO OBJECT/PARKED VEHICLE,No,Dark No street lights,No,Cross intersection,Other injury accident,100 km/hr,Yes,48721,144.83636,-37.62961,Intersection,HUME,METROPOLITAN NORTH WEST REGION,2485556.734,2430120.972,1,1,0,0,1,0,0,1,0,0,1,0,0,0,0,0,0,0,0,1,No,0,1,0,1,0,0,RURAL_VICTORIA,RURAL_VICTORIA,HUME,METROPOLITAN NORTH WEST REGION,,,Arterial Other,"Arterial Other,Local Road",Undivided,Undiv,Metro
3403185,T20130016956,ABS to receive accident,Finished,15/8/2013,18.15.00,Yes,Struck Pedestrian,Thursday,PED NEAR SIDE. PED HIT BY VEHICLE FROM THE RIGHT.,Yes,Dusk/Dawn,No,Cross intersection,Other injury accident,50 km/hr,No,39292,145.12012,-37.81314,Intersection,WHITEHORSE,METROPOLITAN SOUTH EAST REGION,2510576.167,2409757.68,2,1,0,0,1,1,0,1,0,0,0,1,0,0,1,0,0,0,0,0,No,0,1,0,0,0,0,MELB_URBAN,MELB_URBAN,WHITEHORSE,METROPOLITAN SOUTH EAST REGION,,,Local Road,Local Road,Undivided,Undiv,Metro
3403186,T20130016958,ABS to receive accident,Finished,16/8/2013,15.00.00,No,Collision with vehicle,Friday,REAR END(VEHICLES IN SAME LANE),No,Day,No,T intersection,Other injury accident,Not known,No,279214,144.74843,-37.75952,Intersection,MELTON,METROPOLITAN NORTH WEST REGION,2477833.796,2415686.026,2,1,0,0,1,1,2,0,0,0,2,0,0,0,0,0,0,0,0,0,No,0,2,0,2,0,0,RURAL_VICTORIA,RURAL_VICTORIA,MELTON,METROPOLITAN NORTH WEST REGION,,,Arterial Other,"Arterial Other,Local Road",Divided,"Div,Undiv",Metro
3403187,T20130017078,ABS to receive accident,Finished,19/8/2013,11.00.00,No,Collision with vehicle,Monday,LEAVING PARKING,No,Day,Yes,Not at intersection,Other injury accident,50 km/hr,No,263253,147.06574,-38.11089,Non-Intersection,WELLINGTON,EASTERN REGION,2681157.946,2374749.926,4,1,0,0,1,3,4,0,0,2,2,0,0,0,0,0,0,0,0,0,No,0,2,0,2,0,0,SMALL_CITIES,SMALL_CITIES,WELLINGTON,"EASTERN REGION,EASTERN REGION",,,Local Road,Local Road,Undivided,Undiv,Country