OBJECTID,ACCIDENT_NO,ABS_CODE,ACCIDENT_STATUS,ACCIDENT_DATE,ACCIDENT_TIME,ALCOHOLTIME,ACCIDENT_TYPE,DAY_OF_WEEK,DCA_CODE,HIT_RUN_FLAG,LIGHT_CONDITION,POLICE_ATTEND,ROAD_GEOMETRY,SEVERITY,SPEED_ZONE,RUN_OFFROAD,NODE_ID,LONGITUDE,LATITUDE,NODE_TYPE,LGA_NAME,REGION_NAME,VICGRID_X,VICGRID_Y,TOTAL_PERSONS,INJ_OR_FATAL,FATALITY,SERIOUSINJURY,OTHERINJURY,NONINJURED,MALES,FEMALES,BICYCLIST,PASSENGER,DRIVER,PEDESTRIAN,PILLION,MOTORIST,UNKNOWN,PED_CYCLIST_5_12,PED_CYCLIST_13_18,OLD_PEDESTRIAN,OLD_DRIVER,YOUNG_DRIVER,ALCOHOL_RELATED,UNLICENCSED,NO_OF_VEHICLES,HEAVYVEHICLE,PASSENGERVEHICLE,MOTORCYCLE,PUBLICVEHICLE,DEG_URBAN_NAME,DEG_URBAN_ALL,LGA_NAME_ALL,REGION_NAME_ALL,SRNS,SRNS_ALL,RMA,RMA_ALL,DIVIDED,DIVIDED_ALL,STAT_DIV_NAME
3403188,T20130017079,ABS to receive accident,Finished,19/8/2013,10.30.00,No,Collision with vehicle,Sunday,LANE SIDE SWIPE (VEHICLES IN PARALLEL LANES),No,Day,Yes,Not at intersection,Serious injury accident,80 km/hr,No,262883,145.22183,-37.69637,Non-Intersection,NILLUMBIK,METROPOLITAN NORTH WEST REGION,2519562.522,2422701.287,2,1,0,1,0,1,1,1,1,0,1,0,0,0,0,0,0,0,0,1,No,0,2,0,0,0,0,RURAL_VICTORIA,RURAL_VICTORIA,NILLUMBIK,METROPOLITAN NORTH WEST REGION,,,Arterial Other,Arterial Other,Undivided,Undiv,Metro
3403189,T20130017080,ABS to receive accident,Finished,19/8/2013,10.55.00,No,Collision with vehicle,Monday,VEHICLE COLLIDES WITH VEHICLE PARKED ON LEFT OF ROAD,No,Day,Yes,Not at intersection,Serious injury accident,60 km/hr,No,263727,145.16805,-37.96685,Non-Intersection,DANDENONG,METROPOLITAN SOUTH EAST REGION,2514766.997,2392690.623,1,1,0,1,0,0,1,0,0,0,1,0,0,0,0,0,0,0,1,0,No,0,3,0,3,0,0,MELB_URBAN,MELB_URBAN,DANDENONG,METROPOLITAN SOUTH EAST REGION,,,Local Road,Local Road,Undivided,Undiv,Metro
3403190,T20130017082,ABS to receive accident,Finished,19/8/2013,11.47.00,No,Collision with a fixed object,Monday,RIGHT OFF CARRIAGEWAY INTO OBJECT/PARKED VEHICLE,No,Day,Yes,Not at intersection,Serious injury accident,80 km/hr,Yes,262792,145.16243,-37.89886,Non-Intersection,MONASH,METROPOLITAN SOUTH EAST REGION,2514285.384,2400237.997,2,1,0,1,0,1,1,0,0,0,1,0,0,0,1,0,0,0,0,0,No,0,2,0,1,0,0,MELB_URBAN,MELB_URBAN,MONASH,METROPOLITAN SOUTH EAST REGION,,,Arterial Highway,Arterial Highway,Divided,Div,Metro
3403191,T20130017083,ABS to receive accident,Finished,19/8/2013,11.55.00,No,Collision with vehicle,Monday,RIGHT FAR (INTERSECTIONS ONLY),No,Day,Yes,Multiple intersection,Other injury accident,50 km/hr,No,49318,144.28742,-36.75834,Intersection,BENDIGO,NORTHERN REGION,2436381.597,2526576.101,3,2,0,0,2,1,3,0,0,1,2,0,0,0,0,0,0,0,0,1,No,0,4,0,4,0,0,LARGE_PROVINCIAL_CITIES,LARGE_PROVINCIAL_CITIES,BENDIGO,NORTHERN REGION,B,"B,C",Arterial Highway,"Arterial Highway,Local Road,Arterial Other",Divided,"Div,Undiv",Country
3403192,T20130017084,ABS to receive accident,Finished,19/8/2013,09.30.00,Yes,Collision with vehicle,Sunday,CROSS TRAFFIC(INTERSECTIONS ONLY),No,Day,Yes,Cross intersection,Other injury accident,60 km/hr,No,278624,145.00521,-37.62064,Intersection,WHITTLESEA,METROPOLITAN NORTH WEST REGION,2500459.748,2431128.125,3,3,0,0,3,0,1,2,0,1,2,0,0,0,0,0,0,0,0,0,No,0,2,0,2,0,0,MELB_URBAN,"RURAL_VICTORIA,MELB_URBAN",WHITTLESEA,METROPOLITAN NORTH WEST REGION,,,Local Road,Local Road,Undivided,Undiv,Metro
3403193,T20130017088,ABS to receive accident,Finished,19/8/2013,08.50.00,No,Collision with vehicle,Monday,CROSS TRAFFIC(INTERSECTIONS ONLY),No,Day,Yes,Cross intersection,Serious injury accident,100 km/hr,No,262759,143.05392,-37.07139,Intersection,NORTHERN GRAMPIANS,WESTERN REGION,2326976.263,2490310.282,3,1,0,1,0,2,3,0,0,1,2,0,0,0,0,0,0,0,0,0,No,0,2,0,2,0,0,RURAL_VICTORIA,RURAL_VICTORIA,NORTHERN GRAMPIANS,WESTERN REGION,,,Local Road,Local Road,Undivided,Undiv,Country
3403194,T20130017089,ABS to receive accident,Finished,19/8/2013,12.00.00,No,Collision with vehicle,Monday,RIGHT NEAR (INTERSECTIONS ONLY),No,Day,Yes,T intersection,Serious injury accident,60 km/hr,No,42600,145.19211,-37.9547,Intersection,DANDENONG,METROPOLITAN SOUTH EAST REGION,2516883.368,2394035.608,2,1,0,1,0,1,0,2,0,0,2,0,0,0,0,0,0,0,0,0,No,0,2,0,2,0,0,MELB_URBAN,MELB_URBAN,DANDENONG,METROPOLITAN SOUTH EAST REGION,,,Local Road,Local Road,Undivided,Undiv,Metro
3403195,T20130017093,ABS to receive accident,Finished,19/8/2013,13.10.00,No,Collision with a fixed object,Monday,LEFT OFF CARRIAGEWAY INTO OBJECT/PARKED VEHICLE,No,Day,Yes,Not at intersection,Serious injury accident,100 km/hr,Yes,264019,142.99089,-38.40216,Non-Intersection,CORANGAMITE,SOUTH WESTERN REGION,2324490.112,2342529.234,1,1,0,1,0,0,0,1,0,0,1,0,0,0,0,0,0,0,0,0,No,0,1,0,1,0,0,RURAL_VICTORIA,RURAL_VICTORIA,CORANGAMITE,SOUTH WESTERN REGION,C,C,Arterial Other,Arterial Other,Undivided,Undiv,Country
3403196,T20130017095,ABS to receive accident,Finished,19/8/2013,12.23.00,No,Collision with vehicle,Monday,OTHER ON PATH,No,Day,Yes,Not at intersection,Other injury accident,50 km/hr,No,262838,144.93072,-37.64947,Non-Intersection,HUME,METROPOLITAN NORTH WEST REGION,2493886.821,2427926.555,1,1,0,0,1,0,1,0,0,0,1,0,0,0,0,0,0,0,0,1,No,0,2,0,2,0,0,MELB_URBAN,MELB_URBAN,HUME,METROPOLITAN NORTH WEST REGION,,,Local Road,Local Road,Undivided,Undiv,Metro
3403197,T20130017098,ABS to receive accident,Finished,17/8/2013,01.25.00,Yes,Vehicle overturned (no collision),Saturday,OUT OF CONTROL ON CARRIAGEWAY (ON STRAIGHT),No,Dark Street lights on,Yes,Not at intersection,Other injury accident,60 km/hr,No,262979,146.15653,-38.40089,Non-Intersection,SOUTH GIPPSLAND,EASTERN REGION,2601037.71,2343907.99,3,1,0,0,1,2,1,0,1,1,1,0,0,0,0,0,0,0,0,0,No,0,2,0,1,0,0,TOWNS,TOWNS,SOUTH GIPPSLAND,"EASTERN REGION,EASTERN REGION",B,B,Arterial Highway,Arterial Highway,Undivided,Undiv,Country
3403198,T20130017100,ABS to receive accident,Finished,18/8/2013,13.45.00,No,Struck animal,Sunday,STRUCK ANIMAL,No,Day,No,Not at intersection,Other injury accident,Not known,No,262815,146.641,-37.60121,Non-Intersection,WELLINGTON,EASTERN REGION,2644888.8,2432035.854,1,1,0,0,1,0,1,0,0,0,0,0,0,1,0,0,0,0,0,0,No,0,1,0,0,1,0,RURAL_VICTORIA,RURAL_VICTORIA,WELLINGTON,"EASTERN REGION,EASTERN REGION",,,Local Road,Local Road,Undivided,Undiv,Country
3403199,T20130017102,ABS to receive accident,Finished,19/8/2013,14.15.00,No,Collision with a fixed object,Monday,RIGHT OFF CARRIAGEWAY INTO OBJECT/PARKED VEHICLE,No,Day,Yes,T intersection,Serious injury accident,60 km/hr,Yes,262793,144.22416,-37.06897,Intersection,MOUNT ALEXANDER,NORTHERN REGION,2431014.613,2492065.927,1,1,0,1,0,0,1,0,0,0,1,0,0,0,0,0,0,0,0,0,No,0,1,0,1,0,0,TOWNS,TOWNS,MOUNT ALEXANDER,NORTHERN REGION,B,B,Arterial Highway,"Arterial Highway,Local Road",Undivided,Undiv,Country
3403200,T20130016959,ABS to receive accident,Finished,17/8/2013,09.44.00,No,Collision with vehicle,Saturday,CROSS TRAFFIC(INTERSECTIONS ONLY),No,Day,Yes,Cross intersection,Serious injury accident,60 km/hr,No,44570,145.04997,-37.72959,Intersection,BANYULE,METROPOLITAN NORTH WEST REGION,2504405.15,2419035.533,4,3,0,3,0,1,2,2,0,2,2,0,0,0,0,0,0,0,0,1,No,0,2,0,2,0,0,MELB_URBAN,MELB_URBAN,BANYULE,METROPOLITAN NORTH WEST REGION,,,Arterial Other,"Arterial Other,Local Road",Undivided,Undiv,Metro
3403201,T20130016960,ABS to receive accident,Finished,17/8/2013,07.55.00,Yes,Collision with a fixed object,Saturday,RIGHT OFF CARRIAGEWAY INTO OBJECT/PARKED VEHICLE,No,Unk.,Yes,T intersection,Other injury accident,80 km/hr,Yes,43458,145.12678,-38.14872,Intersection,FRANKSTON,METROPOLITAN SOUTH EAST REGION,2511113.373,2372508.812,1,1,0,0,1,0,1,0,0,0,1,0,0,0,0,0,0,0,0,0,Yes,0,1,0,1,0,0,MELB_URBAN,MELB_URBAN,FRANKSTON,METROPOLITAN SOUTH EAST REGION,,,Arterial Other,"Arterial Other,Local Road",Divided,"Div,Undiv",Metro
3403202,T20130016962,ABS to receive accident,Finished,17/8/2013,12.00.00,No,Struck Pedestrian,Saturday,PED ON FOOTHPATH STRUCK BY VEHENTERING/LEAVING DRIVEWAY.,No,Day,Yes,Not at intersection,Serious injury accident,50 km/hr,No,262721,144.22087,-37.05751,Non-Intersection,MOUNT ALEXANDER,NORTHERN REGION,2430711.509,2493335.12,2,2,0,2,0,0,1,1,0,0,1,1,0,0,0,0,0,1,1,0,No,0,1,0,1,0,0,TOWNS,TOWNS,MOUNT ALEXANDER,NORTHERN REGION,,,Local Road,Local Road,Undivided,Undiv,Country
3403203,T20130016965,ABS to receive accident,Finished,17/8/2013,12.22.00,No,No collision and no object struck,Saturday,OUT OF CONTROL ON CARRIAGEWAY (ON STRAIGHT),No,Day,Yes,Not at intersection,Serious injury accident,80 km/hr,No,263558,145.23293,-37.87715,Non-Intersection,KNOX,METROPOLITAN SOUTH EAST REGION,2520492.034,2402634.656,1,1,0,1,0,0,1,0,0,0,0,0,0,1,0,0,0,0,0,0,No,0,1,0,0,1,0,MELB_URBAN,MELB_URBAN,KNOX,METROPOLITAN SOUTH EAST REGION,,,Arterial Highway,Arterial Highway,Divided,Div,Metro
3403204,T20130016966,ABS to receive accident,Finished,16/8/2013,21.00.00,Yes,collision with some other object,Friday,STRUCK OBJECT ON CARRIAGEWAY,No,Dark No street lights,Yes,T intersection,Other injury accident,80 km/hr,No,262835,145.27537,-37.48139,Intersection,MURRINDINDI,NORTH EASTERN REGION,2524352.937,2446546.849,2,2,0,0,2,0,0,0,0,1,1,0,0,0,0,0,0,0,0,0,No,0,1,0,1,0,0,SMALL_TOWNS,SMALL_TOWNS,"MURRINDINDI,MURRINDINDI",NORTH EASTERN REGION,C,C,Arterial Other,"Arterial Other,Local Road",Undivided,Undiv,Country
3403205,T20130016967,ABS to receive accident,Finished,17/8/2013,11.45.00,No,Collision with vehicle,Saturday,RIGHT REAR.,No,Day,Yes,T intersection,Other injury accident,60 km/hr,No,65917,145.24754,-37.81463,Intersection,MAROONDAH,METROPOLITAN SOUTH EAST REGION,2521795.668,2409569.863,3,1,0,0,1,2,2,1,0,0,3,0,0,0,0,0,0,0,0,1,No,1,3,0,3,0,0,MELB_URBAN,MELB_URBAN,MAROONDAH,METROPOLITAN SOUTH EAST REGION,,,Local Road,Local Road,Undivided,Undiv,Metro
3403206,T20130016968,ABS to receive accident,Finished,17/8/2013,12.25.00,No,Collision with vehicle,Saturday,RIGHT THROUGH,No,Day,Yes,Not at intersection,Other injury accident,60 km/hr,No,262837,145.11823,-37.79938,Non-Intersection,WHITEHORSE,METROPOLITAN SOUTH EAST REGION,2510412.031,2411284.837,2,1,0,0,1,1,2,0,0,0,1,0,0,1,0,0,0,0,0,0,No,0,2,0,1,1,0,MELB_URBAN,MELB_URBAN,WHITEHORSE,METROPOLITAN SOUTH EAST REGION,,,Arterial Other,Arterial Other,Undivided,Undiv,Metro
3403207,T20130016974,ABS to receive accident,Finished,1/8/2013,10.30.00,No,Collision with vehicle,Thursday,REAR END(VEHICLES IN SAME LANE),No,Day,No,Cross intersection,Other injury accident,70 km/hr,No,39832,145.3168,-37.8181,Intersection,YARRA RANGES,METROPOLITAN SOUTH EAST REGION,2527892.388,2409167.001,2,1,0,0,1,1,1,1,0,0,2,0,0,0,0,0,0,0,0,0,No,0,2,0,2,0,0,MELB_URBAN,MELB_URBAN,YARRA RANGES,METROPOLITAN SOUTH EAST REGION,,,Arterial Other,"Arterial Other,Local Road",Divided,"Div,Undiv",Metro
3403208,T20130016975,ABS to receive accident,Finished,17/8/2013,12.30.00,No,Collision with vehicle,Saturday,VEHICLE COLLIDES WITH VEHICLE PARKED ON LEFT OF ROAD,No,Day,Yes,Not at intersection,Serious injury accident,80 km/hr,No,262757,144.79259,-37.68991,Non-Intersection,BRIMBANK,METROPOLITAN NORTH WEST REGION,2481707.824,2423420.958,2,1,0,1,0,1,2,0,0,0,2,0,0,0,0,0,0,0,0,1,No,0,2,0,2,0,0,MELB_URBAN,MELB_URBAN,BRIMBANK,METROPOLITAN NORTH WEST REGION,M,M,Freeway,Freeway,Divided,Div,Metro
3403209,T20130016979,ABS to receive accident,Finished,17/8/2013,07.25.00,Yes,Collision with a fixed object,Saturday,RIGHT OFF CARRIAGEWAY INTO OBJECT/PARKED VEHICLE,No,Day,Yes,T intersection,Other injury accident,60 km/hr,Yes,38539,144.82768,-37.79562,Intersection,BRIMBANK,METROPOLITAN NORTH WEST REGION,2484824.082,2411694.914,2,2,0,0,2,0,1,1,0,1,1,0,0,0,0,0,0,0,0,1,No,0,2,0,2,0,0,MELB_URBAN,MELB_URBAN,BRIMBANK,METROPOLITAN NORTH WEST REGION,,,Arterial Other,"Arterial Other,Local Road",Undivided,Undiv,Metro
3403210,T20130016980,ABS to receive accident,Finished,17/8/2013,13.30.00,No,Vehicle overturned (no collision),Saturday,OUT OF CONTROL ON CARRIAGEWAY (ON STRAIGHT),No,Day,Yes,Not at intersection,Other injury accident,100 km/hr,No,264011,143.34765,-38.50748,Non-Intersection,COLAC OTWAY,SOUTH WESTERN REGION,2355855.26,2331437.256,1,1,0,0,1,0,1,0,0,0,0,0,0,1,0,0,0,0,0,0,No,0,1,0,0,1,0,RURAL_VICTORIA,RURAL_VICTORIA,"CORANGAMITE,COLAC OTWAY",SOUTH WESTERN REGION,,,Local Road,Local Road,Undivided,Undiv,Country
3403211,T20130016982,ABS to receive accident,Finished,9/8/2013,15.45.00,No,Collision with vehicle,Friday,REAR END(VEHICLES IN SAME LANE),No,Day,No,Not at intersection,Other injury accident,60 km/hr,No,263287,145.13484,-37.73235,Non-Intersection,BANYULE,METROPOLITAN NORTH WEST REGION,2511885.591,2418722.18,3,2,0,0,2,1,1,2,0,1,2,0,0,0,0,0,0,0,0,1,No,0,2,0,2,0,0,MELB_URBAN,MELB_URBAN,BANYULE,METROPOLITAN NORTH WEST REGION,,,Local Road,Local Road,Undivided,Undiv,Metro
3403212,T20130016983,ABS to receive accident,Finished,17/8/2013,14.40.00,Yes,Collision with vehicle,Saturday,VEHICLE STRIKES ANOTHER VEH WHILE EMERGING FROM DRIVEWAY,No,Day,Yes,Not at intersection,Other injury accident,50 km/hr,No,264000,145.04997,-37.75454,Non-Intersection,BANYULE,METROPOLITAN NORTH WEST REGION,2504402.957,2416266.784,2,1,0,0,1,1,1,1,0,0,2,0,0,0,0,0,0,0,0,0,No,0,2,0,2,0,0,MELB_URBAN,MELB_URBAN,BANYULE,METROPOLITAN NORTH WEST REGION,,,Local Road,Local Road,Undivided,Undiv,Metro
3403213,T20130016984,ABS to receive accident,Finished,17/8/2013,00.25.00,Yes,Struck animal,Saturday,STRUCK ANIMAL,No,Dark No street lights,Yes,Not at intersection,Serious injury accident,100 km/hr,No,264974,145.19027,-36.13453,Non-Intersection,MOIRA,NORTH EASTERN REGION,2517125.467,2596012.891,1,1,0,1,0,0,1,0,0,0,1,0,0,0,0,0,0,0,0,0,No,0,1,0,1,0,0,RURAL_VICTORIA,RURAL_VICTORIA,MOIRA,NORTH EASTERN REGION,B,B,Arterial Highway,Arterial Highway,Undivided,Undiv,Country
3403214,T20130016988,ABS to receive accident,Finished,16/7/2013,18.45.00,Yes,Struck Pedestrian,Tuesday,FAR SIDE. PED HIT BY VEHICLE FROM THE LEFT,No,Dark Street lights on,No,Cross intersection,Serious injury accident,70 km/hr,No,120,145.03451,-37.93295,Intersection,GLEN EIRA,METROPOLITAN SOUTH EAST REGION,2503034.12,2396466.163,2,1,0,1,0,1,1,1,0,0,1,1,0,0,0,0,0,0,0,0,No,0,1,0,1,0,0,MELB_URBAN,MELB_URBAN,GLEN EIRA,METROPOLITAN SOUTH EAST REGION,,,Arterial Highway,"Arterial Highway,Arterial Other",Divided,Div,Metro
3403215,T20130016992,ABS to receive accident,Finished,17/8/2013,17.56.00,Yes,Struck Pedestrian,Saturday,PED EMERGES FROM IN FRONT OF PARKED OR STATIONARY VEHICLE,No,Dark Street lights on,Yes,Not at intersection,Other injury accident,60 km/hr,No,262811,144.97821,-37.81055,Non-Intersection,MELBOURNE,METROPOLITAN NORTH WEST REGION,2498081.232,2410051.363,2,1,0,0,1,1,1,1,0,0,1,1,0,0,0,0,0,0,0,0,No,0,2,0,2,0,0,MELB_URBAN,MELB_URBAN,MELBOURNE,METROPOLITAN NORTH WEST REGION,,,Arterial Other,Arterial Other,Divided,Div,Metro
3403216,T20130016993,ABS to receive accident,Finished,17/8/2013,18.40.00,Yes,Collision with vehicle,Saturday,REAR END(VEHICLES IN SAME LANE),No,Dark Street lights on,Yes,Not at intersection,Other injury accident,80 km/hr,No,262812,145.04822,-37.87889,Non-Intersection,STONNINGTON,METROPOLITAN SOUTH EAST REGION,2504242.222,2402465.608,8,2,0,0,2,6,6,2,0,5,3,0,0,0,0,0,0,0,0,0,No,0,3,0,3,0,0,MELB_URBAN,MELB_URBAN,STONNINGTON,METROPOLITAN SOUTH EAST REGION,,,Arterial Highway,Arterial Highway,Divided,Div,Metro
3403217,T20130016994,ABS to receive accident,Finished,17/8/2013,14.12.00,Yes,Collision with a fixed object,Saturday,OFF RIGHT BEND INTO OBJECT/PARKED VEHICLE,No,Day,Yes,T intersection,Fatal accident,100 km/hr,Yes,58431,143.05263,-35.99976,Intersection,BULOKE,NORTHERN REGION,2324429.62,2609187.494,8,8,1,2,5,0,2,6,0,7,1,0,0,0,0,0,0,0,0,0,No,0,1,0,1,0,0,RURAL_VICTORIA,RURAL_VICTORIA,BULOKE,NORTHERN REGION,C,C,Arterial Other,"Arterial Other,Local Road",Undivided,Undiv,Country
3403218,T20130016995,ABS to receive accident,Finished,17/8/2013,18.50.00,Yes,Collision with vehicle,Saturday,REAR END(VEHICLES IN SAME LANE),No,Dark Street lights on,Yes,Not at intersection,Other injury accident,100 km/hr,No,262844,145.1265,-37.79734,Non-Intersection,MANNINGHAM,METROPOLITAN SOUTH EAST REGION,2511140.665,2411510.525,3,1,0,0,1,2,1,2,0,1,2,0,0,0,0,0,0,0,0,1,No,0,2,0,2,0,0,MELB_URBAN,MELB_URBAN,MANNINGHAM,METROPOLITAN SOUTH EAST REGION,M,M,Freeway,Freeway,Divided,Div,Metro
3403219,T20130016997,ABS to receive accident,Finished,17/8/2013,19.35.00,Yes,Collision with vehicle,Saturday,LANE CHANGE RIGHT (NOT OVERTAKING),No,Dark Street lights on,Yes,T intersection,Other injury accident,70 km/hr,No,262813,145.05231,-37.9055,Intersection,GLEN EIRA,METROPOLITAN SOUTH EAST REGION,2504600.524,2399511.548,2,1,0,0,1,1,0,2,0,0,2,0,0,0,0,0,0,0,0,1,No,0,2,0,2,0,0,MELB_URBAN,MELB_URBAN,GLEN EIRA,METROPOLITAN SOUTH EAST REGION,,,Arterial Highway,Arterial Highway,Divided,"Div,Undiv",Metro
3403220,T20130016998,ABS to receive accident,Finished,17/8/2013,20.15.00,Yes,Collision with vehicle,Saturday,RIGHT THROUGH,No,Dark Street lights on,Yes,T intersection,Other injury accident,60 km/hr,No,52110,145.92132,-38.15866,Intersection,BAW BAW,EASTERN REGION,2580750.039,2371022.531,4,1,0,0,1,3,2,2,0,2,2,0,0,0,0,0,0,0,0,0,No,0,2,0,2,0,0,SMALL_CITIES,SMALL_CITIES,BAW BAW,"EASTERN REGION,EASTERN REGION",C,C,Arterial Other,"Arterial Other,Local Road",Divided,"Div,Undiv",Country
3403221,T20130017000,ABS to receive accident,Finished,17/8/2013,17.31.00,Yes,Collision with vehicle,Saturday,VEHICLE COLLIDES WITH VEHICLE PARKED ON LEFT OF ROAD,No,Day,Yes,Not at intersection,Serious injury accident,70 km/hr,No,264012,145.1547,-37.84469,Non-Intersection,WHITEHORSE,METROPOLITAN SOUTH EAST REGION,2513615.541,2406251.404,2,1,0,1,0,1,1,1,0,1,1,0,0,0,0,0,0,0,0,0,No,0,2,0,2,0,0,MELB_URBAN,MELB_URBAN,WHITEHORSE,METROPOLITAN SOUTH EAST REGION,,,Arterial Other,Arterial Other,Divided,Div,Metro
3403222,T20130017005,ABS to receive accident,Finished,17/8/2013,20.36.00,Yes,Collision with vehicle,Saturday,HEAD ON (NOT OVERTAKING),No,Dark No street lights,Yes,T intersection,Fatal accident,100 km/hr,No,15387,144.13503,-38.10607,Intersection,GOLDEN PLAINS,SOUTH WESTERN REGION,2424135.754,2376905.633,4,4,1,3,0,0,3,1,0,2,2,0,0,0,0,0,0,0,0,0,No,0,2,0,2,0,0,RURAL_VICTORIA,RURAL_VICTORIA,GOLDEN PLAINS,SOUTH WESTERN REGION,B,B,Arterial Highway,"Arterial Highway,Local Road",Undivided,Undiv,Country
3403223,T20130017009,ABS to receive accident,Finished,18/8/2013,01.20.00,Yes,Struck Pedestrian,Sunday,PED NEAR SIDE. PED HIT BY VEHICLE FROM THE RIGHT.,No,Dark Street lights on,Yes,T intersection,Serious injury accident,60 km/hr,No,62686,144.96372,-37.72867,Intersection,MORELAND,METROPOLITAN NORTH WEST REGION,2496801.721,2419138.091,2,1,0,1,0,1,1,1,0,0,1,1,0,0,0,0,0,0,0,1,No,0,1,0,1,0,0,MELB_URBAN,MELB_URBAN,MORELAND,METROPOLITAN NORTH WEST REGION,,,Arterial Other,"Arterial Other,Local Road",Undivided,Undiv,Metro
3403224,T20130017012,ABS to receive accident,Finished,18/8/2013,01.30.00,Yes,Collision with vehicle,Sunday,REAR END(VEHICLES IN SAME LANE),No,Dark No street lights,Yes,Not at intersection,Fatal accident,100 km/hr,No,279009,144.74781,-37.78344,Non-Intersection,MELTON,METROPOLITAN NORTH WEST REGION,2477785.764,2413030.976,2,1,1,0,0,1,2,0,0,0,1,0,0,1,0,0,0,0,0,1,No,0,2,0,1,1,0,MELB_URBAN,MELB_URBAN,MELTON,METROPOLITAN NORTH WEST REGION,M,M,Freeway,Freeway,Divided,Div,Metro
3403225,T20130017014,ABS to receive accident,Finished,18/8/2013,07.20.00,Yes,Struck Pedestrian,Sunday,PED WALKING WITH TRAFFIC,Yes,Dusk/Dawn,Yes,Cross intersection,Serious injury accident,40 km/hr,No,65524,144.98404,-37.80507,Intersection,YARRA,METROPOLITAN NORTH WEST REGION,2498594.95,2410659.536,2,1,0,1,0,1,2,0,0,0,1,1,0,0,0,0,0,0,0,0,No,0,1,0,1,0,0,MELB_URBAN,MELB_URBAN,YARRA,METROPOLITAN NORTH WEST REGION,,,Local Road,Local Road,Undivided,Undiv,Metro
3403226,T20130017015,ABS to receive accident,Finished,17/8/2013,23.10.00,Yes,Collision with a fixed object,Saturday,RIGHT OFF CARRIAGEWAY INTO OBJECT/PARKED VEHICLE,No,Dark Street lights on,Yes,Not at intersection,Other injury accident,Not known,Yes,263470,144.92183,-37.65888,Non-Intersection,HUME,METROPOLITAN NORTH WEST REGION,2493102.801,2426881.689,1,1,0,0,1,0,1,0,0,0,1,0,0,0,0,0,0,0,0,0,No,0,1,0,1,0,0,MELB_URBAN,MELB_URBAN,HUME,METROPOLITAN NORTH WEST REGION,,,Local Road,Local Road,Undivided,Undiv,Metro
3403227,T20130017017,ABS to receive accident,Finished,18/8/2013,09.25.00,Yes,Collision with a fixed object,Sunday,RIGHT OFF CARRIAGEWAY INTO OBJECT/PARKED VEHICLE,No,Day,Yes,Not at intersection,Serious injury accident,70 km/hr,Yes,262814,144.92352,-37.63992,Non-Intersection,HUME,METROPOLITAN NORTH WEST REGION,2493250.513,2428986.245,1,1,0,1,0,0,0,1,0,0,1,0,0,0,0,0,0,0,1,0,No,0,1,0,1,0,0,MELB_URBAN,MELB_URBAN,HUME,METROPOLITAN NORTH WEST REGION,,,Arterial Other,Arterial Other,Undivided,Undiv,Metro
3403228,T20130017020,ABS to receive accident,Finished,18/8/2013,11.40.00,No,Collision with vehicle,Sunday,CROSS TRAFFIC(INTERSECTIONS ONLY),No,Day,Yes,Cross intersection,Serious injury accident,100 km/hr,No,60607,143.83353,-37.48013,Intersection,BALLARAT,WESTERN REGION,2396841.342,2446089.797,2,1,0,1,0,1,0,2,0,0,1,0,0,1,0,0,0,0,0,0,No,0,2,0,1,1,0,RURAL_VICTORIA,RURAL_VICTORIA,BALLARAT,WESTERN REGION,,,Local Road,Local Road,Undivided,Undiv,Country
3403229,T20130017021,ABS to receive accident,Finished,14/8/2013,20.45.00,Yes,Fall from or in moving vehicle,Wednesday,FELL IN/FROM VEHICLE,Yes,Dark Street lights on,No,Not at intersection,Other injury accident,60 km/hr,No,263382,145.16824,-37.67208,Non-Intersection,NILLUMBIK,METROPOLITAN NORTH WEST REGION,2514841.082,2425406.432,2,1,0,0,1,1,1,0,0,1,1,0,0,0,0,0,0,0,0,0,No,0,1,0,1,0,0,MELB_URBAN,MELB_URBAN,NILLUMBIK,METROPOLITAN NORTH WEST REGION,,,Arterial Other,Arterial Other,Undivided,Undiv,Metro
3403230,T20130017022,ABS to receive accident,Finished,18/8/2013,12.30.00,No,Collision with vehicle,Sunday,CROSS TRAFFIC(INTERSECTIONS ONLY),No,Day,Yes,Cross intersection,Serious injury accident,80 km/hr,No,17649,146.3607,-36.44007,Intersection,WANGARATTA,NORTH EASTERN REGION,2621983.55,2561256.883,4,4,0,1,3,0,4,0,0,2,2,0,0,0,0,0,0,0,0,1,No,0,2,0,2,0,0,RURAL_VICTORIA,RURAL_VICTORIA,WANGARATTA,NORTH EASTERN REGION,C,C,Arterial Other,Arterial Other,Undivided,Undiv,Country
3403231,T20130017023,ABS to receive accident,Finished,18/8/2013,12.10.00,No,Collision with vehicle,Sunday,CROSS TRAFFIC(INTERSECTIONS ONLY),No,Day,Yes,Cross intersection,Serious injury accident,60 km/hr,No,32012,145.11993,-37.85071,Intersection,WHITEHORSE,METROPOLITAN SOUTH EAST REGION,2510554.82,2405587.92,5,2,0,1,1,3,1,4,0,2,3,0,0,0,0,0,0,0,0,0,No,0,3,0,3,0,0,MELB_URBAN,MELB_URBAN,WHITEHORSE,METROPOLITAN SOUTH EAST REGION,,,Arterial Highway,"Arterial Highway,Arterial Other",Divided,"Div,Undiv",Metro