OBJECTID,ACCIDENT_NO,ABS_CODE,ACCIDENT_STATUS,ACCIDENT_DATE,ACCIDENT_TIME,ALCOHOLTIME,ACCIDENT_TYPE,DAY_OF_WEEK,DCA_CODE,HIT_RUN_FLAG,LIGHT_CONDITION,POLICE_ATTEND,ROAD_GEOMETRY,SEVERITY,SPEED_ZONE,RUN_OFFROAD,NODE_ID,LONGITUDE,LATITUDE,NODE_TYPE,LGA_NAME,REGION_NAME,VICGRID_X,VICGRID_Y,TOTAL_PERSONS,INJ_OR_FATAL,FATALITY,SERIOUSINJURY,OTHERINJURY,NONINJURED,MALES,FEMALES,BICYCLIST,PASSENGER,DRIVER,PEDESTRIAN,PILLION,MOTORIST,UNKNOWN,PED_CYCLIST_5_12,PED_CYCLIST_13_18,OLD_PEDESTRIAN,OLD_DRIVER,YOUNG_DRIVER,ALCOHOL_RELATED,UNLICENCSED,NO_OF_VEHICLES,HEAVYVEHICLE,PASSENGERVEHICLE,MOTORCYCLE,PUBLICVEHICLE,DEG_URBAN_NAME,DEG_URBAN_ALL,LGA_NAME_ALL,REGION_NAME_ALL,SRNS,SRNS_ALL,RMA,RMA_ALL,DIVIDED,DIVIDED_ALL,STAT_DIV_NAME
3403232,T20130017025,ABS to receive accident,Finished,18/8/2013,10.30.00,No,Collision with vehicle,Sunday,PULLING OUT (OVERTAKING),No,Day,Yes,Cross intersection,Serious injury accident,100 km/hr,No,262825,144.92268,-36.19741,Intersection,CAMPASPE,NORTHERN REGION,2493046.525,2589050.437,4,3,0,1,2,1,2,2,0,2,2,0,0,0,0,0,0,0,0,1,No,0,2,0,2,0,0,RURAL_VICTORIA,RURAL_VICTORIA,CAMPASPE,NORTHERN REGION,B,B,Arterial Highway,"Arterial Highway,Local Road",Undivided,Undiv,Country
3403233,T20130017026,ABS to receive accident,Finished,18/8/2013,10.30.00,No,Collision with vehicle,Sunday,HEAD ON (NOT OVERTAKING),No,Day,Yes,Not at intersection,Serious injury accident,60 km/hr,No,263017,144.6924,-37.89866,Non-Intersection,WYNDHAM,METROPOLITAN NORTH WEST REGION,2472946.396,2400228.324,6,3,0,2,1,3,3,3,0,3,3,0,0,0,0,0,0,0,0,0,No,0,3,0,3,0,0,MELB_URBAN,MELB_URBAN,WYNDHAM,METROPOLITAN NORTH WEST REGION,,,Local Road,Local Road,Undivided,Undiv,Metro
3403234,T20130017028,ABS to receive accident,Finished,18/8/2013,03.30.00,Yes,Collision with a fixed object,Sunday,RIGHT OFF CARRIAGEWAY INTO OBJECT/PARKED VEHICLE,No,Dark No street lights,Yes,Not at intersection,Serious injury accident,90 km/hr,Yes,262925,145.48225,-38.16871,Non-Intersection,CARDINIA,METROPOLITAN SOUTH EAST REGION,2542261.953,2370190.199,1,1,0,1,0,0,0,1,0,0,1,0,0,0,0,0,0,0,0,1,No,0,1,0,1,0,0,RURAL_VICTORIA,RURAL_VICTORIA,CARDINIA,METROPOLITAN SOUTH EAST REGION,C,C,Arterial Other,Arterial Other,Undivided,Undiv,Metro
3403235,T20130017034,ABS to receive accident,Finished,18/8/2013,12.45.00,No,Collision with vehicle,Sunday,RIGHT NEAR (INTERSECTIONS ONLY),No,Day,Yes,T intersection,Other injury accident,80 km/hr,No,44207,144.8719,-37.63369,Intersection,HUME,METROPOLITAN NORTH WEST REGION,2488693.917,2429672.332,2,1,0,0,1,1,0,2,0,0,2,0,0,0,0,0,0,0,0,0,No,0,2,0,2,0,0,RURAL_VICTORIA,RURAL_VICTORIA,HUME,METROPOLITAN NORTH WEST REGION,,,Arterial Other,"Arterial Other,Local Road",Undivided,Undiv,Metro
3403236,T20130017036,ABS to receive accident,Finished,16/8/2013,22.30.00,Yes,Collision with vehicle,Friday,RIGHT TURN SIDESWIPE,No,Dark Street lights on,Yes,Cross intersection,Other injury accident,40 km/hr,No,36867,144.95911,-37.81764,Intersection,MELBOURNE,METROPOLITAN NORTH WEST REGION,2496399.887,2409263.536,5,1,0,0,1,4,0,5,0,3,2,0,0,0,0,0,0,0,0,1,No,0,2,0,2,0,0,MELBOURNE_CBD,MELBOURNE_CBD,MELBOURNE,METROPOLITAN NORTH WEST REGION,,,Local Road,Local Road,Undivided,Undiv,Metro
3403237,T20130017043,ABS to receive accident,Finished,18/8/2013,15.44.00,No,Collision with vehicle,Sunday,CROSS TRAFFIC(INTERSECTIONS ONLY),No,Day,Yes,Cross intersection,Serious injury accident,50 km/hr,No,64533,144.81918,-37.78354,Intersection,BRIMBANK,METROPOLITAN NORTH WEST REGION,2484072.262,2413034.049,3,2,0,1,1,1,2,1,0,1,2,0,0,0,0,0,0,0,0,0,No,0,2,0,2,0,0,MELB_URBAN,MELB_URBAN,BRIMBANK,METROPOLITAN NORTH WEST REGION,,,Local Road,Local Road,Undivided,Undiv,Metro
3403238,T20130017044,ABS to receive accident,Finished,18/8/2013,19.10.00,Yes,Collision with vehicle,Sunday,RIGHT NEAR (INTERSECTIONS ONLY),No,Dark Street lights on,Yes,T intersection,Serious injury accident,100 km/hr,No,73565,142.3985,-38.32804,Intersection,MOYNE,SOUTH WESTERN REGION,2272526.848,2349501.703,3,2,0,2,0,1,3,0,0,1,2,0,0,0,0,0,0,0,0,0,No,0,2,0,2,0,0,RURAL_VICTORIA,RURAL_VICTORIA,MOYNE,SOUTH WESTERN REGION,A,"A,C",Arterial Highway,"Arterial Highway,Arterial Other",Undivided,Undiv,Country
3403239,T20130017046,ABS to receive accident,Finished,18/8/2013,20.00.00,Yes,Collision with vehicle,Sunday,RIGHT NEAR (INTERSECTIONS ONLY),No,Dark Street lights on,Yes,T intersection,Serious injury accident,60 km/hr,No,39376,145.14324,-37.78974,Intersection,MANNINGHAM,METROPOLITAN SOUTH EAST REGION,2512616.075,2412351.407,2,1,0,1,0,1,0,2,0,0,2,0,0,0,0,0,0,0,0,0,No,0,2,0,2,0,0,MELB_URBAN,MELB_URBAN,MANNINGHAM,METROPOLITAN SOUTH EAST REGION,,,Arterial Other,"Arterial Other,Local Road",Undivided,Undiv,Metro
3403240,T20130017047,ABS to receive accident,Finished,18/8/2013,20.55.00,Yes,Collision with a fixed object,Sunday,LEFT OFF CARRIAGEWAY INTO OBJECT/PARKED VEHICLE,No,Dark Street lights on,Yes,Not at intersection,Serious injury accident,70 km/hr,Yes,264018,144.78868,-37.8029,Non-Intersection,BRIMBANK,METROPOLITAN NORTH WEST REGION,2481390.545,2410879.983,1,1,0,1,0,0,1,0,0,0,1,0,0,0,0,0,0,0,0,0,No,0,1,0,1,0,0,MELB_URBAN,MELB_URBAN,BRIMBANK,METROPOLITAN NORTH WEST REGION,,,Arterial Other,Arterial Other,Divided,Div,Metro
3403241,T20130017050,ABS to receive accident,Finished,15/8/2013,22.30.00,Yes,collision with some other object,Thursday,STRUCK OBJECT ON CARRIAGEWAY,No,Dark No street lights,No,Not at intersection,Other injury accident,100 km/hr,No,262804,144.51718,-36.68624,Non-Intersection,BENDIGO,NORTHERN REGION,2456853.367,2534704.931,2,1,0,0,1,1,1,1,0,1,1,0,0,0,0,0,0,0,0,0,No,0,1,0,1,0,0,RURAL_VICTORIA,RURAL_VICTORIA,BENDIGO,NORTHERN REGION,,,Local Road,Local Road,Undivided,Undiv,Country
3403242,T20130017053,ABS to receive accident,Finished,18/8/2013,03.45.00,Yes,Collision with a fixed object,Sunday,RIGHT OFF CARRIAGEWAY INTO OBJECT/PARKED VEHICLE,Yes,Dark Street lights on,Yes,Cross intersection,Other injury accident,80 km/hr,Yes,38741,144.89236,-37.79892,Intersection,MARIBYRNONG,METROPOLITAN NORTH WEST REGION,2490520.299,2411336.916,2,2,0,0,2,0,2,0,0,1,1,0,0,0,0,0,0,0,0,1,No,0,1,0,1,0,0,MELB_URBAN,MELB_URBAN,MARIBYRNONG,METROPOLITAN NORTH WEST REGION,,,Arterial Highway,"Arterial Highway,Local Road",Divided,"Div,Undiv",Metro
3403243,T20130017055,ABS to receive accident,Finished,16/8/2013,08.00.00,No,Collision with vehicle,Friday,REAR END(VEHICLES IN SAME LANE),No,Day,Yes,Not at intersection,Other injury accident,60 km/hr,No,262808,145.29213,-37.78827,Non-Intersection,MAROONDAH,METROPOLITAN SOUTH EAST REGION,2525730.383,2412484.909,3,1,0,0,1,2,2,1,0,0,3,0,0,0,0,0,0,0,0,2,No,0,3,0,3,0,0,MELB_URBAN,MELB_URBAN,MAROONDAH,METROPOLITAN SOUTH EAST REGION,,,Arterial Other,Arterial Other,Undivided,Undiv,Metro
3403244,T20130017057,ABS to receive accident,Finished,1/8/2013,06.40.00,No,Vehicle overturned (no collision),Thursday,OFF CARRIAGEWAY TO RIGHT,No,Day,Yes,Not at intersection,Other injury accident,60 km/hr,Yes,262914,144.74997,-37.58288,Non-Intersection,HUME,METROPOLITAN NORTH WEST REGION,2477917.302,2435289.856,1,1,0,0,1,0,1,0,0,0,1,0,0,0,0,0,0,0,0,0,Yes,0,1,0,1,0,0,SMALL_CITIES,SMALL_CITIES,HUME,METROPOLITAN NORTH WEST REGION,,,Local Road,Local Road,Divided,Div,Metro
3403245,T20130017061,ABS to receive accident,Finished,19/8/2013,07.00.00,No,Collision with vehicle,Monday,PARKED CAR RUN AWAY,No,Day,Yes,Dead end,Other injury accident,50 km/hr,No,263288,144.75425,-37.58402,Non-Intersection,HUME,METROPOLITAN NORTH WEST REGION,2478296.178,2435164.632,1,1,0,0,1,0,0,1,0,0,0,1,0,0,0,0,0,0,0,0,No,0,2,0,2,0,0,SMALL_CITIES,SMALL_CITIES,HUME,METROPOLITAN NORTH WEST REGION,,,Local Road,Local Road,Undivided,Undiv,Metro
3403246,T20130017062,ABS to receive accident,Finished,18/8/2013,13.10.00,No,Collision with vehicle,Sunday,VEHICLE COLLIDES WITH VEHICLE PARKED ON LEFT OF ROAD,No,Day,Yes,T intersection,Serious injury accident,60 km/hr,No,41497,145.07467,-37.87958,Intersection,STONNINGTON,METROPOLITAN SOUTH EAST REGION,2506568.965,2402387.379,1,1,0,1,0,0,1,0,0,0,1,0,0,0,0,0,0,0,0,0,No,0,3,0,3,0,0,MELB_URBAN,MELB_URBAN,STONNINGTON,METROPOLITAN SOUTH EAST REGION,,,Arterial Other,"Arterial Other,Local Road",Undivided,Undiv,Metro
3403247,T20130017063,ABS to receive accident,Finished,19/8/2013,07.08.00,No,Collision with vehicle,Monday,RIGHT THROUGH,No,Day,Yes,Cross intersection,Serious injury accident,50 km/hr,No,36017,144.97487,-37.75667,Intersection,MORELAND,METROPOLITAN NORTH WEST REGION,2497785.486,2416031.228,2,1,0,1,0,1,2,0,0,0,1,0,0,1,0,0,0,0,0,0,No,0,2,0,0,1,0,MELB_URBAN,MELB_URBAN,MORELAND,METROPOLITAN NORTH WEST REGION,,,Arterial Other,Arterial Other,Undivided,Undiv,Metro
3403248,T20130017068,ABS to receive accident,Finished,19/8/2013,08.00.00,No,Collision with vehicle,Monday,RIGHT NEAR (INTERSECTIONS ONLY),No,Day,Yes,T intersection,Other injury accident,50 km/hr,No,37117,144.88307,-37.85726,Intersection,HOBSONS BAY,METROPOLITAN NORTH WEST REGION,2489710.256,2404860.883,2,1,0,0,1,1,2,0,1,0,1,0,0,0,0,0,0,0,0,1,No,0,2,0,1,0,0,MELB_URBAN,MELB_URBAN,HOBSONS BAY,METROPOLITAN NORTH WEST REGION,,,Arterial Other,"Arterial Other,Local Road",Divided,"Div,Undiv",Metro
3403249,T20130017069,ABS to receive accident,Finished,19/8/2013,09.01.00,No,Collision with vehicle,Monday,REAR END(VEHICLES IN SAME LANE),No,Day,Yes,Not at intersection,Other injury accident,40 km/hr,No,262817,145.15325,-37.87278,Non-Intersection,MONASH,METROPOLITAN SOUTH EAST REGION,2513483.091,2403134.175,4,1,0,0,1,3,2,2,0,0,4,0,0,0,0,0,0,0,0,1,No,0,4,0,4,0,0,MELB_URBAN,MELB_URBAN,MONASH,METROPOLITAN SOUTH EAST REGION,,,Arterial Other,Arterial Other,Undivided,Undiv,Metro
3403250,T20130017074,ABS to receive accident,Finished,19/8/2013,09.04.00,No,Struck Pedestrian,Monday,PED NEAR SIDE. PED HIT BY VEHICLE FROM THE RIGHT.,No,Day,Yes,Cross intersection,Serious injury accident,60 km/hr,No,39314,145.12477,-37.81368,Intersection,WHITEHORSE,METROPOLITAN SOUTH EAST REGION,2510986.336,2409696.983,2,1,0,1,0,1,0,2,0,0,1,1,0,0,0,0,0,0,0,0,No,0,1,0,1,0,0,MELB_URBAN,MELB_URBAN,WHITEHORSE,METROPOLITAN SOUTH EAST REGION,,,Arterial Other,"Arterial Other,Local Road",Undivided,Undiv,Metro
3403251,T20130017075,ABS to receive accident,Finished,19/8/2013,06.30.00,No,Struck Pedestrian,Monday,VEH STRIKES PED ON FOOTPATH/MEDIAN/TRAFFIC ISLAND.,Yes,Dark No street lights,No,Not at intersection,Other injury accident,90 km/hr,No,262818,144.88879,-38.39809,Non-Intersection,MORNINGTON PENINSULA,METROPOLITAN SOUTH EAST REGION,2490283.766,2344827.739,2,1,0,0,1,1,1,1,0,0,1,1,0,0,0,0,0,1,0,1,No,0,1,0,1,0,0,RURAL_VICTORIA,RURAL_VICTORIA,MORNINGTON PENINSULA,METROPOLITAN SOUTH EAST REGION,,,Local Road,Local Road,Undivided,Undiv,Metro
3403252,T20130016869,ABS to receive accident,Finished,16/8/2013,09.10.00,No,Collision with vehicle,Friday,VEHICLE COLLIDES WITH VEHICLE PARKED ON LEFT OF ROAD,No,Day,Yes,Not at intersection,Other injury accident,60 km/hr,No,263171,145.01807,-37.98019,Non-Intersection,BAYSIDE,METROPOLITAN SOUTH EAST REGION,2501587.824,2391222.979,2,1,0,0,1,1,2,0,1,0,1,0,0,0,0,0,0,0,0,0,No,0,2,0,1,0,0,MELB_URBAN,MELB_URBAN,BAYSIDE,METROPOLITAN SOUTH EAST REGION,,,Arterial Other,Arterial Other,Undivided,Undiv,Metro
3403253,T20130016874,ABS to receive accident,Finished,16/8/2013,09.00.00,No,Collision with vehicle,Friday,REAR END(VEHICLES IN SAME LANE),No,Unk.,No,T intersection,Other injury accident,Not known,No,44443,144.35368,-38.11954,Intersection,GEELONG,SOUTH WESTERN REGION,2443322.235,2375562.804,3,1,0,0,1,2,1,2,0,0,3,0,0,0,0,0,0,0,0,0,No,0,3,0,3,0,0,LARGE_PROVINCIAL_CITIES,LARGE_PROVINCIAL_CITIES,GEELONG,SOUTH WESTERN REGION,A,A,Arterial Highway,"Arterial Highway,Local Road",Divided,"Div,Undiv",Country
3403254,T20130016877,ABS to receive accident,Finished,16/8/2013,07.00.00,No,Collision with vehicle,Friday,RIGHT THROUGH,No,Day,No,T intersection,Other injury accident,60 km/hr,No,37356,145.01448,-37.82022,Intersection,YARRA,METROPOLITAN NORTH WEST REGION,2501275.202,2408978.204,2,1,0,0,1,1,2,0,1,0,1,0,0,0,0,0,0,0,0,0,No,0,2,0,1,0,0,MELB_URBAN,MELB_URBAN,YARRA,METROPOLITAN NORTH WEST REGION,,,Arterial Other,Arterial Other,Undivided,Undiv,Metro
3403255,T20130016882,ABS to receive accident,Finished,16/8/2013,11.55.00,No,Struck Pedestrian,Friday,PED STRUCK WALKING TO/FROM OR BOARDING/ALIGHTING VEHICLE.,No,Day,Yes,Not at intersection,Serious injury accident,50 km/hr,No,277127,144.95767,-37.79883,Non-Intersection,MELBOURNE,METROPOLITAN NORTH WEST REGION,2496272.017,2411351.518,3,1,0,1,0,2,1,0,0,1,1,1,0,0,0,0,0,0,0,0,No,0,1,0,1,0,0,MELB_URBAN,MELB_URBAN,MELBOURNE,METROPOLITAN NORTH WEST REGION,,,Arterial Other,Arterial Other,Divided,Div,Metro
3403256,T20130016883,ABS to receive accident,Finished,16/8/2013,13.15.00,No,Collision with vehicle,Friday,CROSS TRAFFIC(INTERSECTIONS ONLY),No,Day,Yes,Cross intersection,Other injury accident,60 km/hr,No,37975,145.00539,-37.76388,Intersection,DAREBIN,METROPOLITAN NORTH WEST REGION,2500474.657,2415231.519,2,1,0,0,1,1,1,1,0,0,2,0,0,0,0,0,0,0,1,0,No,0,2,0,2,0,0,MELB_URBAN,MELB_URBAN,DAREBIN,METROPOLITAN NORTH WEST REGION,,,Arterial Other,"Arterial Other,Local Road",Undivided,Undiv,Metro
3403257,T20130016885,ABS to receive accident,Finished,8/8/2013,09.30.00,No,Collision with vehicle,Thursday,REVERSING IN STREAM OF TRAFFIC,No,Day,No,Not at intersection,Other injury accident,50 km/hr,No,263994,145.1766,-38.22135,Non-Intersection,MORNINGTON PENINSULA,METROPOLITAN SOUTH EAST REGION,2515465.688,2364439.594,2,2,0,0,2,0,1,1,0,0,2,0,0,0,0,0,0,0,0,1,No,0,2,0,2,0,0,MELB_URBAN,MELB_URBAN,MORNINGTON PENINSULA,METROPOLITAN SOUTH EAST REGION,,,Local Road,Local Road,Undivided,Undiv,Metro
3403258,T20130016887,ABS to receive accident,Finished,15/8/2013,09.30.00,No,Collision with a fixed object,Thursday,OFF LEFT BEND INTO OBJECT/PARKED VEHICLE,No,Day,Yes,T intersection,Other injury accident,100 km/hr,Yes,263100,146.45921,-38.28333,Non-Intersection,LATROBE,EASTERN REGION,2627679.023,2356594.752,2,1,0,0,1,1,1,1,0,1,1,0,0,0,0,0,0,0,0,0,No,0,1,0,1,0,0,RURAL_VICTORIA,RURAL_VICTORIA,LATROBE,"EASTERN REGION,EASTERN REGION",C,C,Arterial Other,Arterial Other,Undivided,Undiv,Country
3403259,T20130016888,ABS to receive accident,Finished,15/8/2013,13.15.00,No,Collision with vehicle,Thursday,HEAD ON (NOT OVERTAKING),No,Day,Yes,Not at intersection,Serious injury accident,100 km/hr,No,263934,146.18298,-38.51896,Non-Intersection,SOUTH GIPPSLAND,EASTERN REGION,2603185.707,2330772.742,4,3,0,1,2,1,2,2,0,2,2,0,0,0,0,0,0,0,0,1,No,0,2,0,2,0,0,RURAL_VICTORIA,RURAL_VICTORIA,SOUTH GIPPSLAND,"EASTERN REGION,EASTERN REGION",,,Local Road,Local Road,Undivided,Undiv,Country
3403260,T20130016889,ABS to receive accident,Finished,26/7/2013,09.21.00,No,Struck Pedestrian,Friday,PED STRUCK WALKING TO/FROM OR BOARDING/ALIGHTING VEHICLE.,Yes,Day,No,Cross intersection,Other injury accident,Not known,No,36061,144.93512,-37.79928,Intersection,MELBOURNE,METROPOLITAN NORTH WEST REGION,2494286.201,2411300.427,2,1,0,0,1,1,1,0,0,0,0,1,0,0,1,0,0,0,0,0,No,0,1,0,0,0,0,MELB_URBAN,MELB_URBAN,MELBOURNE,METROPOLITAN NORTH WEST REGION,,,Local Road,Local Road,Undivided,Undiv,Metro
3403261,T20130016891,ABS to receive accident,Finished,16/8/2013,13.10.00,No,Collision with a fixed object,Friday,LEFT OFF CARRIAGEWAY INTO OBJECT/PARKED VEHICLE,No,Day,Yes,Not at intersection,Other injury accident,100 km/hr,Yes,262805,144.92473,-37.69434,Non-Intersection,MORELAND,METROPOLITAN NORTH WEST REGION,2493362.019,2422946.561,1,1,0,0,1,0,0,1,0,0,1,0,0,0,0,0,0,0,0,0,No,0,1,0,1,0,0,MELB_URBAN,MELB_URBAN,MORELAND,METROPOLITAN NORTH WEST REGION,M,M,Freeway,Freeway,Divided,Div,Metro
3403262,T20130016892,ABS to receive accident,Finished,30/7/2013,15.00.00,No,Collision with vehicle,Tuesday,CROSS TRAFFIC(INTERSECTIONS ONLY),No,Day,Yes,Cross intersection,Serious injury accident,50 km/hr,No,55276,143.85779,-37.56179,Intersection,BALLARAT,WESTERN REGION,2399095.391,2437053.625,3,1,0,1,0,2,1,2,0,1,2,0,0,0,0,0,0,0,0,0,No,0,2,0,2,0,0,LARGE_PROVINCIAL_CITIES,LARGE_PROVINCIAL_CITIES,BALLARAT,WESTERN REGION,,,Local Road,Local Road,Divided,"Div,Undiv",Country
3403263,T20130016896,ABS to receive accident,Finished,14/7/2013,17.30.00,Yes,Vehicle overturned (no collision),Sunday,OUT OF CONTROL ON CARRIAGEWAY (ON STRAIGHT),No,Unk.,No,Cross intersection,Other injury accident,60 km/hr,No,45434,144.92393,-37.77256,Intersection,MOONEE VALLEY,METROPOLITAN NORTH WEST REGION,2493298.105,2414264.753,1,1,0,0,1,0,1,0,0,0,0,0,0,1,0,0,0,0,0,0,No,0,1,0,0,1,0,MELB_URBAN,MELB_URBAN,MOONEE VALLEY,METROPOLITAN NORTH WEST REGION,,,Arterial Other,Arterial Other,Undivided,Undiv,Metro
3403264,T20130016897,ABS to receive accident,Finished,16/8/2013,14.30.00,No,Collision with a fixed object,Friday,RIGHT OFF CARRIAGEWAY INTO OBJECT/PARKED VEHICLE,No,Day,Yes,Not at intersection,Other injury accident,100 km/hr,Yes,263201,144.58299,-37.34446,Non-Intersection,MACEDON RANGES,NORTHERN REGION,2463054.302,2461696.315,3,3,0,0,3,0,2,1,0,2,1,0,0,0,0,0,0,0,0,0,No,0,1,0,1,0,0,RURAL_VICTORIA,RURAL_VICTORIA,MACEDON RANGES,NORTHERN REGION,C,C,Arterial Other,Arterial Other,Undivided,Undiv,Country
3403265,T20130016898,ABS to receive accident,Finished,16/8/2013,13.20.00,No,Collision with vehicle,Friday,OUT OF CONTROL (OVERTAKING),Yes,Day,Yes,Not at intersection,Serious injury accident,80 km/hr,Yes,263773,144.7966,-37.82901,Non-Intersection,WYNDHAM,METROPOLITAN NORTH WEST REGION,2482094.289,2407983.106,5,3,0,3,0,2,2,3,0,2,3,0,0,0,0,0,0,0,0,2,Yes,1,3,0,3,0,0,MELB_URBAN,MELB_URBAN,WYNDHAM,METROPOLITAN NORTH WEST REGION,,,Arterial Other,Arterial Other,Undivided,Undiv,Metro
3403266,T20130016900,ABS to receive accident,Finished,16/8/2013,15.12.00,No,Collision with vehicle,Friday,CROSS TRAFFIC(INTERSECTIONS ONLY),No,Day,Yes,Cross intersection,Other injury accident,50 km/hr,No,52644,143.73951,-37.04392,Intersection,CENTRAL GOLDFIELDS,WESTERN REGION,2387886.548,2494384.417,2,1,0,0,1,1,2,0,0,0,2,0,0,0,0,0,0,0,1,0,No,0,2,0,2,0,0,TOWNS,TOWNS,CENTRAL GOLDFIELDS,WESTERN REGION,,,Local Road,Local Road,Undivided,Undiv,Country
3403267,T20130016902,ABS to receive accident,Finished,13/8/2013,15.30.00,No,Collision with vehicle,Tuesday,VEHICLE STRIKES ANOTHER VEH WHILE EMERGING FROM DRIVEWAY,No,Day,No,Not at intersection,Other injury accident,60 km/hr,No,263060,146.8999,-36.13144,Non-Intersection,WODONGA,NORTH EASTERN REGION,2670999.567,2594666.381,2,1,0,0,1,1,2,0,1,0,1,0,0,0,0,0,1,0,0,1,No,0,2,0,1,0,0,SMALL_CITIES,SMALL_CITIES,WODONGA,NORTH EASTERN REGION,,,Local Road,Local Road,Undivided,Undiv,Country
3403268,T20130016904,ABS to receive accident,Finished,16/8/2013,14.45.00,No,Collision with vehicle,Friday,LANE CHANGE LEFT (NOT OVERTAKING),No,Day,No,T intersection,Serious injury accident,60 km/hr,No,19423,144.25889,-36.74056,Intersection,BENDIGO,NORTHERN REGION,2433818.731,2528529.054,3,1,0,1,0,2,2,1,0,1,1,0,0,1,0,0,0,0,0,1,No,0,2,0,1,1,0,LARGE_PROVINCIAL_CITIES,LARGE_PROVINCIAL_CITIES,BENDIGO,NORTHERN REGION,B,"B,C",Arterial Highway,"Arterial Highway,Arterial Other",Divided,"Div,Undiv",Country
3403269,T20130016906,ABS to receive accident,Finished,16/8/2013,15.40.00,No,Collision with vehicle,Friday,RIGHT NEAR (INTERSECTIONS ONLY),No,Day,Yes,T intersection,Other injury accident,60 km/hr,No,72698,145.488,-38.2005,Intersection,CARDINIA,METROPOLITAN SOUTH EAST REGION,2542748.368,2366658.443,4,1,0,0,1,3,2,2,0,2,1,0,0,1,0,0,0,0,0,1,No,0,2,0,1,1,0,TOWNS,TOWNS,CARDINIA,METROPOLITAN SOUTH EAST REGION,C,C,Arterial Other,Arterial Other,Undivided,Undiv,Metro
3403270,T20130016912,ABS to receive accident,Finished,16/8/2013,16.00.00,Yes,Collision with a fixed object,Friday,LEFT OFF CARRIAGEWAY INTO OBJECT/PARKED VEHICLE,No,Day,Yes,Not at intersection,Serious injury accident,80 km/hr,Yes,264010,144.36246,-38.02662,Non-Intersection,GEELONG,SOUTH WESTERN REGION,2444023.595,2385881.816,1,1,0,1,0,0,1,0,0,0,1,0,0,0,0,0,0,0,0,0,No,0,1,0,1,0,0,RURAL_VICTORIA,RURAL_VICTORIA,GEELONG,SOUTH WESTERN REGION,,,Local Road,Local Road,Undivided,Undiv,Country
3403271,T20130016914,ABS to receive accident,Finished,15/8/2013,21.10.00,Yes,Collision with a fixed object,Thursday,LEFT OFF CARRIAGEWAY INTO OBJECT/PARKED VEHICLE,No,Dark Street lights on,Yes,Not at intersection,Serious injury accident,70 km/hr,Yes,262924,144.68336,-37.87457,Non-Intersection,WYNDHAM,METROPOLITAN NORTH WEST REGION,2472142.238,2402899.781,1,1,0,1,0,0,1,0,0,0,1,0,0,0,0,0,0,0,0,0,No,0,1,0,1,0,0,MELB_URBAN,MELB_URBAN,WYNDHAM,METROPOLITAN NORTH WEST REGION,C,C,Arterial Other,Arterial Other,Divided,Div,Metro
3403272,T20130016915,ABS to receive accident,Finished,15/8/2013,18.42.00,Yes,Vehicle overturned (no collision),Thursday,OFF CARRIAGEWAY TO RIGHT,No,Dark No street lights,Yes,Not at intersection,Other injury accident,60 km/hr,Yes,262806,145.10701,-37.74172,Non-Intersection,BANYULE,METROPOLITAN NORTH WEST REGION,2509430.804,2417685.9,1,1,0,0,1,0,1,0,0,0,1,0,0,0,0,0,0,0,0,0,Yes,0,1,0,1,0,0,MELB_URBAN,MELB_URBAN,BANYULE,METROPOLITAN NORTH WEST REGION,,,Local Road,Local Road,Undivided,Undiv,Metro
3403273,T20130016919,ABS to receive accident,Finished,16/8/2013,16.30.00,Yes,Collision with vehicle,Friday,RIGHT THROUGH,No,Day,Yes,Not at intersection,Other injury accident,60 km/hr,No,262951,144.78235,-37.81325,Non-Intersection,WYNDHAM,METROPOLITAN NORTH WEST REGION,2480836.296,2409729.96,3,1,0,0,1,2,2,1,0,1,2,0,0,0,0,0,0,0,0,0,No,0,2,0,2,0,0,MELB_URBAN,MELB_URBAN,WYNDHAM,METROPOLITAN NORTH WEST REGION,,,Local Road,Local Road,Divided,Div,Metro
3403274,T20130016924,ABS to receive accident,Finished,16/8/2013,16.15.00,Yes,Collision with vehicle,Friday,LANE CHANGE LEFT (NOT OVERTAKING),No,Day,Yes,Not at intersection,Other injury accident,80 km/hr,No,262952,144.78675,-37.81781,Non-Intersection,WYNDHAM,METROPOLITAN NORTH WEST REGION,2481224.369,2409224.782,2,1,0,0,1,1,1,1,0,0,2,0,0,0,0,0,0,0,0,0,No,0,2,1,1,0,0,MELB_URBAN,MELB_URBAN,WYNDHAM,METROPOLITAN NORTH WEST REGION,,,Arterial Other,Arterial Other,Divided,Div,Metro
3403275,T20130016925,ABS to receive accident,Finished,16/8/2013,16.30.00,Yes,Collision with a fixed object,Friday,LEFT OFF CARRIAGEWAY INTO OBJECT/PARKED VEHICLE,No,Day,Yes,Not at intersection,Serious injury accident,100 km/hr,Yes,263016,146.32407,-38.20529,Non-Intersection,LATROBE,EASTERN REGION,2615975.868,2365429.867,1,1,0,1,0,0,1,0,0,0,1,0,0,0,0,0,0,0,0,0,No,0,1,0,1,0,0,RURAL_VICTORIA,RURAL_VICTORIA,LATROBE,"EASTERN REGION,EASTERN REGION",C,C,Arterial Other,Arterial Other,Undivided,Undiv,Country