OBJECTID,ACCIDENT_NO,ABS_CODE,ACCIDENT_STATUS,ACCIDENT_DATE,ACCIDENT_TIME,ALCOHOLTIME,ACCIDENT_TYPE,DAY_OF_WEEK,DCA_CODE,HIT_RUN_FLAG,LIGHT_CONDITION,POLICE_ATTEND,ROAD_GEOMETRY,SEVERITY,SPEED_ZONE,RUN_OFFROAD,NODE_ID,LONGITUDE,LATITUDE,NODE_TYPE,LGA_NAME,REGION_NAME,VICGRID_X,VICGRID_Y,TOTAL_PERSONS,INJ_OR_FATAL,FATALITY,SERIOUSINJURY,OTHERINJURY,NONINJURED,MALES,FEMALES,BICYCLIST,PASSENGER,DRIVER,PEDESTRIAN,PILLION,MOTORIST,UNKNOWN,PED_CYCLIST_5_12,PED_CYCLIST_13_18,OLD_PEDESTRIAN,OLD_DRIVER,YOUNG_DRIVER,ALCOHOL_RELATED,UNLICENCSED,NO_OF_VEHICLES,HEAVYVEHICLE,PASSENGERVEHICLE,MOTORCYCLE,PUBLICVEHICLE,DEG_URBAN_NAME,DEG_URBAN_ALL,LGA_NAME_ALL,REGION_NAME_ALL,SRNS,SRNS_ALL,RMA,RMA_ALL,DIVIDED,DIVIDED_ALL,STAT_DIV_NAME
3403276,T20130016929,ABS to receive accident,Finished,16/8/2013,20.29.00,Yes,Struck Pedestrian,Friday,PED NEAR SIDE. PED HIT BY VEHICLE FROM THE RIGHT.,No,Dark Street lights on,Yes,T intersection,Serious injury accident,60 km/hr,No,129,144.97362,-37.80538,Intersection,YARRA,METROPOLITAN NORTH WEST REGION,2497676.959,2410624.864,3,1,0,1,0,2,1,2,0,1,1,1,0,0,0,0,0,0,0,1,No,0,1,0,1,0,0,MELB_URBAN,MELB_URBAN,"YARRA,MELBOURNE",METROPOLITAN NORTH WEST REGION,,,Arterial Other,"Arterial Other,Local Road",Divided,"Div,Undiv",Metro
3403277,T20130016932,ABS to receive accident,Finished,16/8/2013,19.35.00,Yes,Collision with vehicle,Friday,RIGHT THROUGH,No,Dark Street lights on,Yes,Cross intersection,Serious injury accident,50 km/hr,No,36317,144.96473,-37.80473,Intersection,MELBOURNE,METROPOLITAN NORTH WEST REGION,2496894.428,2410697.144,3,1,0,1,0,2,2,1,0,1,2,0,0,0,0,0,0,0,0,0,No,0,2,0,2,0,0,MELB_URBAN,MELB_URBAN,MELBOURNE,METROPOLITAN NORTH WEST REGION,,,Local Road,Local Road,Divided,Div,Metro
3403278,T20130019451,ABS to receive accident,Finished,21/9/2013,11.00.00,No,Struck Pedestrian,Saturday,PED NEAR SIDE. PED HIT BY VEHICLE FROM THE RIGHT.,No,Day,No,Not at intersection,Serious injury accident,80 km/hr,No,263642,145.14381,-37.99532,Non-Intersection,DANDENONG,METROPOLITAN SOUTH EAST REGION,2512631.627,2389534.172,2,1,0,1,0,1,1,0,0,0,1,1,0,0,0,0,0,1,0,1,No,0,1,0,1,0,0,MELB_URBAN,MELB_URBAN,"KINGSTON,DANDENONG",METROPOLITAN SOUTH EAST REGION,,,Arterial Highway,Arterial Highway,Divided,Div,Metro
3403279,T20130019452,ABS to receive accident,Finished,20/9/2013,12.03.00,No,Collision with vehicle,Friday,RIGHT THROUGH,No,Day,Yes,Cross intersection,Serious injury accident,70 km/hr,No,29795,145.47211,-38.08633,Intersection,CARDINIA,METROPOLITAN SOUTH EAST REGION,2541418.71,2379339.446,5,1,0,1,0,4,2,3,0,3,2,0,0,0,0,0,0,0,0,1,No,0,2,0,2,0,0,SMALL_CITIES,SMALL_CITIES,CARDINIA,METROPOLITAN SOUTH EAST REGION,,,Non Arterial,"Non Arterial,Local Road",Undivided,Undiv,Metro
3403280,T20130019453,ABS to receive accident,Finished,20/9/2013,16.30.00,Yes,Collision with vehicle,Friday,REAR END(VEHICLES IN SAME LANE),Yes,Day,No,Not at intersection,Other injury accident,100 km/hr,No,263996,144.77711,-37.86238,Non-Intersection,HOBSONS BAY,METROPOLITAN NORTH WEST REGION,2480387.632,2404276.023,2,1,0,0,1,1,1,0,0,0,1,0,0,0,1,0,0,0,0,1,No,0,2,0,1,0,0,MELB_URBAN,MELB_URBAN,HOBSONS BAY,METROPOLITAN NORTH WEST REGION,M,M,Freeway,Freeway,Divided,Div,Metro
3403281,T20130019457,ABS to receive accident,Finished,21/9/2013,13.00.00,No,Collision with vehicle,Saturday,LANE SIDE SWIPE (VEHICLES IN PARALLEL LANES),No,Day,Yes,Not at intersection,Other injury accident,50 km/hr,No,264250,144.74563,-37.87159,Non-Intersection,WYNDHAM,METROPOLITAN NORTH WEST REGION,2477620.128,2403246.53,3,1,0,0,1,2,2,1,1,1,1,0,0,0,0,0,1,0,0,0,No,0,2,0,1,0,0,MELB_URBAN,MELB_URBAN,WYNDHAM,METROPOLITAN NORTH WEST REGION,,,Local Road,Local Road,Undivided,Undiv,Metro
3403282,T20130019458,ABS to receive accident,Finished,21/9/2013,15.00.00,Yes,Collision with vehicle,Saturday,REAR END(VEHICLES IN SAME LANE),No,Day,No,T intersection,Other injury accident,50 km/hr,No,224155,144.8065,-37.72397,Intersection,BRIMBANK,METROPOLITAN NORTH WEST REGION,2482942.16,2419643.328,3,1,0,0,1,2,2,1,0,1,2,0,0,0,0,0,0,0,0,0,No,0,2,0,2,0,0,MELB_URBAN,MELB_URBAN,BRIMBANK,METROPOLITAN NORTH WEST REGION,,,,,,,Metro
3403283,T20130019462,ABS to receive accident,Finished,21/9/2013,15.16.00,Yes,Collision with vehicle,Saturday,HEAD ON (NOT OVERTAKING),No,Day,Yes,Not at intersection,Serious injury accident,50 km/hr,No,263530,144.98853,-37.86813,Non-Intersection,PORT PHILLIP,METROPOLITAN NORTH WEST REGION,2498990.75,2403660.498,2,1,0,1,0,1,2,0,1,0,1,0,0,0,0,0,0,0,0,0,No,0,2,0,0,0,1,MELB_URBAN,MELB_URBAN,PORT PHILLIP,METROPOLITAN NORTH WEST REGION,,,Arterial Other,Arterial Other,Undivided,Undiv,Metro
3403284,T20130019463,ABS to receive accident,Finished,25/8/2013,16.50.00,Yes,Collision with a fixed object,Sunday,OFF LEFT BEND INTO OBJECT/PARKED VEHICLE,No,Day,Yes,T intersection,Other injury accident,100 km/hr,Yes,264031,144.0766,-37.58114,Non-Intersection,MOORABOOL,WESTERN REGION,2418445.607,2435116.489,1,1,0,0,1,0,0,1,0,0,1,0,0,0,0,0,0,0,0,1,No,0,1,0,1,0,0,RURAL_VICTORIA,RURAL_VICTORIA,MOORABOOL,WESTERN REGION,,,Local Road,Local Road,Undivided,Undiv,Country
3403285,T20130019465,ABS to receive accident,Finished,20/9/2013,22.15.00,Yes,No collision and no object struck,Friday,OFF CARRIAGEWAY TO LEFT,No,Dark Street lights on,Yes,T intersection,Serious injury accident,50 km/hr,Yes,263529,145.61791,-38.67206,Intersection,BASS COAST,EASTERN REGION,2553788.15,2314239.185,1,1,0,1,0,0,1,0,0,0,1,0,0,0,0,0,0,0,0,1,Yes,0,1,0,1,0,0,SMALL_TOWNS,SMALL_TOWNS,BASS COAST,"EASTERN REGION,EASTERN REGION",,,Local Road,Local Road,Undivided,Undiv,Country
3403286,T20130019466,ABS to receive accident,Finished,21/9/2013,14.04.00,Yes,Collision with vehicle,Saturday,RIGHT THROUGH,No,Day,Yes,T intersection,Other injury accident,70 km/hr,No,37056,144.9908,-37.81288,Intersection,MELBOURNE,METROPOLITAN NORTH WEST REGION,2499189.855,2409793.474,3,1,0,0,1,2,0,3,0,0,3,0,0,0,0,0,0,0,0,0,No,0,3,0,3,0,0,MELB_URBAN,MELB_URBAN,"YARRA,MELBOURNE",METROPOLITAN NORTH WEST REGION,,,Arterial Highway,"Arterial Highway,Local Road",Divided,"Div,Undiv",Metro
3403287,T20130019468,ABS to receive accident,Finished,21/9/2013,15.35.00,Yes,Collision with a fixed object,Saturday,RIGHT OFF CARRIAGEWAY INTO OBJECT/PARKED VEHICLE,No,Day,Yes,T intersection,Serious injury accident,70 km/hr,Yes,264765,145.08737,-37.76539,Intersection,MANNINGHAM,METROPOLITAN SOUTH EAST REGION,2507697.559,2415060.405,2,1,0,1,0,1,0,2,0,0,2,0,0,0,0,0,0,0,0,1,No,0,2,0,2,0,0,MELB_URBAN,MELB_URBAN,MANNINGHAM,METROPOLITAN SOUTH EAST REGION,,,Arterial Other,"Arterial Other,Local Road",Divided,"Div,Undiv",Metro
3403288,T20130019470,ABS to receive accident,Finished,21/9/2013,11.40.00,No,Vehicle overturned (no collision),Saturday,OUT OF CONTROL ON CARRIAGEWAY (ON STRAIGHT),No,Day,No,Cross intersection,Other injury accident,80 km/hr,No,49379,146.05853,-36.52287,Non-Intersection,BENALLA,NORTH EASTERN REGION,2594793.782,2552414.569,2,1,0,0,1,1,2,0,0,0,1,0,0,1,0,0,0,0,0,0,No,0,2,0,1,1,0,RURAL_VICTORIA,RURAL_VICTORIA,BENALLA,NORTH EASTERN REGION,C,C,Arterial Other,Arterial Other,Undivided,Undiv,Country
3403289,T20130019474,ABS to receive accident,Finished,21/9/2013,19.30.00,Yes,Collision with vehicle,Saturday,RIGHT THROUGH,No,Dark Street lights on,No,Cross intersection,Serious injury accident,50 km/hr,No,53216,144.96254,-37.82386,Intersection,MELBOURNE,METROPOLITAN NORTH WEST REGION,2496702.513,2408573.632,2,1,0,1,0,1,1,1,0,0,2,0,0,0,0,0,0,0,0,0,No,0,2,0,2,0,0,MELB_URBAN,MELB_URBAN,MELBOURNE,METROPOLITAN NORTH WEST REGION,,,Arterial Highway,"Arterial Highway,Local Road,Arterial Other",Divided,Div,Metro
3403290,T20130019476,ABS to receive accident,Finished,21/9/2013,18.34.00,Yes,Collision with vehicle,Saturday,RIGHT THROUGH,Yes,Dark No street lights,Yes,T intersection,Other injury accident,70 km/hr,No,55002,144.59896,-37.66913,Intersection,MELTON,METROPOLITAN NORTH WEST REGION,2464621.115,2425671.879,3,2,0,0,2,1,3,0,0,1,2,0,0,0,0,0,0,0,0,1,No,0,2,0,2,0,0,SMALL_CITIES,SMALL_CITIES,MELTON,METROPOLITAN NORTH WEST REGION,C,C,Arterial Other,"Arterial Other,Local Road",Undivided,Undiv,Metro
3403291,T20130019909,ABS to receive accident,Finished,27/9/2013,15.40.00,No,Collision with vehicle,Friday,RIGHT THROUGH,No,Day,Yes,Cross intersection,Other injury accident,50 km/hr,No,36022,144.97451,-37.75877,Intersection,MORELAND,METROPOLITAN NORTH WEST REGION,2497754.114,2415798.656,4,2,0,0,2,2,1,3,0,1,3,0,0,0,0,0,0,0,0,0,No,0,3,0,3,0,0,MELB_URBAN,MELB_URBAN,MORELAND,METROPOLITAN NORTH WEST REGION,,,Arterial Other,"Arterial Other,Local Road",Undivided,Undiv,Metro
3403292,T20130019910,ABS to receive accident,Finished,27/9/2013,15.10.00,No,Collision with a fixed object,Friday,LEFT OFF CARRIAGEWAY INTO OBJECT/PARKED VEHICLE,No,Day,Yes,Not at intersection,Other injury accident,100 km/hr,Yes,264378,144.71081,-37.74808,Non-Intersection,MELTON,METROPOLITAN NORTH WEST REGION,2474514.743,2416945.745,1,1,0,0,1,0,1,0,0,0,1,0,0,0,0,0,0,0,0,0,No,0,1,1,0,0,0,RURAL_VICTORIA,RURAL_VICTORIA,MELTON,METROPOLITAN NORTH WEST REGION,M,M,Freeway,Freeway,Divided,Div,Metro
3403293,T20130019912,ABS to receive accident,Finished,26/9/2013,18.30.00,Yes,Collision with vehicle,Thursday,VEHICLE COLLIDES WITH VEHICLE PARKED ON LEFT OF ROAD,No,Dark Street lights on,Yes,Not at intersection,Other injury accident,70 km/hr,No,264370,145.15512,-37.84219,Non-Intersection,WHITEHORSE,METROPOLITAN SOUTH EAST REGION,2513653.523,2406528.731,1,1,0,0,1,0,1,0,0,0,1,0,0,0,0,0,0,0,0,0,No,0,2,0,2,0,0,MELB_URBAN,MELB_URBAN,WHITEHORSE,METROPOLITAN SOUTH EAST REGION,,,Arterial Other,Arterial Other,Divided,Div,Metro
3403294,T20130019915,ABS to receive accident,Finished,27/9/2013,17.15.00,Yes,Collision with vehicle,Friday,REAR END(VEHICLES IN SAME LANE),No,Day,Yes,Cross intersection,Other injury accident,60 km/hr,No,49222,142.16856,-34.18705,Intersection,MILDURA,WESTERN REGION,2238761.062,2808292.216,2,1,0,0,1,1,1,1,0,0,1,0,0,1,0,0,0,0,0,0,No,0,2,0,1,1,0,SMALL_CITIES,SMALL_CITIES,MILDURA,WESTERN REGION,A,A,Arterial Highway,"Arterial Highway,Local Road",Undivided,Undiv,Country
3403295,T20130019916,ABS to receive accident,Finished,27/9/2013,16.40.00,Yes,Collision with vehicle,Friday,RIGHT FAR (INTERSECTIONS ONLY),No,Day,Yes,T intersection,Other injury accident,60 km/hr,No,264379,146.16235,-38.21516,Intersection,BAW BAW,EASTERN REGION,2601798.153,2364519.779,2,1,0,0,1,1,2,0,1,0,1,0,0,0,0,0,0,0,1,0,No,0,2,0,1,0,0,TOWNS,TOWNS,BAW BAW,"EASTERN REGION,EASTERN REGION",,,Local Road,Local Road,Undivided,Undiv,Country
3403296,T20130019917,ABS to receive accident,Finished,27/9/2013,16.25.00,Yes,Collision with a fixed object,Friday,OFF RIGHT BEND INTO OBJECT/PARKED VEHICLE,No,Day,Yes,Not at intersection,Serious injury accident,100 km/hr,Yes,263778,144.2937,-37.09956,Non-Intersection,MOUNT ALEXANDER,NORTHERN REGION,2437223.039,2488719.616,1,1,0,1,0,0,0,1,0,0,0,0,0,1,0,0,0,0,0,0,No,0,1,0,0,1,0,RURAL_VICTORIA,RURAL_VICTORIA,MOUNT ALEXANDER,NORTHERN REGION,B,B,Arterial Highway,Arterial Highway,Undivided,Undiv,Country
3403297,T20130019921,ABS to receive accident,Finished,24/8/2013,13.00.00,No,Collision with vehicle,Saturday,CROSS TRAFFIC(INTERSECTIONS ONLY),No,Day,No,Cross intersection,Other injury accident,60 km/hr,No,41938,145.28284,-37.8957,Intersection,KNOX,METROPOLITAN SOUTH EAST REGION,2524877.241,2400564.375,3,1,0,0,1,2,2,1,0,1,2,0,0,0,0,0,0,0,0,1,No,0,2,0,2,0,0,MELB_URBAN,MELB_URBAN,KNOX,METROPOLITAN SOUTH EAST REGION,,,Local Road,Local Road,Undivided,Undiv,Metro
3403298,T20130019923,ABS to receive accident,Finished,23/9/2013,17.20.00,No,Collision with vehicle,Monday,VEHICLE STRIKES ANOTHER VEH WHILE EMERGING FROM DRIVEWAY,No,Unk.,No,T intersection,Other injury accident,50 km/hr,No,40496,145.07625,-37.83363,Intersection,BOROONDARA,METROPOLITAN SOUTH EAST REGION,2506711.965,2407487.676,2,1,0,0,1,1,1,1,1,0,1,0,0,0,0,0,0,0,0,0,No,0,2,0,1,0,0,MELB_URBAN,MELB_URBAN,BOROONDARA,METROPOLITAN SOUTH EAST REGION,,,Arterial Other,"Arterial Other,Local Road",Undivided,Undiv,Metro
3403299,T20130019924,ABS to receive accident,Finished,27/9/2013,19.10.00,Yes,Collision with vehicle,Friday,HEAD ON (NOT OVERTAKING),No,Dark Street lights on,Yes,Cross intersection,Other injury accident,60 km/hr,No,47382,144.56744,-37.68815,Intersection,MELTON,METROPOLITAN NORTH WEST REGION,2461850.394,2423549.639,2,2,0,0,2,0,0,2,0,0,2,0,0,0,0,0,0,0,0,0,No,0,2,0,2,0,0,SMALL_CITIES,SMALL_CITIES,MELTON,METROPOLITAN NORTH WEST REGION,M,"M,C",Freeway,"Freeway,Arterial Other",Divided,"Div,Undiv",Metro
3403300,T20130019926,ABS to receive accident,Finished,30/7/2013,09.10.00,No,Collision with vehicle,Tuesday,RIGHT TURN SIDESWIPE,No,Day,Yes,Not at intersection,Serious injury accident,60 km/hr,No,100946,145.05723,-37.9656,Non-Intersection,KINGSTON,METROPOLITAN SOUTH EAST REGION,2505029.001,2392841.285,2,1,0,1,0,1,2,0,0,0,2,0,0,0,0,0,0,0,0,1,No,0,2,0,2,0,0,MELB_URBAN,MELB_URBAN,KINGSTON,METROPOLITAN SOUTH EAST REGION,,,Local Road,Local Road,Undivided,Undiv,Metro
3403301,T20130019927,ABS to receive accident,Finished,27/9/2013,17.00.00,Yes,Collision with vehicle,Friday,REAR END(VEHICLES IN SAME LANE),No,Day,Yes,Not at intersection,Serious injury accident,70 km/hr,No,264380,144.90789,-37.79528,Non-Intersection,MARIBYRNONG,METROPOLITAN NORTH WEST REGION,2491887.795,2411742.6,2,1,0,1,0,1,1,1,0,0,1,0,0,1,0,0,0,0,0,0,No,0,2,0,1,1,0,MELB_URBAN,MELB_URBAN,MARIBYRNONG,METROPOLITAN NORTH WEST REGION,,,Arterial Highway,Arterial Highway,Divided,Div,Metro
3403302,T20130019928,ABS to receive accident,Finished,27/9/2013,16.50.00,No,Collision with vehicle,Thursday,RIGHT FAR (INTERSECTIONS ONLY),No,Day,Yes,T intersection,Other injury accident,70 km/hr,No,29911,144.67884,-37.87718,Intersection,WYNDHAM,METROPOLITAN NORTH WEST REGION,2471745.751,2402608.361,2,1,0,0,1,1,1,1,0,0,2,0,0,0,0,0,0,0,0,0,No,0,2,0,2,0,0,MELB_URBAN,MELB_URBAN,WYNDHAM,METROPOLITAN NORTH WEST REGION,C,C,Arterial Other,"Arterial Other,Local Road",Divided,"Div,Undiv",Metro
3403303,T20130019930,ABS to receive accident,Finished,27/9/2013,18.25.00,Yes,Collision with vehicle,Friday,RIGHT NEAR (INTERSECTIONS ONLY),No,Dark Street lights on,Yes,T intersection,Other injury accident,100 km/hr,No,234616,144.76032,-37.56575,Intersection,HUME,METROPOLITAN NORTH WEST REGION,2478826.8,2437192.798,3,2,0,0,2,1,2,1,0,1,2,0,0,0,0,0,0,0,0,0,No,0,2,0,2,0,0,RURAL_VICTORIA,RURAL_VICTORIA,HUME,METROPOLITAN NORTH WEST REGION,C,C,Arterial Other,"Arterial Other,Local Road",Undivided,Undiv,Metro
3403304,T20130020314,ABS to receive accident,Finished,2/10/2013,16.00.00,No,Collision with a fixed object,Wednesday,RIGHT OFF CARRIAGEWAY INTO OBJECT/PARKED VEHICLE,No,Day,Yes,T intersection,Other injury accident,80 km/hr,Yes,30002,145.14359,-37.9247,Intersection,MONASH,METROPOLITAN SOUTH EAST REGION,2512624.464,2397372.563,1,1,0,0,1,0,1,0,0,0,1,0,0,0,0,0,0,0,0,0,No,0,1,0,1,0,0,MELB_URBAN,MELB_URBAN,"MONASH,DANDENONG",METROPOLITAN SOUTH EAST REGION,,,,,,,Metro
3403305,T20130020317,ABS to receive accident,Finished,2/10/2013,08.00.00,No,No collision and no object struck,Wednesday,OUT OF CONTROL ON CARRIAGEWAY (ON STRAIGHT),No,Day,No,Cross intersection,Other injury accident,50 km/hr,No,45527,144.94377,-37.76483,Intersection,MORELAND,METROPOLITAN NORTH WEST REGION,2495045.432,2415124.617,2,1,0,0,1,1,0,0,0,0,0,0,0,1,1,0,0,0,0,0,No,0,2,0,0,1,0,MELB_URBAN,MELB_URBAN,MORELAND,METROPOLITAN NORTH WEST REGION,,,Arterial Other,"Arterial Other,Local Road",Undivided,Undiv,Metro
3403306,T20130020320,ABS to receive accident,Finished,2/10/2013,17.10.00,No,Struck Pedestrian,Wednesday,PED STRUCK WALKING TO/FROM OR BOARDING/ALIGHTING VEHICLE.,No,Day,Yes,Cross intersection,Other injury accident,40 km/hr,No,45643,144.96595,-37.74501,Intersection,MORELAND,METROPOLITAN NORTH WEST REGION,2496998.997,2417325.537,2,1,0,0,1,1,1,1,0,0,1,1,0,0,0,0,1,0,0,0,No,0,1,0,1,0,0,MELB_URBAN,MELB_URBAN,MORELAND,METROPOLITAN NORTH WEST REGION,,,Arterial Other,"Arterial Other,Local Road",Undivided,Undiv,Metro
3403307,T20130020321,ABS to receive accident,Finished,21/8/2013,08.30.00,No,Collision with vehicle,Wednesday,RIGHT TURN SIDESWIPE,No,Day,No,Cross intersection,Other injury accident,40 km/hr,No,36867,144.95911,-37.81764,Intersection,MELBOURNE,METROPOLITAN NORTH WEST REGION,2496399.887,2409263.536,2,1,0,0,1,1,1,0,1,0,0,0,0,0,1,0,0,0,0,0,No,0,2,0,0,0,0,MELBOURNE_CBD,MELBOURNE_CBD,MELBOURNE,METROPOLITAN NORTH WEST REGION,,,Local Road,Local Road,Undivided,Undiv,Metro
3403308,T20130020322,ABS to receive accident,Finished,2/10/2013,16.22.00,No,Collision with vehicle,Wednesday,REAR END(VEHICLES IN SAME LANE),No,Day,Yes,Not at intersection,Serious injury accident,100 km/hr,No,263818,145.2377,-37.97316,Non-Intersection,CASEY,METROPOLITAN SOUTH EAST REGION,2520884.92,2391977.184,3,1,0,1,0,2,1,2,0,0,3,0,0,0,0,0,0,0,0,0,No,0,3,0,3,0,0,MELB_URBAN,MELB_URBAN,CASEY,METROPOLITAN SOUTH EAST REGION,M,M,Freeway,Freeway,Divided,Div,Metro
3403309,T20130020323,ABS to receive accident,Finished,2/10/2013,17.45.00,No,Collision with vehicle,Wednesday,LEFT NEAR (INTERSECTIONS ONLY),Yes,Dusk/Dawn,No,T intersection,Other injury accident,60 km/hr,No,264483,144.99481,-38.30476,Non-Intersection,MORNINGTON PENINSULA,METROPOLITAN SOUTH EAST REGION,2499546,2355194.287,2,1,0,0,1,1,1,0,1,0,0,0,0,0,1,0,0,0,0,0,No,0,2,0,0,0,0,MELB_URBAN,MELB_URBAN,MORNINGTON PENINSULA,METROPOLITAN SOUTH EAST REGION,C,C,Arterial Other,Arterial Other,Undivided,Undiv,Metro
3403310,T20130020324,ABS to receive accident,Finished,30/9/2013,17.10.00,No,Collision with vehicle,Monday,LEFT NEAR (INTERSECTIONS ONLY),No,Day,Yes,Cross intersection,Other injury accident,60 km/hr,No,50462,145.7255,-38.63098,Intersection,BASS COAST,EASTERN REGION,2563187.676,2318734.716,4,1,0,0,1,3,2,2,0,2,2,0,0,0,0,0,0,0,0,1,No,0,2,0,2,0,0,TOWNS,TOWNS,BASS COAST,"EASTERN REGION,EASTERN REGION",C,C,Arterial Other,"Arterial Other,Local Road",Undivided,Undiv,Country
3403311,T20130020325,ABS to receive accident,Finished,2/10/2013,18.40.00,Yes,Collision with vehicle,Wednesday,LEFT NEAR (INTERSECTIONS ONLY),No,Day,Yes,Cross intersection,Other injury accident,60 km/hr,No,37516,144.95712,-37.84383,Intersection,PORT PHILLIP,METROPOLITAN NORTH WEST REGION,2496226.054,2406356.498,2,1,0,0,1,1,1,1,1,0,1,0,0,0,0,0,0,0,0,0,No,0,2,0,1,0,0,MELB_URBAN,MELB_URBAN,PORT PHILLIP,METROPOLITAN NORTH WEST REGION,,,Local Road,Local Road,Divided,"Div,Undiv",Metro
3403312,T20130020328,ABS to receive accident,Finished,2/10/2013,11.39.00,No,Collision with vehicle,Wednesday,CROSS TRAFFIC(INTERSECTIONS ONLY),No,Day,Yes,Cross intersection,Other injury accident,60 km/hr,No,43077,145.21685,-37.98933,Intersection,DANDENONG,METROPOLITAN SOUTH EAST REGION,2519048.957,2390186.801,3,1,0,0,1,2,2,1,0,1,2,0,0,0,0,0,0,0,0,0,No,0,2,0,2,0,0,MELB_URBAN,MELB_URBAN,DANDENONG,METROPOLITAN SOUTH EAST REGION,,,Arterial Highway,"Arterial Highway,Local Road",Undivided,Undiv,Metro
3403313,T20130020329,ABS to receive accident,Finished,2/10/2013,19.50.00,Yes,Collision with vehicle,Wednesday,U TURN,No,Dusk/Dawn,Yes,Not at intersection,Serious injury accident,80 km/hr,No,264484,145.15079,-37.8526,Non-Intersection,WHITEHORSE,METROPOLITAN SOUTH EAST REGION,2513270.226,2405374.375,2,1,0,1,0,1,2,0,0,0,2,0,0,0,0,0,0,0,0,0,No,0,2,0,1,0,1,MELB_URBAN,MELB_URBAN,WHITEHORSE,METROPOLITAN SOUTH EAST REGION,,,Arterial Highway,Arterial Highway,Divided,Div,Metro
3403314,T20130020331,ABS to receive accident,Finished,2/10/2013,17.30.00,No,Collision with vehicle,Wednesday,REAR END(VEHICLES IN SAME LANE),No,Dusk/Dawn,No,Cross intersection,Other injury accident,Not known,No,35349,144.95507,-37.8211,Intersection,MELBOURNE,METROPOLITAN NORTH WEST REGION,2496044.755,2408879.827,2,1,0,0,1,1,0,2,0,0,2,0,0,0,0,0,0,0,0,1,No,0,2,0,2,0,0,MELBOURNE_CBD,"MELBOURNE_CBD,MELB_URBAN",MELBOURNE,METROPOLITAN NORTH WEST REGION,,,Arterial Other,"Arterial Other,Local Road",Undivided,Undiv,Metro
3403315,T20130020332,ABS to receive accident,Finished,2/10/2013,19.46.00,Yes,Struck Pedestrian,Wednesday,FAR SIDE. PED HIT BY VEHICLE FROM THE LEFT,No,Dusk/Dawn,Yes,T intersection,Serious injury accident,60 km/hr,No,51716,144.24524,-36.78857,Intersection,BENDIGO,NORTHERN REGION,2432642.343,2523193.316,5,1,0,1,0,4,3,2,0,3,1,1,0,0,0,0,0,0,1,0,No,0,1,0,1,0,0,LARGE_PROVINCIAL_CITIES,LARGE_PROVINCIAL_CITIES,BENDIGO,NORTHERN REGION,A,A,Arterial Highway,"Arterial Highway,Local Road",Undivided,Undiv,Country
3403316,T20130020334,ABS to receive accident,Finished,2/10/2013,21.15.00,Yes,Collision with vehicle,Wednesday,OTHER ON PATH,No,Dark Street lights on,Yes,Not at intersection,Serious injury accident,50 km/hr,No,263819,144.99186,-37.74852,Non-Intersection,DAREBIN,METROPOLITAN NORTH WEST REGION,2499282.618,2416935.987,1,1,0,1,0,0,1,0,0,0,1,0,0,0,0,0,0,0,0,0,No,0,2,0,2,0,0,MELB_URBAN,MELB_URBAN,DAREBIN,METROPOLITAN NORTH WEST REGION,,,Local Road,Local Road,Undivided,Undiv,Metro
3403317,T20130019049,ABS to receive accident,Finished,6/9/2013,18.00.00,Yes,Collision with vehicle,Friday,VEHICLE STRIKES ANOTHER VEH WHILE EMERGING FROM DRIVEWAY,No,Dusk/Dawn,No,Not at intersection,Other injury accident,40 km/hr,No,91103,145.00266,-37.85312,Non-Intersection,STONNINGTON,METROPOLITAN SOUTH EAST REGION,2500234.062,2405326.64,2,1,0,0,1,1,1,1,0,0,1,0,0,1,0,0,0,0,0,0,No,0,2,0,1,1,0,MELB_URBAN,MELB_URBAN,STONNINGTON,METROPOLITAN SOUTH EAST REGION,,,Arterial Other,Arterial Other,Undivided,Undiv,Metro
3403318,T20130019052,ABS to receive accident,Finished,14/9/2013,12.43.00,No,Collision with vehicle,Saturday,PULLING OUT (OVERTAKING),No,Day,Yes,Not at intersection,Other injury accident,100 km/hr,No,263494,145.2228,-36.47308,Non-Intersection,SHEPPARTON,NORTH EASTERN REGION,2519965.433,2558442.341,6,2,0,0,2,4,3,3,0,3,3,0,0,0,0,0,0,0,0,0,No,0,3,0,3,0,0,RURAL_VICTORIA,RURAL_VICTORIA,SHEPPARTON,NORTH EASTERN REGION,C,C,Arterial Other,Arterial Other,Undivided,Undiv,Country
3403319,T20130019053,ABS to receive accident,Finished,16/9/2013,09.20.00,No,Collision with a fixed object,Monday,LEFT OFF CARRIAGEWAY INTO OBJECT/PARKED VEHICLE,No,Day,Yes,T intersection,Serious injury accident,50 km/hr,Yes,56174,145.02396,-37.71642,Intersection,DAREBIN,METROPOLITAN NORTH WEST REGION,2502112.791,2420498.054,1,1,0,1,0,0,1,0,0,0,1,0,0,0,0,0,0,0,0,0,No,0,2,0,1,0,0,MELB_URBAN,MELB_URBAN,DAREBIN,METROPOLITAN NORTH WEST REGION,,,Local Road,Local Road,Undivided,Undiv,Metro