OBJECTID,ACCIDENT_NO,ABS_CODE,ACCIDENT_STATUS,ACCIDENT_DATE,ACCIDENT_TIME,ALCOHOLTIME,ACCIDENT_TYPE,DAY_OF_WEEK,DCA_CODE,HIT_RUN_FLAG,LIGHT_CONDITION,POLICE_ATTEND,ROAD_GEOMETRY,SEVERITY,SPEED_ZONE,RUN_OFFROAD,NODE_ID,LONGITUDE,LATITUDE,NODE_TYPE,LGA_NAME,REGION_NAME,VICGRID_X,VICGRID_Y,TOTAL_PERSONS,INJ_OR_FATAL,FATALITY,SERIOUSINJURY,OTHERINJURY,NONINJURED,MALES,FEMALES,BICYCLIST,PASSENGER,DRIVER,PEDESTRIAN,PILLION,MOTORIST,UNKNOWN,PED_CYCLIST_5_12,PED_CYCLIST_13_18,OLD_PEDESTRIAN,OLD_DRIVER,YOUNG_DRIVER,ALCOHOL_RELATED,UNLICENCSED,NO_OF_VEHICLES,HEAVYVEHICLE,PASSENGERVEHICLE,MOTORCYCLE,PUBLICVEHICLE,DEG_URBAN_NAME,DEG_URBAN_ALL,LGA_NAME_ALL,REGION_NAME_ALL,SRNS,SRNS_ALL,RMA,RMA_ALL,DIVIDED,DIVIDED_ALL,STAT_DIV_NAME
3403320,T20130019056,ABS to receive accident,Finished,16/9/2013,09.00.00,No,Collision with a fixed object,Monday,OFF RIGHT BEND INTO OBJECT/PARKED VEHICLE,No,Day,Yes,Not at intersection,Other injury accident,80 km/hr,Yes,265084,143.72088,-38.62589,Non-Intersection,COLAC OTWAY,SOUTH WESTERN REGION,2388588.263,2318792.396,2,1,0,0,1,1,1,0,0,0,1,0,0,0,1,0,0,0,0,0,No,0,2,1,0,0,0,RURAL_VICTORIA,RURAL_VICTORIA,COLAC OTWAY,SOUTH WESTERN REGION,C,C,Arterial Other,Arterial Other,Undivided,Undiv,Country
3403321,T20130019057,ABS to receive accident,Finished,8/9/2013,11.00.00,No,No collision and no object struck,Sunday,OUT OF CONTROL ON CARRIAGEWAY (ON BEND),No,Day,No,Not at intersection,Other injury accident,Not known,No,263594,146.14131,-37.28318,Non-Intersection,MANSFIELD,NORTH EASTERN REGION,2601195.584,2467970.561,1,1,0,0,1,0,1,0,0,0,0,0,0,1,0,0,0,0,0,0,No,0,1,0,0,1,0,RURAL_VICTORIA,RURAL_VICTORIA,MANSFIELD,NORTH EASTERN REGION,C,C,Arterial Other,Arterial Other,Undivided,Undiv,Country
3403322,T20130019058,ABS to receive accident,Finished,16/9/2013,10.40.00,No,Collision with vehicle,Monday,RIGHT THROUGH,No,Day,Yes,Cross intersection,Other injury accident,80 km/hr,No,234963,145.28321,-38.08307,Intersection,CASEY,METROPOLITAN SOUTH EAST REGION,2524847.817,2379766.262,2,2,0,0,2,0,1,1,0,0,2,0,0,0,0,0,0,0,0,0,No,0,2,0,2,0,0,MELB_URBAN,MELB_URBAN,CASEY,METROPOLITAN SOUTH EAST REGION,,,Arterial Other,"Arterial Other,Local Road",Divided,"Div,Undiv",Metro
3403323,T20130019059,ABS to receive accident,Finished,16/9/2013,09.15.00,No,Vehicle overturned (no collision),Monday,OFF CARRIAGEWAY ON RIGHT BEND,No,Day,Yes,Not at intersection,Serious injury accident,100 km/hr,Yes,263473,145.17028,-37.24756,Non-Intersection,MURRINDINDI,NORTH EASTERN REGION,2515105.634,2472516.586,2,2,0,1,1,0,1,1,0,1,1,0,0,0,0,0,0,0,0,1,No,0,1,0,1,0,0,RURAL_VICTORIA,RURAL_VICTORIA,"MURRINDINDI,MURRINDINDI",NORTH EASTERN REGION,C,C,Arterial Other,Arterial Other,Undivided,Undiv,Country
3403324,T20130019064,ABS to receive accident,Finished,16/9/2013,12.45.00,No,Collision with a fixed object,Monday,LEFT OFF CARRIAGEWAY INTO OBJECT/PARKED VEHICLE,No,Day,Yes,Not at intersection,Other injury accident,100 km/hr,Yes,264724,142.87735,-35.50421,Non-Intersection,BULOKE,NORTHERN REGION,2307403.356,2663824.691,2,2,0,0,2,0,2,0,0,1,1,0,0,0,0,0,0,0,0,1,No,0,1,0,1,0,0,RURAL_VICTORIA,RURAL_VICTORIA,BULOKE,NORTHERN REGION,C,C,Arterial Other,Arterial Other,Undivided,Undiv,Country
3403325,T20130019065,ABS to receive accident,Finished,16/9/2013,11.00.00,No,Collision with vehicle,Monday,RIGHT FAR (INTERSECTIONS ONLY),No,Day,Yes,T intersection,Other injury accident,80 km/hr,No,68509,145.26807,-37.88506,Non-Intersection,KNOX,METROPOLITAN SOUTH EAST REGION,2523581.194,2401748.524,2,1,0,0,1,1,1,1,0,0,1,0,0,1,0,0,0,0,0,1,No,0,2,0,0,1,0,MELB_URBAN,MELB_URBAN,KNOX,METROPOLITAN SOUTH EAST REGION,,,Arterial Other,Arterial Other,Divided,Div,Metro
3403326,T20130019066,ABS to receive accident,Finished,15/9/2013,12.00.00,No,No collision and no object struck,Sunday,OUT OF CONTROL ON CARRIAGEWAY (ON STRAIGHT),No,Day,No,Unknown,Other injury accident,Not known,No,263549,144.6224,-37.23799,Non-Intersection,MACEDON RANGES,NORTHERN REGION,2466499.336,2473525.353,1,1,0,0,1,0,1,0,0,0,0,0,0,1,0,0,0,0,0,0,No,0,1,0,0,1,0,RURAL_VICTORIA,RURAL_VICTORIA,MACEDON RANGES,NORTHERN REGION,,,Local Road,Local Road,Undivided,Undiv,Country
3403327,T20130019068,ABS to receive accident,Finished,16/9/2013,15.34.00,No,Collision with vehicle,Monday,HEAD ON (NOT OVERTAKING),No,Day,Yes,Not at intersection,Other injury accident,60 km/hr,No,263550,145.16328,-38.10481,Non-Intersection,FRANKSTON,METROPOLITAN SOUTH EAST REGION,2514321.674,2377378.292,2,1,0,0,1,1,1,1,0,0,2,0,0,0,0,0,0,0,0,1,No,0,2,0,2,0,0,MELB_URBAN,MELB_URBAN,FRANKSTON,METROPOLITAN SOUTH EAST REGION,,,Local Road,Local Road,Undivided,Undiv,Metro
3403328,T20130019069,ABS to receive accident,Finished,16/9/2013,16.00.00,No,Collision with vehicle,Monday,REAR END(VEHICLES IN SAME LANE),No,Day,Yes,Cross intersection,Other injury accident,80 km/hr,No,519,144.81533,-37.72964,Non-Intersection,BRIMBANK,METROPOLITAN NORTH WEST REGION,2483721.781,2419015.6,3,1,0,0,1,2,3,0,0,1,2,0,0,0,0,0,0,0,0,0,No,0,2,0,2,0,0,MELB_URBAN,MELB_URBAN,BRIMBANK,METROPOLITAN NORTH WEST REGION,,,,,,,Metro
3403329,T20130019070,ABS to receive accident,Finished,16/9/2013,16.10.00,No,Struck Pedestrian,Monday,FAR SIDE. PED HIT BY VEHICLE FROM THE LEFT,No,Day,Yes,Cross intersection,Other injury accident,60 km/hr,No,169,144.99213,-37.80499,Intersection,YARRA,METROPOLITAN NORTH WEST REGION,2499306.962,2410668.511,2,1,0,0,1,1,1,1,0,0,1,1,0,0,0,0,0,0,0,0,No,0,1,0,1,0,0,MELB_URBAN,MELB_URBAN,YARRA,METROPOLITAN NORTH WEST REGION,,,Arterial Highway,"Arterial Highway,Local Road",Divided,"Div,Undiv",Metro
3403330,T20130019477,ABS to receive accident,Finished,20/9/2013,19.23.00,Yes,Collision with vehicle,Friday,REAR END(VEHICLES IN SAME LANE),No,Dark No street lights,Yes,Not at intersection,Serious injury accident,100 km/hr,No,264180,142.34999,-38.2901,Non-Intersection,MOYNE,SOUTH WESTERN REGION,2268169.501,2353595.46,2,2,0,2,0,0,1,1,1,0,1,0,0,0,0,0,0,0,0,1,No,0,2,0,1,0,0,RURAL_VICTORIA,RURAL_VICTORIA,MOYNE,SOUTH WESTERN REGION,C,C,Arterial Other,Arterial Other,Undivided,Undiv,Country
3403331,T20130019479,ABS to receive accident,Finished,20/9/2013,20.45.00,Yes,Collision with vehicle,Friday,REAR END(VEHICLES IN SAME LANE),Yes,Dark Street lights on,Yes,Cross intersection,Other injury accident,70 km/hr,No,50099,144.39146,-38.17048,Intersection,GEELONG,SOUTH WESTERN REGION,2446671.894,2369930.32,2,1,0,0,1,1,0,2,0,0,2,0,0,0,0,0,0,0,0,0,No,0,2,0,2,0,0,LARGE_PROVINCIAL_CITIES,LARGE_PROVINCIAL_CITIES,GEELONG,SOUTH WESTERN REGION,B,B,Arterial Highway,"Arterial Highway,Local Road",Divided,"Div,Undiv",Country
3403332,T20130019482,ABS to receive accident,Finished,21/9/2013,19.25.00,Yes,Collision with vehicle,Saturday,RIGHT THROUGH,No,Dark Street lights on,Yes,Cross intersection,Other injury accident,60 km/hr,No,29400,144.97572,-37.79305,Intersection,MELBOURNE,METROPOLITAN NORTH WEST REGION,2497861.173,2411993.888,7,1,0,0,1,6,4,3,0,5,2,0,0,0,0,0,0,0,0,0,No,0,2,0,2,0,0,MELB_URBAN,MELB_URBAN,"YARRA,MELBOURNE",METROPOLITAN NORTH WEST REGION,,,Arterial Highway,"Arterial Highway,Arterial Other",Divided,Div,Metro
3403333,T20130019486,ABS to receive accident,Finished,21/9/2013,22.30.00,Yes,Struck Pedestrian,Saturday,PED WALKING AGAINST TRAFFIC.,Yes,Dark No street lights,Yes,T intersection,Other injury accident,60 km/hr,No,59007,146.69697,-36.35492,Intersection,INDIGO,NORTH EASTERN REGION,2652295.376,2570218.813,2,1,0,0,1,1,1,0,0,0,0,1,0,0,1,0,1,0,0,0,No,0,1,0,0,0,0,TOWNS,TOWNS,INDIGO,NORTH EASTERN REGION,,,Local Road,Local Road,Undivided,Undiv,Country
3403334,T20130019489,ABS to receive accident,Finished,21/9/2013,23.35.00,Yes,Collision with vehicle,Saturday,RIGHT THROUGH,No,Dark Street lights on,Yes,Cross intersection,Other injury accident,70 km/hr,No,1323,144.95801,-37.68953,Intersection,HUME,METROPOLITAN NORTH WEST REGION,2496296.445,2423481.543,5,2,0,0,2,3,3,2,0,3,2,0,0,0,0,0,0,0,1,0,No,0,2,0,2,0,0,MELB_URBAN,MELB_URBAN,HUME,METROPOLITAN NORTH WEST REGION,,,Arterial Other,Arterial Other,Divided,"Div,Undiv",Metro
3403335,T20130019491,ABS to receive accident,Finished,21/9/2013,20.54.00,Yes,Struck Pedestrian,Saturday,FAR SIDE. PED HIT BY VEHICLE FROM THE LEFT,Yes,Dark Street lights on,Yes,Not at intersection,Serious injury accident,60 km/hr,No,263679,144.88149,-37.8303,Non-Intersection,HOBSONS BAY,METROPOLITAN NORTH WEST REGION,2489567.321,2407853.051,2,1,0,1,0,1,2,0,0,0,1,1,0,0,0,0,0,0,0,0,No,0,1,0,1,0,0,MELB_URBAN,MELB_URBAN,HOBSONS BAY,METROPOLITAN NORTH WEST REGION,,,Arterial Other,Arterial Other,Undivided,Undiv,Metro
3403336,T20130019495,ABS to receive accident,Finished,22/9/2013,02.45.00,Yes,Struck Pedestrian,Sunday,FAR SIDE. PED HIT BY VEHICLE FROM THE LEFT,No,Dark Street lights on,Yes,Cross intersection,Other injury accident,60 km/hr,No,51390,144.74766,-36.12664,Intersection,CAMPASPE,NORTHERN REGION,2477285.331,2596875.295,2,1,0,0,1,1,2,0,0,0,1,1,0,0,0,0,0,0,0,0,No,0,1,0,1,0,0,SMALL_CITIES,SMALL_CITIES,CAMPASPE,NORTHERN REGION,B,B,Arterial Highway,"Arterial Highway,Local Road",Divided,"Div,Undiv",Country
3403337,T20130019498,ABS to receive accident,Finished,22/9/2013,03.15.00,Yes,Collision with a fixed object,Sunday,OFF RIGHT BEND INTO OBJECT/PARKED VEHICLE,No,Dark Street lights unknown,Yes,Not at intersection,Serious injury accident,80 km/hr,Yes,264156,144.50728,-38.21261,Non-Intersection,GEELONG,SOUTH WESTERN REGION,2456845.536,2365312.307,1,1,0,1,0,0,1,0,0,0,1,0,0,0,0,0,0,0,0,1,Yes,0,1,0,1,0,0,RURAL_VICTORIA,RURAL_VICTORIA,GEELONG,SOUTH WESTERN REGION,,,Local Road,Local Road,Undivided,Undiv,Country
3403338,T20130019499,ABS to receive accident,Finished,22/9/2013,00.15.00,Yes,Collision with vehicle,Sunday,LANE SIDE SWIPE (VEHICLES IN PARALLEL LANES),No,Dark Street lights on,Yes,Not at intersection,Other injury accident,100 km/hr,No,281713,144.88877,-37.70512,Non-Intersection,HUME,METROPOLITAN NORTH WEST REGION,2490192.026,2421747.094,3,2,0,0,2,1,3,0,0,0,1,0,1,1,0,0,0,0,0,1,No,0,2,0,1,1,0,MELB_URBAN,MELB_URBAN,HUME,METROPOLITAN NORTH WEST REGION,M,M,Freeway,Freeway,Divided,Div,Metro
3403339,T20130019500,ABS to receive accident,Finished,22/9/2013,03.47.00,Yes,Struck Pedestrian,Sunday,PED WALKING WITH TRAFFIC,No,Dark No street lights,Yes,T intersection,Serious injury accident,70 km/hr,No,263758,145.1355,-38.03578,Intersection,KINGSTON,METROPOLITAN SOUTH EAST REGION,2511895.746,2385044.449,2,1,0,1,0,1,1,1,0,0,1,1,0,0,0,0,0,0,0,0,No,0,1,0,1,0,0,MELB_URBAN,MELB_URBAN,KINGSTON,METROPOLITAN SOUTH EAST REGION,,,Arterial Other,"Arterial Other,Local Road",Undivided,Undiv,Metro
3403340,T20130019501,ABS to receive accident,Finished,21/9/2013,13.30.00,No,Collision with vehicle,Saturday,CROSS TRAFFIC(INTERSECTIONS ONLY),No,Day,Yes,Cross intersection,Other injury accident,60 km/hr,No,43992,145.10511,-38.24738,Intersection,MORNINGTON PENINSULA,METROPOLITAN SOUTH EAST REGION,2509201.784,2361558.721,2,1,0,0,1,1,2,0,0,0,1,0,0,1,0,0,0,0,0,0,No,0,2,0,1,1,0,RURAL_VICTORIA,RURAL_VICTORIA,MORNINGTON PENINSULA,METROPOLITAN SOUTH EAST REGION,C,C,Arterial Other,"Arterial Other,Local Road",Undivided,Undiv,Metro
3403341,T20130019502,ABS to receive accident,Finished,22/9/2013,06.35.00,Yes,Collision with vehicle,Sunday,VEHICLE COLLIDES WITH VEHICLE PARKED ON LEFT OF ROAD,No,Dusk/Dawn,Yes,Not at intersection,Serious injury accident,60 km/hr,No,265203,145.0907,-38.01288,Non-Intersection,KINGSTON,METROPOLITAN SOUTH EAST REGION,2507965.218,2387590.869,1,1,0,1,0,0,1,0,0,0,1,0,0,0,0,0,0,0,0,0,Yes,0,3,0,3,0,0,MELB_URBAN,MELB_URBAN,KINGSTON,METROPOLITAN SOUTH EAST REGION,,,Arterial Highway,Arterial Highway,Undivided,Undiv,Metro
3403342,T20130019503,ABS to receive accident,Finished,18/9/2013,11.25.00,No,Collision with vehicle,Wednesday,REAR END(VEHICLES IN SAME LANE),No,Day,Yes,Not at intersection,Serious injury accident,60 km/hr,No,263562,144.73535,-37.74617,Non-Intersection,MELTON,METROPOLITAN NORTH WEST REGION,2476676.701,2417164.367,4,1,0,1,0,3,3,1,0,1,3,0,0,0,0,0,0,0,0,0,No,0,3,1,0,0,1,MELB_URBAN,MELB_URBAN,MELTON,METROPOLITAN NORTH WEST REGION,,,Local Road,Local Road,Divided,Div,Metro
3403343,T20130019932,ABS to receive accident,Finished,27/9/2013,18.20.00,Yes,Collision with vehicle,Friday,HEAD ON (NOT OVERTAKING),No,Dusk/Dawn,Yes,Not at intersection,Other injury accident,100 km/hr,No,264404,145.24696,-37.98389,Non-Intersection,CASEY,METROPOLITAN SOUTH EAST REGION,2521695.709,2390784.194,2,1,0,0,1,1,1,1,0,0,2,0,0,0,0,0,0,0,0,1,No,0,2,0,2,0,0,MELB_URBAN,MELB_URBAN,CASEY,METROPOLITAN SOUTH EAST REGION,M,M,Freeway,Freeway,Divided,Div,Metro
3403344,T20130019933,ABS to receive accident,Finished,27/9/2013,19.41.00,Yes,Struck Pedestrian,Friday,PED NEAR SIDE. PED HIT BY VEHICLE FROM THE RIGHT.,No,Dark Street lights on,Yes,T intersection,Other injury accident,60 km/hr,No,36576,144.98259,-37.80873,Intersection,YARRA,METROPOLITAN NORTH WEST REGION,2498466.648,2410253.757,2,1,0,0,1,1,0,2,0,0,1,1,0,0,0,0,1,0,0,0,No,0,1,0,1,0,0,MELB_URBAN,MELB_URBAN,YARRA,METROPOLITAN NORTH WEST REGION,,,Arterial Other,"Arterial Other,Local Road",Divided,"Div,Undiv",Metro
3403345,T20130019934,ABS to receive accident,Finished,25/9/2013,16.00.00,No,Collision with vehicle,Tuesday,REAR END(VEHICLES IN SAME LANE),No,Day,No,T intersection,Other injury accident,80 km/hr,No,278610,145.20868,-38.04829,Intersection,DANDENONG,METROPOLITAN SOUTH EAST REGION,2518316.998,2383644.381,2,1,0,0,1,1,2,0,0,0,2,0,0,0,0,0,0,0,0,0,No,0,2,0,2,0,0,MELB_URBAN,MELB_URBAN,DANDENONG,METROPOLITAN SOUTH EAST REGION,,,Arterial Highway,"Arterial Highway,Local Road",Divided,"Div,Undiv",Metro
3403346,T20130019935,ABS to receive accident,Finished,20/9/2013,05.45.00,Yes,Collision with vehicle,Friday,REAR END(VEHICLES IN SAME LANE),No,Unk.,No,Not at intersection,Other injury accident,70 km/hr,No,265365,145.13486,-38.15716,Non-Intersection,FRANKSTON,METROPOLITAN SOUTH EAST REGION,2511820.629,2371571,2,1,0,0,1,1,2,0,1,0,1,0,0,0,0,0,0,0,0,0,No,0,2,0,0,0,1,MELB_URBAN,MELB_URBAN,FRANKSTON,METROPOLITAN SOUTH EAST REGION,C,C,Arterial Highway,Arterial Highway,Divided,Div,Metro
3403347,T20130019936,ABS to receive accident,Finished,27/9/2013,19.35.00,Yes,Collision with vehicle,Friday,RIGHT THROUGH,No,Dark Street lights on,Yes,Cross intersection,Serious injury accident,50 km/hr,No,38482,145.35484,-37.75749,Intersection,YARRA RANGES,METROPOLITAN SOUTH EAST REGION,2531266.492,2415882.559,4,1,0,1,0,3,2,1,0,2,2,0,0,0,0,0,0,0,1,0,No,0,2,0,2,0,0,MELB_URBAN,MELB_URBAN,YARRA RANGES,METROPOLITAN SOUTH EAST REGION,B,"B,C",Arterial Highway,"Arterial Highway,Local Road,Arterial Other",Divided,"Div,Undiv",Metro
3403348,T20130019937,ABS to receive accident,Finished,27/9/2013,15.50.00,No,Collision with a fixed object,Friday,RIGHT OFF CARRIAGEWAY INTO OBJECT/PARKED VEHICLE,No,Day,Yes,T intersection,Other injury accident,70 km/hr,Yes,55542,145.05649,-37.70361,Intersection,BANYULE,METROPOLITAN NORTH WEST REGION,2504980.866,2421918.444,2,1,0,0,1,1,2,0,0,1,1,0,0,0,0,0,0,0,1,0,No,0,1,0,1,0,0,MELB_URBAN,MELB_URBAN,BANYULE,METROPOLITAN NORTH WEST REGION,,,Arterial Highway,"Arterial Highway,Local Road",Undivided,Undiv,Metro
3403349,T20130019938,ABS to receive accident,Finished,27/9/2013,21.40.00,Yes,Collision with a fixed object,Friday,LEFT OFF CARRIAGEWAY INTO OBJECT/PARKED VEHICLE,No,Dark Street lights on,Yes,T intersection,Serious injury accident,70 km/hr,Yes,39254,144.79369,-37.7277,Intersection,BRIMBANK,METROPOLITAN NORTH WEST REGION,2481813.803,2419226.99,1,1,0,1,0,0,1,0,0,0,1,0,0,0,0,0,0,0,0,0,No,0,1,0,1,0,0,MELB_URBAN,MELB_URBAN,BRIMBANK,METROPOLITAN NORTH WEST REGION,,,,,,,Metro
3403350,T20130019940,ABS to receive accident,Finished,27/9/2013,16.30.00,Yes,Collision with vehicle,Friday,REAR END(VEHICLES IN SAME LANE),No,Day,No,Multiple intersection,Other injury accident,50 km/hr,No,52838,143.85543,-37.55737,Intersection,BALLARAT,WESTERN REGION,2398881.481,2437542.504,3,1,0,0,1,2,0,3,0,1,2,0,0,0,0,0,0,0,0,0,No,0,2,0,2,0,0,LARGE_PROVINCIAL_CITIES,LARGE_PROVINCIAL_CITIES,BALLARAT,WESTERN REGION,A,A,Arterial Highway,"Arterial Highway,Local Road",Divided,"Div,Undiv",Country
3403351,T20130019941,ABS to receive accident,Finished,27/9/2013,22.10.00,Yes,Collision with vehicle,Friday,OTHER ON PATH,No,Dark No street lights,Yes,T intersection,Other injury accident,50 km/hr,No,48512,145.07462,-37.81765,Intersection,BOROONDARA,METROPOLITAN SOUTH EAST REGION,2506570.171,2409260.664,1,1,0,0,1,0,0,1,0,0,1,0,0,0,0,0,0,0,0,0,No,0,2,0,2,0,0,MELB_URBAN,MELB_URBAN,BOROONDARA,METROPOLITAN SOUTH EAST REGION,,,Local Road,Local Road,Undivided,Undiv,Metro
3403352,T20130019942,ABS to receive accident,Finished,27/9/2013,23.25.00,Yes,Collision with a fixed object,Friday,LEFT OFF CARRIAGEWAY INTO OBJECT/PARKED VEHICLE,Yes,Dark Street lights on,Yes,T intersection,Other injury accident,60 km/hr,Yes,251238,144.92385,-37.63771,Intersection,HUME,METROPOLITAN NORTH WEST REGION,2493279.545,2429231.166,2,1,0,0,1,1,1,0,0,0,2,0,0,0,0,0,0,0,0,0,No,0,2,0,2,0,0,MELB_URBAN,MELB_URBAN,HUME,METROPOLITAN NORTH WEST REGION,,,Local Road,Local Road,Divided,"Div,Undiv",Metro
3403353,T20130019943,ABS to receive accident,Finished,26/9/2013,23.15.00,Yes,Collision with a fixed object,Thursday,OFF RIGHT BEND INTO OBJECT/PARKED VEHICLE,No,Dark Street lights on,Yes,T intersection,Other injury accident,50 km/hr,Yes,264374,145.28762,-38.05576,Intersection,CASEY,METROPOLITAN SOUTH EAST REGION,2525243.487,2382796.972,2,1,0,0,1,1,1,1,0,1,1,0,0,0,0,0,0,0,0,1,No,0,1,0,1,0,0,MELB_URBAN,MELB_URBAN,CASEY,METROPOLITAN SOUTH EAST REGION,,,Local Road,Local Road,Undivided,Undiv,Metro
3403354,T20130019944,ABS to receive accident,Finished,27/9/2013,04.20.00,Yes,Collision with a fixed object,Friday,RIGHT OFF CARRIAGEWAY INTO OBJECT/PARKED VEHICLE,No,Dark Street lights on,Yes,Not at intersection,Serious injury accident,80 km/hr,Yes,264405,145.09515,-37.89441,Non-Intersection,MONASH,METROPOLITAN SOUTH EAST REGION,2508368.983,2400739.86,4,1,0,1,0,3,3,1,0,3,1,0,0,0,0,0,0,0,0,1,No,0,1,0,1,0,0,MELB_URBAN,MELB_URBAN,MONASH,METROPOLITAN SOUTH EAST REGION,,,Arterial Highway,Arterial Highway,Divided,Div,Metro
3403355,T20130019946,ABS to receive accident,Finished,27/9/2013,18.45.00,Yes,Collision with vehicle,Friday,HEAD ON (NOT OVERTAKING),No,Dusk/Dawn,Yes,Not at intersection,Serious injury accident,100 km/hr,No,264307,148.7389,-37.69567,Non-Intersection,EAST GIPPSLAND,EASTERN REGION,2829638.66,2416327.419,2,2,0,1,1,0,1,1,0,0,2,0,0,0,0,0,0,0,0,1,No,0,2,1,1,0,0,RURAL_VICTORIA,RURAL_VICTORIA,EAST GIPPSLAND,"EASTERN REGION,EASTERN REGION",A,A,Arterial Highway,Arterial Highway,Undivided,Undiv,Country
3403356,T20130020335,ABS to receive accident,Finished,2/10/2013,14.20.00,No,Collision with vehicle,Wednesday,U TURN,No,Day,Yes,T intersection,Serious injury accident,60 km/hr,No,37649,145.0142,-37.67834,Intersection,WHITTLESEA,METROPOLITAN NORTH WEST REGION,2501252.343,2424725.097,2,1,0,1,0,1,2,0,0,0,1,0,0,1,0,0,0,0,0,0,No,0,2,0,1,1,0,MELB_URBAN,MELB_URBAN,WHITTLESEA,METROPOLITAN NORTH WEST REGION,,,Arterial Other,"Arterial Other,Local Road",Undivided,Undiv,Metro
3403357,T20130020338,ABS to receive accident,Finished,2/10/2013,23.00.00,Yes,Collision with vehicle,Wednesday,REAR END(VEHICLES IN SAME LANE),No,Dark Street lights on,Yes,Cross intersection,Other injury accident,80 km/hr,No,35331,145.08983,-37.70317,Intersection,BANYULE,METROPOLITAN NORTH WEST REGION,2507920.838,2421965.546,3,1,0,0,1,2,2,1,0,1,2,0,0,0,0,0,0,0,0,1,No,0,2,0,2,0,0,MELB_URBAN,MELB_URBAN,BANYULE,METROPOLITAN NORTH WEST REGION,,,Arterial Highway,"Arterial Highway,Arterial Other",Divided,Div,Metro
3403358,T20130020341,ABS to receive accident,Finished,17/9/2013,19.20.00,Yes,Collision with vehicle,Tuesday,LANE CHANGE RIGHT (NOT OVERTAKING),No,Dark Street lights on,Yes,Cross intersection,Other injury accident,60 km/hr,No,29486,144.99745,-37.7446,Intersection,DAREBIN,METROPOLITAN NORTH WEST REGION,2499775.487,2417370.77,2,1,0,0,1,1,1,1,0,0,1,0,0,1,0,0,0,0,0,1,No,0,2,0,1,1,0,MELB_URBAN,MELB_URBAN,DAREBIN,METROPOLITAN NORTH WEST REGION,,,Arterial Highway,"Arterial Highway,Arterial Other",Divided,Div,Metro
3403359,T20130020345,ABS to receive accident,Finished,3/10/2013,07.50.00,No,Collision with vehicle,Thursday,HEAD ON (NOT OVERTAKING),No,Day,Yes,Not at intersection,Other injury accident,70 km/hr,No,264447,144.76139,-37.85528,Non-Intersection,WYNDHAM,METROPOLITAN NORTH WEST REGION,2479002.105,2405061.2,3,1,0,0,1,2,1,2,0,0,3,0,0,0,0,0,0,0,0,0,No,0,3,0,2,0,0,MELB_URBAN,MELB_URBAN,WYNDHAM,METROPOLITAN NORTH WEST REGION,,,Arterial Other,Arterial Other,Undivided,Undiv,Metro
3403360,T20130020347,ABS to receive accident,Finished,2/10/2013,16.20.00,No,Collision with a fixed object,Wednesday,LEFT OFF CARRIAGEWAY INTO OBJECT/PARKED VEHICLE,No,Day,Yes,Not at intersection,Serious injury accident,100 km/hr,Yes,271539,143.73666,-37.5219,Non-Intersection,BALLARAT,WESTERN REGION,2388336.918,2441345.397,1,1,0,1,0,0,1,0,0,0,1,0,0,0,0,0,0,0,0,0,No,0,1,0,1,0,0,RURAL_VICTORIA,RURAL_VICTORIA,BALLARAT,WESTERN REGION,C,C,Arterial Other,Arterial Other,Undivided,Undiv,Country
3403361,T20130020348,ABS to receive accident,Finished,25/9/2013,21.15.00,Yes,Collision with vehicle,Wednesday,CROSS TRAFFIC(INTERSECTIONS ONLY),No,Dark Street lights on,Yes,Cross intersection,Other injury accident,70 km/hr,No,50684,142.48206,-38.37796,Intersection,WARRNAMBOOL,SOUTH WESTERN REGION,2279978.732,2344158.491,4,1,0,0,1,3,2,2,0,2,2,0,0,0,0,0,0,0,0,1,No,0,2,0,2,0,0,SMALL_CITIES,SMALL_CITIES,WARRNAMBOOL,SOUTH WESTERN REGION,A,A,Arterial Highway,"Arterial Highway,Local Road",Divided,"Div,Undiv",Country
3403362,T20130020352,ABS to receive accident,Finished,3/10/2013,09.00.00,No,Collision with vehicle,Thursday,REAR END(VEHICLES IN SAME LANE),No,Day,No,Not at intersection,Other injury accident,100 km/hr,No,264489,145.20438,-37.9482,Non-Intersection,DANDENONG,METROPOLITAN SOUTH EAST REGION,2517963.272,2394754.513,5,1,0,0,1,4,0,5,0,1,4,0,0,0,0,0,0,0,0,3,No,0,4,0,4,0,0,MELB_URBAN,MELB_URBAN,DANDENONG,METROPOLITAN SOUTH EAST REGION,M,M,Freeway,Freeway,Divided,Div,Metro
3403363,T20130020354,ABS to receive accident,Finished,3/10/2013,09.10.00,No,Collision with vehicle,Thursday,CROSS TRAFFIC(INTERSECTIONS ONLY),No,Day,Yes,Cross intersection,Serious injury accident,60 km/hr,No,45141,144.85874,-37.78592,Intersection,MARIBYRNONG,METROPOLITAN NORTH WEST REGION,2487557.175,2412776.213,3,1,0,1,0,2,2,1,1,1,1,0,0,0,0,0,0,0,0,1,No,0,2,0,1,0,0,MELB_URBAN,MELB_URBAN,MARIBYRNONG,METROPOLITAN NORTH WEST REGION,,,Local Road,Local Road,Divided,"Div,Undiv",Metro