OBJECTID,ACCIDENT_NO,ABS_CODE,ACCIDENT_STATUS,ACCIDENT_DATE,ACCIDENT_TIME,ALCOHOLTIME,ACCIDENT_TYPE,DAY_OF_WEEK,DCA_CODE,HIT_RUN_FLAG,LIGHT_CONDITION,POLICE_ATTEND,ROAD_GEOMETRY,SEVERITY,SPEED_ZONE,RUN_OFFROAD,NODE_ID,LONGITUDE,LATITUDE,NODE_TYPE,LGA_NAME,REGION_NAME,VICGRID_X,VICGRID_Y,TOTAL_PERSONS,INJ_OR_FATAL,FATALITY,SERIOUSINJURY,OTHERINJURY,NONINJURED,MALES,FEMALES,BICYCLIST,PASSENGER,DRIVER,PEDESTRIAN,PILLION,MOTORIST,UNKNOWN,PED_CYCLIST_5_12,PED_CYCLIST_13_18,OLD_PEDESTRIAN,OLD_DRIVER,YOUNG_DRIVER,ALCOHOL_RELATED,UNLICENCSED,NO_OF_VEHICLES,HEAVYVEHICLE,PASSENGERVEHICLE,MOTORCYCLE,PUBLICVEHICLE,DEG_URBAN_NAME,DEG_URBAN_ALL,LGA_NAME_ALL,REGION_NAME_ALL,SRNS,SRNS_ALL,RMA,RMA_ALL,DIVIDED,DIVIDED_ALL,STAT_DIV_NAME
3403451,T20130019999,ABS to receive accident,Finished,28/9/2013,22.28.00,Yes,Collision with a fixed object,Saturday,RIGHT OFF CARRIAGEWAY INTO OBJECT/PARKED VEHICLE,No,Dark Street lights on,Yes,Cross intersection,Other injury accident,60 km/hr,Yes,49919,144.3473,-38.14579,Intersection,GEELONG,SOUTH WESTERN REGION,2442783.418,2372645.62,1,1,0,0,1,0,1,0,0,0,1,0,0,0,0,0,0,0,0,1,Yes,0,1,0,1,0,0,LARGE_PROVINCIAL_CITIES,LARGE_PROVINCIAL_CITIES,GEELONG,SOUTH WESTERN REGION,,,Local Road,Local Road,Undivided,Undiv,Country
3403452,T20130020000,ABS to receive accident,Finished,28/9/2013,21.30.00,Yes,Collision with vehicle,Saturday,U TURN,Yes,Dark No street lights,Yes,T intersection,Serious injury accident,60 km/hr,No,61303,144.9573,-37.65816,Intersection,HUME,METROPOLITAN NORTH WEST REGION,2496232.298,2426963.994,3,2,0,1,1,1,2,1,0,1,2,0,0,0,0,0,0,0,0,0,Yes,0,2,0,2,0,0,MELB_URBAN,MELB_URBAN,HUME,METROPOLITAN NORTH WEST REGION,,,Local Road,Local Road,Undivided,Undiv,Metro
3403453,T20130020001,ABS to receive accident,Finished,28/9/2013,21.25.00,Yes,Collision with vehicle,Saturday,CROSS TRAFFIC(INTERSECTIONS ONLY),No,Dark Street lights on,Yes,Cross intersection,Serious injury accident,60 km/hr,No,45628,144.96135,-37.77156,Intersection,MORELAND,METROPOLITAN NORTH WEST REGION,2496595.195,2414378.169,7,2,0,2,0,5,6,1,0,4,3,0,0,0,0,0,0,0,0,1,Yes,0,3,0,3,0,0,MELB_URBAN,MELB_URBAN,MORELAND,METROPOLITAN NORTH WEST REGION,,,Arterial Other,"Arterial Other,Local Road",Undivided,Undiv,Metro
3403454,T20130020002,ABS to receive accident,Finished,28/9/2013,17.11.00,Yes,Collision with vehicle,Saturday,U TURN,No,Day,Yes,T intersection,Fatal accident,70 km/hr,No,263686,144.45365,-38.19609,Intersection,GEELONG,SOUTH WESTERN REGION,2452138.018,2367120.192,2,2,1,1,0,0,1,1,0,0,2,0,0,0,0,0,0,0,0,1,No,1,2,0,2,0,0,TOWNS,TOWNS,GEELONG,SOUTH WESTERN REGION,,,Local Road,Local Road,Undivided,Undiv,Country
3403455,T20130020005,ABS to receive accident,Finished,29/9/2013,02.00.00,Yes,Collision with vehicle,Sunday,OTHER ON PATH,No,Dark Street lights on,Yes,Not at intersection,Serious injury accident,50 km/hr,No,264183,145.2749,-37.83327,Non-Intersection,MAROONDAH,METROPOLITAN SOUTH EAST REGION,2524198.475,2407495.164,1,1,0,1,0,0,0,1,0,0,1,0,0,0,0,0,0,0,0,0,Yes,0,4,0,4,0,0,MELB_URBAN,MELB_URBAN,MAROONDAH,METROPOLITAN SOUTH EAST REGION,,,Local Road,Local Road,Undivided,Undiv,Metro
3403456,T20130020008,ABS to receive accident,Finished,28/9/2013,23.20.00,Yes,Collision with vehicle,Saturday,CROSS TRAFFIC(INTERSECTIONS ONLY),No,Dark Street lights on,Yes,Cross intersection,Other injury accident,50 km/hr,No,15137,143.85774,-37.56211,Intersection,BALLARAT,WESTERN REGION,2399091.519,2437018.813,7,1,0,0,1,6,7,0,0,5,2,0,0,0,0,0,0,0,0,2,No,0,2,0,2,0,0,LARGE_PROVINCIAL_CITIES,LARGE_PROVINCIAL_CITIES,BALLARAT,WESTERN REGION,,,Local Road,Local Road,Divided,"Div,Undiv",Country
3403457,T20130020009,ABS to receive accident,Finished,28/9/2013,05.15.00,Yes,Collision with a fixed object,Saturday,RIGHT OFF CARRIAGEWAY INTO OBJECT/PARKED VEHICLE,No,Dusk/Dawn,Yes,Not at intersection,Other injury accident,60 km/hr,Yes,273139,145.22732,-37.82019,Non-Intersection,MAROONDAH,METROPOLITAN SOUTH EAST REGION,2520013.364,2408957.759,1,1,0,0,1,0,0,1,0,0,1,0,0,0,0,0,0,0,0,1,No,0,1,0,1,0,0,MELB_URBAN,MELB_URBAN,MAROONDAH,METROPOLITAN SOUTH EAST REGION,,,Arterial Other,Arterial Other,Undivided,Undiv,Metro
3403458,T20130020010,ABS to receive accident,Finished,29/9/2013,04.40.00,Yes,Collision with vehicle,Sunday,REAR END(VEHICLES IN SAME LANE),No,Dark Street lights on,Yes,Cross intersection,Other injury accident,50 km/hr,No,29948,144.35791,-38.15343,Intersection,GEELONG,SOUTH WESTERN REGION,2443718.767,2371804.107,2,1,0,0,1,1,2,0,0,0,2,0,0,0,0,0,0,0,0,1,No,0,2,0,2,0,0,LARGE_PROVINCIAL_CITIES,LARGE_PROVINCIAL_CITIES,GEELONG,SOUTH WESTERN REGION,B,B,Arterial Highway,"Arterial Highway,Local Road",Divided,"Div,Undiv",Country
3403459,T20130020012,ABS to receive accident,Finished,21/9/2013,13.30.00,No,Collision with a fixed object,Saturday,LEFT OFF CARRIAGEWAY INTO OBJECT/PARKED VEHICLE,No,Day,No,Not at intersection,Serious injury accident,80 km/hr,Yes,279292,145.55395,-38.59668,Non-Intersection,BASS COAST,EASTERN REGION,2548269.049,2322643.718,1,1,0,1,0,0,1,0,0,0,0,0,0,1,0,0,0,0,0,0,No,0,1,0,0,1,0,RURAL_VICTORIA,RURAL_VICTORIA,BASS COAST,"EASTERN REGION,EASTERN REGION",,,Local Road,Local Road,Undivided,Undiv,Country
3403460,T20130020397,ABS to receive accident,Finished,30/8/2013,12.30.00,No,No collision and no object struck,Friday,OUT OF CONTROL ON CARRIAGEWAY (ON STRAIGHT),No,Day,No,Not at intersection,Other injury accident,50 km/hr,No,264039,145.96676,-37.52364,Non-Intersection,MURRINDINDI,NORTH EASTERN REGION,2585448.277,2441459.186,1,1,0,0,1,0,1,0,0,0,0,0,0,1,0,0,0,0,0,0,No,0,1,0,0,1,0,RURAL_VICTORIA,RURAL_VICTORIA,"MURRINDINDI,MURRINDINDI",NORTH EASTERN REGION,,,Local Road,Local Road,Undivided,Undiv,Country
3403461,T20130020398,ABS to receive accident,Finished,3/10/2013,17.00.00,No,Collision with vehicle,Thursday,REAR END(VEHICLES IN SAME LANE),Yes,Day,Yes,T intersection,Other injury accident,60 km/hr,No,55576,144.35262,-38.1108,Intersection,GEELONG,SOUTH WESTERN REGION,2443223.093,2376532.406,2,1,0,0,1,1,0,1,0,0,1,0,0,0,1,0,0,0,0,1,No,0,2,0,1,0,0,LARGE_PROVINCIAL_CITIES,LARGE_PROVINCIAL_CITIES,GEELONG,SOUTH WESTERN REGION,,,,,,,Country
3403462,T20130020400,ABS to receive accident,Finished,2/10/2013,07.30.00,No,Collision with vehicle,Wednesday,LANE CHANGE LEFT (NOT OVERTAKING),No,Day,No,Not at intersection,Other injury accident,80 km/hr,No,264430,144.96146,-37.82765,Non-Intersection,MELBOURNE,METROPOLITAN NORTH WEST REGION,2496607.112,2408153.211,3,2,0,0,2,1,2,1,0,1,2,0,0,0,0,0,0,0,0,0,No,0,2,1,1,0,0,MELB_URBAN,MELB_URBAN,MELBOURNE,METROPOLITAN NORTH WEST REGION,M,M,Freeway,Freeway,Divided,Div,Metro
3403463,T20130020403,ABS to receive accident,Finished,3/10/2013,14.02.00,No,Collision with vehicle,Thursday,RIGHT THROUGH,No,Day,Yes,Multiple intersection,Serious injury accident,60 km/hr,No,55242,144.95846,-37.80615,Intersection,MELBOURNE,METROPOLITAN NORTH WEST REGION,2496341.854,2410539.15,5,1,0,1,0,4,4,1,0,3,1,0,0,1,0,0,0,0,0,0,No,0,2,0,1,1,0,MELB_URBAN,MELB_URBAN,MELBOURNE,METROPOLITAN NORTH WEST REGION,,,Arterial Other,"Arterial Other,Local Road",Undivided,Undiv,Metro
3403464,T20130020404,ABS to receive accident,Finished,3/10/2013,16.15.00,No,Collision with vehicle,Wednesday,RIGHT THROUGH,Yes,Day,Yes,Cross intersection,Other injury accident,70 km/hr,No,410,145.01695,-37.7466,Intersection,DAREBIN,METROPOLITAN NORTH WEST REGION,2501493.556,2417148.819,4,3,0,0,3,1,2,2,0,2,2,0,0,0,0,0,0,0,0,1,No,0,2,1,1,0,0,MELB_URBAN,MELB_URBAN,DAREBIN,METROPOLITAN NORTH WEST REGION,,,Arterial Highway,"Arterial Highway,Local Road",Divided,"Div,Undiv",Metro
3403465,T20130020406,ABS to receive accident,Finished,1/10/2013,06.50.00,No,collision with some other object,Tuesday,STRUCK OBJECT ON CARRIAGEWAY,No,Dusk/Dawn,No,Not at intersection,Other injury accident,90 km/hr,No,264476,144.21652,-38.27376,Non-Intersection,SURF COAST,SOUTH WESTERN REGION,2431435.958,2358354.073,1,1,0,0,1,0,1,0,0,0,1,0,0,0,0,0,0,0,0,1,No,0,1,0,1,0,0,RURAL_VICTORIA,RURAL_VICTORIA,SURF COAST,SOUTH WESTERN REGION,,,Local Road,Local Road,Undivided,Undiv,Country
3403466,T20130020409,ABS to receive accident,Finished,3/10/2013,17.30.00,No,Collision with a fixed object,Thursday,RIGHT OFF CARRIAGEWAY INTO OBJECT/PARKED VEHICLE,No,Dusk/Dawn,Yes,Not at intersection,Other injury accident,50 km/hr,Yes,264490,144.91124,-37.73628,Non-Intersection,MOONEE VALLEY,METROPOLITAN NORTH WEST REGION,2492176.785,2418290.799,1,1,0,0,1,0,0,1,0,0,1,0,0,0,0,0,0,0,0,0,No,0,1,0,1,0,0,MELB_URBAN,MELB_URBAN,MOONEE VALLEY,METROPOLITAN NORTH WEST REGION,,,Local Road,Local Road,Undivided,Undiv,Metro
3403467,T20130020410,ABS to receive accident,Finished,3/10/2013,15.35.00,No,Collision with vehicle,Thursday,RIGHT THROUGH,No,Day,Yes,T intersection,Other injury accident,60 km/hr,No,42463,145.13778,-37.96064,Intersection,DANDENONG,METROPOLITAN SOUTH EAST REGION,2512108.254,2393384.044,3,1,0,0,1,2,1,2,0,1,2,0,0,0,0,0,0,0,0,1,No,0,2,0,2,0,0,MELB_URBAN,MELB_URBAN,DANDENONG,METROPOLITAN SOUTH EAST REGION,,,Arterial Other,"Arterial Other,Local Road",Undivided,Undiv,Metro
3403468,T20130020412,ABS to receive accident,Finished,3/10/2013,19.30.00,Yes,Collision with vehicle,Thursday,REAR END(VEHICLES IN SAME LANE),No,Dark Street lights on,Yes,Not at intersection,Other injury accident,100 km/hr,No,264893,144.87786,-37.82519,Non-Intersection,HOBSONS BAY,METROPOLITAN NORTH WEST REGION,2489247.217,2408419.64,3,1,0,0,1,2,1,0,0,0,2,0,0,0,1,0,0,0,0,0,No,0,3,0,2,0,0,MELB_URBAN,MELB_URBAN,HOBSONS BAY,METROPOLITAN NORTH WEST REGION,M,M,Freeway,Freeway,Divided,Div,Metro
3403469,T20130020413,ABS to receive accident,Finished,3/10/2013,17.30.00,No,Collision with vehicle,Thursday,VEHICLE STRIKES DOOR OF PARKED/STATIONARY VEHICLE,No,Day,Yes,T intersection,Other injury accident,60 km/hr,No,63443,144.94633,-37.75335,Intersection,MORELAND,METROPOLITAN NORTH WEST REGION,2495270.664,2416399.042,3,1,0,0,1,2,3,0,1,1,1,0,0,0,0,0,0,0,0,0,No,0,2,0,1,0,0,MELB_URBAN,MELB_URBAN,MORELAND,METROPOLITAN NORTH WEST REGION,,,Arterial Other,"Arterial Other,Local Road",Undivided,Undiv,Metro
3403470,T20130020414,ABS to receive accident,Finished,3/10/2013,09.15.00,No,Collision with vehicle,Thursday,LEAVING PARKING,No,Day,No,T intersection,Other injury accident,60 km/hr,No,264491,145.04355,-37.83044,Intersection,BOROONDARA,METROPOLITAN SOUTH EAST REGION,2503833.644,2407842.896,2,1,0,0,1,1,1,1,0,0,1,0,0,1,0,0,0,0,0,0,No,0,2,0,1,1,0,MELB_URBAN,MELB_URBAN,BOROONDARA,METROPOLITAN SOUTH EAST REGION,,,Local Road,Local Road,Undivided,Undiv,Metro
3403471,T20130020416,ABS to receive accident,Finished,3/10/2013,11.52.00,No,Collision with vehicle,Thursday,REAR END(VEHICLES IN SAME LANE),No,Day,No,T intersection,Other injury accident,80 km/hr,No,43593,145.13999,-38.18249,Intersection,FRANKSTON,METROPOLITAN SOUTH EAST REGION,2512265.927,2368758.44,3,2,0,0,2,1,2,1,0,1,2,0,0,0,0,0,0,0,0,1,No,0,2,1,1,0,0,MELB_URBAN,MELB_URBAN,FRANKSTON,METROPOLITAN SOUTH EAST REGION,C,C,Arterial Highway,"Arterial Highway,Arterial Other",Divided,"Div,Undiv",Metro
3403472,T20130020417,ABS to receive accident,Finished,3/10/2013,17.10.00,No,Collision with vehicle,Wednesday,RIGHT/LEFT. ONE VEH TURNING RIGHT THE OTHER LEFT.,No,Dusk/Dawn,Yes,Multiple intersection,Other injury accident,60 km/hr,No,12246,145.03927,-37.84471,Intersection,STONNINGTON,METROPOLITAN SOUTH EAST REGION,2503456.652,2406259.183,2,1,0,0,1,1,1,1,0,0,1,0,0,1,0,0,0,0,0,0,No,0,2,0,1,1,0,MELB_URBAN,MELB_URBAN,STONNINGTON,METROPOLITAN SOUTH EAST REGION,M,M,Freeway,"Freeway,Arterial Other",Divided,"Div,Undiv",Metro
3403473,T20130019127,ABS to receive accident,Finished,17/9/2013,08.35.00,No,Collision with vehicle,Tuesday,LEFT NEAR (INTERSECTIONS ONLY),No,Day,Yes,T intersection,Other injury accident,60 km/hr,No,36639,145.33836,-38.05056,Intersection,CASEY,METROPOLITAN SOUTH EAST REGION,2529699.192,2383359.049,3,1,0,0,1,2,0,3,0,1,2,0,0,0,0,0,0,0,0,0,No,0,2,0,2,0,0,MELB_URBAN,MELB_URBAN,CASEY,METROPOLITAN SOUTH EAST REGION,,,Local Road,Local Road,Undivided,Undiv,Metro
3403474,T20130019128,ABS to receive accident,Finished,17/9/2013,07.58.00,No,Struck Pedestrian,Tuesday,FAR SIDE. PED HIT BY VEHICLE FROM THE LEFT,No,Day,Yes,Cross intersection,Serious injury accident,60 km/hr,No,37592,144.97741,-37.84134,Intersection,MELBOURNE,METROPOLITAN NORTH WEST REGION,2498011.363,2406633.662,3,2,0,2,0,1,1,2,0,0,1,2,0,0,0,0,0,0,0,0,No,0,1,0,1,0,0,MELB_URBAN,MELB_URBAN,"PORT PHILLIP,MELBOURNE",METROPOLITAN NORTH WEST REGION,,,Arterial Other,"Arterial Other,Local Road",Divided,"Div,Undiv",Metro
3403475,T20130019130,ABS to receive accident,Finished,17/9/2013,08.58.00,No,Collision with vehicle,Tuesday,LEFT TURN SIDESWIPE,No,Day,Yes,T intersection,Other injury accident,60 km/hr,No,237656,144.97108,-37.82612,Intersection,MELBOURNE,METROPOLITAN NORTH WEST REGION,2497454.076,2408322.935,2,1,0,0,1,1,2,0,1,0,1,0,0,0,0,0,0,0,0,0,No,0,2,0,1,0,0,MELB_URBAN,MELB_URBAN,MELBOURNE,METROPOLITAN NORTH WEST REGION,,,Arterial Other,"Arterial Other,Local Road",Undivided,Undiv,Metro
3403476,T20130019132,ABS to receive accident,Finished,16/9/2013,18.28.00,Yes,Struck Pedestrian,Monday,FAR SIDE. PED HIT BY VEHICLE FROM THE LEFT,No,Dark Street lights on,Yes,Cross intersection,Other injury accident,70 km/hr,No,40712,145.13348,-37.84584,Intersection,WHITEHORSE,METROPOLITAN SOUTH EAST REGION,2511748.161,2406126.75,2,1,0,0,1,1,1,1,0,0,1,1,0,0,0,0,0,0,0,0,No,0,1,0,1,0,0,MELB_URBAN,MELB_URBAN,WHITEHORSE,METROPOLITAN SOUTH EAST REGION,,,Arterial Other,"Arterial Other,Local Road",Undivided,Undiv,Metro
3403477,T20130019134,ABS to receive accident,Finished,19/8/2013,07.12.00,No,Collision with a fixed object,Monday,LEFT OFF CARRIAGEWAY INTO OBJECT/PARKED VEHICLE,Yes,Day,Yes,Cross intersection,Other injury accident,60 km/hr,Yes,45283,144.90408,-37.7704,Intersection,MOONEE VALLEY,METROPOLITAN NORTH WEST REGION,2491549.791,2414503.555,2,1,0,0,1,1,0,1,0,0,1,0,0,0,1,0,0,0,0,0,No,0,2,0,1,0,0,MELB_URBAN,MELB_URBAN,MOONEE VALLEY,METROPOLITAN NORTH WEST REGION,,,Arterial Other,"Arterial Other,Local Road",Undivided,Undiv,Metro
3403478,T20130019136,ABS to receive accident,Finished,1/9/2013,14.00.00,No,Vehicle overturned (no collision),Sunday,OUT OF CONTROL ON CARRIAGEWAY (ON STRAIGHT),No,Day,No,Not at intersection,Serious injury accident,Not known,No,263483,147.61755,-37.17859,Non-Intersection,EAST GIPPSLAND,EASTERN REGION,2732382.639,2476988.359,1,1,0,1,0,0,1,0,0,0,0,0,0,1,0,0,0,0,0,0,No,0,1,0,0,1,0,RURAL_VICTORIA,RURAL_VICTORIA,EAST GIPPSLAND,"EASTERN REGION,EASTERN REGION",,,Local Road,Local Road,Undivided,Undiv,Country
3403479,T20130019137,ABS to receive accident,Finished,17/9/2013,08.15.00,No,Collision with vehicle,Tuesday,VEHICLE COLLIDES WITH VEHICLE PARKED ON LEFT OF ROAD,No,Day,Yes,Not at intersection,Serious injury accident,60 km/hr,No,263752,145.18158,-37.62966,Non-Intersection,NILLUMBIK,METROPOLITAN NORTH WEST REGION,2516027.104,2430112.041,3,1,0,1,0,2,1,2,0,0,2,1,0,0,0,0,0,1,1,0,No,0,2,0,2,0,0,RURAL_VICTORIA,RURAL_VICTORIA,NILLUMBIK,METROPOLITAN NORTH WEST REGION,,,Local Road,Local Road,Undivided,Undiv,Metro
3403480,T20130019138,ABS to receive accident,Finished,14/9/2013,10.00.00,No,Collision with vehicle,Saturday,RIGHT NEAR (INTERSECTIONS ONLY),No,Day,No,T intersection,Other injury accident,70 km/hr,No,55629,145.13581,-37.61976,Intersection,NILLUMBIK,METROPOLITAN NORTH WEST REGION,2511988.408,2431217.372,3,1,0,0,1,2,2,1,0,1,2,0,0,0,0,0,0,0,1,0,No,0,2,0,2,0,0,RURAL_VICTORIA,RURAL_VICTORIA,"WHITTLESEA,NILLUMBIK",METROPOLITAN NORTH WEST REGION,,,Arterial Other,"Arterial Other,Local Road",Undivided,Undiv,Metro
3403481,T20130019139,ABS to receive accident,Finished,17/9/2013,11.00.00,No,Collision with vehicle,Tuesday,CROSS TRAFFIC(INTERSECTIONS ONLY),No,Day,Yes,Cross intersection,Other injury accident,50 km/hr,No,59326,145.98689,-36.54661,Intersection,BENALLA,NORTH EASTERN REGION,2588351.378,2549849.296,2,1,0,0,1,1,0,2,0,0,2,0,0,0,0,0,0,0,0,1,No,0,2,0,2,0,0,TOWNS,TOWNS,BENALLA,NORTH EASTERN REGION,,,Local Road,Local Road,Undivided,Undiv,Country
3403482,T20130019140,ABS to receive accident,Finished,17/9/2013,12.15.00,No,Collision with vehicle,Tuesday,RIGHT NEAR (INTERSECTIONS ONLY),No,Day,Yes,T intersection,Serious injury accident,100 km/hr,No,52410,146.08628,-38.69353,Intersection,SOUTH GIPPSLAND,EASTERN REGION,2594529.639,2311491.291,3,2,0,1,1,1,1,2,0,1,2,0,0,0,0,0,0,0,0,0,No,0,2,0,2,0,0,RURAL_VICTORIA,RURAL_VICTORIA,SOUTH GIPPSLAND,"EASTERN REGION,EASTERN REGION",C,C,Arterial Other,Arterial Other,Undivided,Undiv,Country
3403483,T20130019141,ABS to receive accident,Finished,16/9/2013,16.00.00,No,Collision with vehicle,Monday,REAR END(VEHICLES IN SAME LANE),No,Day,No,Cross intersection,Other injury accident,70 km/hr,No,39844,145.33693,-37.81205,Intersection,YARRA RANGES,METROPOLITAN SOUTH EAST REGION,2529667.256,2409832.781,4,3,0,0,3,1,2,2,0,2,2,0,0,0,0,0,0,0,0,0,No,0,2,0,2,0,0,MELB_URBAN,MELB_URBAN,YARRA RANGES,METROPOLITAN SOUTH EAST REGION,,,Arterial Other,Arterial Other,Divided,Div,Metro
3403484,T20130019142,ABS to receive accident,Finished,17/9/2013,14.10.00,No,Collision with vehicle,Tuesday,RIGHT THROUGH,No,Day,Yes,Cross intersection,Serious injury accident,60 km/hr,No,38804,144.90333,-37.80712,Intersection,MARIBYRNONG,METROPOLITAN NORTH WEST REGION,2491487.619,2410428.422,3,1,0,1,0,2,1,2,0,1,1,0,0,1,0,0,0,0,0,0,No,0,2,0,1,1,0,MELB_URBAN,MELB_URBAN,MARIBYRNONG,METROPOLITAN NORTH WEST REGION,,,Arterial Highway,"Arterial Highway,Local Road",Divided,"Div,Undiv",Metro
3403485,T20130019147,ABS to receive accident,Finished,17/9/2013,10.36.00,No,Collision with vehicle,Tuesday,RIGHT FAR (INTERSECTIONS ONLY),No,Day,Yes,Cross intersection,Serious injury accident,80 km/hr,No,879,145.27433,-38.00172,Intersection,CASEY,METROPOLITAN SOUTH EAST REGION,2524094.321,2388798.711,4,1,0,1,0,3,0,4,0,2,2,0,0,0,0,0,0,0,0,0,No,1,2,0,2,0,0,MELB_URBAN,MELB_URBAN,CASEY,METROPOLITAN SOUTH EAST REGION,,,Arterial Other,"Arterial Other,Local Road",Divided,"Div,Undiv",Metro
3403486,T20130019561,ABS to receive accident,Finished,21/9/2013,14.28.00,Yes,Collision with vehicle,Saturday,CROSS TRAFFIC(INTERSECTIONS ONLY),No,Day,Yes,Multiple intersection,Other injury accident,60 km/hr,No,33879,144.9831,-37.85786,Intersection,PORT PHILLIP,METROPOLITAN NORTH WEST REGION,2498512.831,2404800.587,5,2,0,0,2,3,2,3,0,3,2,0,0,0,0,0,0,0,0,0,No,0,2,0,2,0,0,MELB_URBAN,MELB_URBAN,PORT PHILLIP,METROPOLITAN NORTH WEST REGION,,,Arterial Highway,Arterial Highway,Divided,Div,Metro
3403487,T20130019562,ABS to receive accident,Finished,23/9/2013,07.00.00,No,Collision with a fixed object,Monday,LEFT OFF CARRIAGEWAY INTO OBJECT/PARKED VEHICLE,No,Day,Yes,Not at intersection,Serious injury accident,100 km/hr,Yes,263602,143.33614,-36.2838,Non-Intersection,BULOKE,NORTHERN REGION,2350538.465,2578161.087,1,1,0,1,0,0,0,1,0,0,1,0,0,0,0,0,0,0,0,1,No,0,1,0,1,0,0,RURAL_VICTORIA,RURAL_VICTORIA,BULOKE,NORTHERN REGION,C,C,Arterial Other,Arterial Other,Undivided,Undiv,Country
3403488,T20130019563,ABS to receive accident,Finished,23/9/2013,07.45.00,No,Struck Pedestrian,Monday,PED NEAR SIDE. PED HIT BY VEHICLE FROM THE RIGHT.,No,Day,Yes,Cross intersection,Serious injury accident,50 km/hr,No,49321,144.30522,-36.77325,Intersection,BENDIGO,NORTHERN REGION,2437982.39,2524933.923,3,1,0,1,0,2,0,3,0,1,1,1,0,0,0,0,0,1,0,0,No,0,1,0,1,0,0,LARGE_PROVINCIAL_CITIES,LARGE_PROVINCIAL_CITIES,BENDIGO,NORTHERN REGION,C,C,Arterial Other,"Arterial Other,Local Road",Divided,"Div,Undiv",Country
3403489,T20130019567,ABS to receive accident,Finished,22/9/2013,11.45.00,No,collision with some other object,Sunday,STRUCK OBJECT ON CARRIAGEWAY,No,Day,No,Not at intersection,Serious injury accident,Not known,No,263564,145.49464,-37.44226,Non-Intersection,MURRINDINDI,NORTH EASTERN REGION,2543766.877,2450810.518,1,1,0,1,0,0,1,0,0,0,0,0,0,1,0,0,0,0,0,0,No,0,1,0,0,1,0,RURAL_VICTORIA,RURAL_VICTORIA,"MURRINDINDI,MURRINDINDI",NORTH EASTERN REGION,,,Local Road,Local Road,Undivided,Undiv,Country
3403490,T20130019569,ABS to receive accident,Finished,15/8/2013,10.40.00,No,Collision with vehicle,Thursday,RIGHT FAR (INTERSECTIONS ONLY),No,Day,No,T intersection,Other injury accident,60 km/hr,No,45157,144.86198,-37.76216,Intersection,MOONEE VALLEY,METROPOLITAN NORTH WEST REGION,2487839.344,2415413.173,2,1,0,0,1,1,1,1,0,0,2,0,0,0,0,0,0,0,0,0,No,0,2,0,2,0,0,MELB_URBAN,MELB_URBAN,MOONEE VALLEY,METROPOLITAN NORTH WEST REGION,,,Arterial Other,"Arterial Other,Local Road",Undivided,Undiv,Metro
3403491,T20130019570,ABS to receive accident,Finished,23/9/2013,10.00.00,No,Collision with vehicle,Monday,VEHICLE COLLIDES WITH VEHICLE PARKED ON LEFT OF ROAD,No,Day,Yes,T intersection,Serious injury accident,50 km/hr,No,48252,144.91645,-37.69927,Intersection,MORELAND,METROPOLITAN NORTH WEST REGION,2492632.706,2422398.821,1,1,0,1,0,0,1,0,0,0,1,0,0,0,0,0,0,0,1,0,No,0,2,0,2,0,0,MELB_URBAN,MELB_URBAN,MORELAND,METROPOLITAN NORTH WEST REGION,,,Local Road,Local Road,Undivided,Undiv,Metro
3403492,T20130019571,ABS to receive accident,Finished,23/9/2013,08.10.00,No,Collision with vehicle,Monday,CROSS TRAFFIC(INTERSECTIONS ONLY),No,Day,Yes,Cross intersection,Serious injury accident,50 km/hr,No,57008,144.75226,-36.12499,Intersection,CAMPASPE,NORTHERN REGION,2477699.163,2597059.595,2,1,0,1,0,1,1,1,1,0,1,0,0,0,0,0,0,0,0,0,No,0,2,0,1,0,0,SMALL_CITIES,SMALL_CITIES,CAMPASPE,NORTHERN REGION,B,B,Arterial Highway,"Arterial Highway,Local Road",Divided,"Div,Undiv",Country
3403493,T20130019573,ABS to receive accident,Finished,23/9/2013,10.50.00,No,Struck Pedestrian,Monday,FAR SIDE. PED HIT BY VEHICLE FROM THE LEFT,No,Day,Yes,Cross intersection,Serious injury accident,50 km/hr,No,51043,145.40374,-36.37956,Intersection,SHEPPARTON,NORTH EASTERN REGION,2536224.061,2568765.248,3,1,0,1,0,2,2,1,0,1,1,1,0,0,0,0,0,1,0,0,No,0,1,0,1,0,0,SMALL_CITIES,SMALL_CITIES,SHEPPARTON,NORTH EASTERN REGION,,,Local Road,Local Road,Divided,"Div,Undiv",Country
3403494,T20130019574,ABS to receive accident,Finished,22/7/2013,08.40.00,No,Collision with vehicle,Monday,REAR END(VEHICLES IN SAME LANE),No,Day,No,T intersection,Other injury accident,60 km/hr,No,42807,145.07785,-37.99473,Intersection,KINGSTON,METROPOLITAN SOUTH EAST REGION,2506838.521,2389606.402,4,2,0,0,2,2,2,2,0,1,3,0,0,0,0,0,0,0,0,0,No,0,3,0,3,0,0,MELB_URBAN,MELB_URBAN,KINGSTON,METROPOLITAN SOUTH EAST REGION,,,Local Road,Local Road,Undivided,Undiv,Metro