OBJECTID,ACCIDENT_NO,ABS_CODE,ACCIDENT_STATUS,ACCIDENT_DATE,ACCIDENT_TIME,ALCOHOLTIME,ACCIDENT_TYPE,DAY_OF_WEEK,DCA_CODE,HIT_RUN_FLAG,LIGHT_CONDITION,POLICE_ATTEND,ROAD_GEOMETRY,SEVERITY,SPEED_ZONE,RUN_OFFROAD,NODE_ID,LONGITUDE,LATITUDE,NODE_TYPE,LGA_NAME,REGION_NAME,VICGRID_X,VICGRID_Y,TOTAL_PERSONS,INJ_OR_FATAL,FATALITY,SERIOUSINJURY,OTHERINJURY,NONINJURED,MALES,FEMALES,BICYCLIST,PASSENGER,DRIVER,PEDESTRIAN,PILLION,MOTORIST,UNKNOWN,PED_CYCLIST_5_12,PED_CYCLIST_13_18,OLD_PEDESTRIAN,OLD_DRIVER,YOUNG_DRIVER,ALCOHOL_RELATED,UNLICENCSED,NO_OF_VEHICLES,HEAVYVEHICLE,PASSENGERVEHICLE,MOTORCYCLE,PUBLICVEHICLE,DEG_URBAN_NAME,DEG_URBAN_ALL,LGA_NAME_ALL,REGION_NAME_ALL,SRNS,SRNS_ALL,RMA,RMA_ALL,DIVIDED,DIVIDED_ALL,STAT_DIV_NAME
3403495,T20130019576,ABS to receive accident,Finished,23/9/2013,11.00.00,No,Collision with vehicle,Monday,RIGHT THROUGH,No,Day,No,Cross intersection,Other injury accident,Not known,No,43872,145.22825,-38.134,Intersection,CASEY,METROPOLITAN SOUTH EAST REGION,2520011.655,2374125.877,5,4,0,0,4,1,4,1,0,3,2,0,0,0,0,0,0,0,0,0,No,0,2,0,2,0,0,MELB_URBAN,MELB_URBAN,"FRANKSTON,CASEY",METROPOLITAN SOUTH EAST REGION,M,"M,A",Arterial Highway,"Arterial Highway,Arterial Other",Divided,Div,Metro
3403496,T20130019577,ABS to receive accident,Finished,21/9/2013,07.15.00,Yes,Collision with vehicle,Saturday,RIGHT NEAR (INTERSECTIONS ONLY),No,Dusk/Dawn,No,T intersection,Other injury accident,Not known,No,58039,145.09301,-37.61309,Intersection,WHITTLESEA,METROPOLITAN NORTH WEST REGION,2508210.924,2431962.709,2,1,0,0,1,1,1,1,0,0,2,0,0,0,0,0,0,0,0,1,No,0,2,0,2,0,0,MELB_URBAN,MELB_URBAN,WHITTLESEA,METROPOLITAN NORTH WEST REGION,C,C,Arterial Other,"Arterial Other,Local Road",Divided,"Div,Undiv",Metro
3403497,T20130019578,ABS to receive accident,Finished,23/9/2013,06.20.00,No,Collision with a fixed object,Monday,RIGHT OFF CARRIAGEWAY INTO OBJECT/PARKED VEHICLE,No,Day,Yes,Not at intersection,Fatal accident,110 km/hr,Yes,263930,144.68361,-37.58217,Non-Intersection,MELTON,METROPOLITAN NORTH WEST REGION,2472056.629,2435351.237,1,1,1,0,0,0,0,1,0,0,1,0,0,0,0,0,0,0,0,0,Yes,1,1,0,1,0,0,RURAL_VICTORIA,RURAL_VICTORIA,MELTON,METROPOLITAN NORTH WEST REGION,M,M,Freeway,Freeway,Divided,Div,Metro
3403498,T20130019580,ABS to receive accident,Finished,23/9/2013,09.30.00,No,Struck Pedestrian,Monday,PED EMERGES FROM IN FRONT OF PARKED OR STATIONARY VEHICLE,No,Day,Yes,Not at intersection,Serious injury accident,60 km/hr,No,81044,144.9962,-37.83665,Non-Intersection,STONNINGTON,METROPOLITAN SOUTH EAST REGION,2499665.413,2407154.801,2,1,0,1,0,1,1,1,0,0,1,1,0,0,0,0,0,0,0,0,No,0,1,0,1,0,0,MELB_URBAN,MELB_URBAN,STONNINGTON,METROPOLITAN SOUTH EAST REGION,,,Arterial Other,Arterial Other,Undivided,Undiv,Metro
3403499,T20130020016,ABS to receive accident,Finished,29/9/2013,10.20.00,No,Collision with vehicle,Sunday,LANE CHANGE RIGHT (NOT OVERTAKING),No,Day,Yes,Not at intersection,Serious injury accident,60 km/hr,No,263783,144.99102,-37.69343,Non-Intersection,DAREBIN,METROPOLITAN NORTH WEST REGION,2499208.258,2423050.039,3,1,0,1,0,2,2,1,1,1,1,0,0,0,0,0,0,0,1,0,No,0,2,0,1,0,0,MELB_URBAN,MELB_URBAN,DAREBIN,METROPOLITAN NORTH WEST REGION,,,Local Road,Local Road,Divided,Div,Metro
3403500,T20130020019,ABS to receive accident,Finished,29/9/2013,08.30.00,Yes,No collision and no object struck,Sunday,OFF CARRIAGEWAY ON LEFT BEND,No,Day,Yes,Not at intersection,Serious injury accident,60 km/hr,Yes,263784,145.33371,-37.55764,Non-Intersection,NILLUMBIK,METROPOLITAN NORTH WEST REGION,2529482.46,2438068.6,1,1,0,1,0,0,1,0,0,0,0,0,0,1,0,0,0,0,0,0,No,0,1,0,0,1,0,RURAL_VICTORIA,RURAL_VICTORIA,NILLUMBIK,METROPOLITAN NORTH WEST REGION,C,C,Arterial Other,Arterial Other,Undivided,Undiv,Metro
3403501,T20130020020,ABS to receive accident,Finished,29/9/2013,08.35.00,Yes,Collision with a fixed object,Sunday,RIGHT OFF CARRIAGEWAY INTO OBJECT/PARKED VEHICLE,No,Day,Yes,Not at intersection,Other injury accident,100 km/hr,Yes,264423,146.24307,-36.20496,Non-Intersection,WANGARATTA,NORTH EASTERN REGION,2611779.903,2587485.585,1,1,0,0,1,0,1,0,0,0,1,0,0,0,0,0,0,0,0,1,Yes,0,1,0,1,0,0,RURAL_VICTORIA,RURAL_VICTORIA,WANGARATTA,NORTH EASTERN REGION,C,C,Arterial Other,Arterial Other,Undivided,Undiv,Country
3403502,T20130020021,ABS to receive accident,Finished,29/9/2013,01.30.00,Yes,Vehicle overturned (no collision),Sunday,OFF CARRIAGEWAY ON LEFT BEND,No,Dark No street lights,Yes,Not at intersection,Other injury accident,100 km/hr,Yes,264424,144.13632,-37.26271,Non-Intersection,HEPBURN,WESTERN REGION,2423399.548,2470501.268,1,1,0,0,1,0,1,0,0,0,1,0,0,0,0,0,0,0,0,0,No,0,1,0,1,0,0,RURAL_VICTORIA,RURAL_VICTORIA,HEPBURN,WESTERN REGION,A,A,Arterial Highway,Arterial Highway,Undivided,Undiv,Country
3403503,T20130020022,ABS to receive accident,Finished,29/9/2013,10.45.00,No,Vehicle overturned (no collision),Sunday,OFF CARRIAGEWAY ON LEFT BEND,No,Day,Yes,Not at intersection,Other injury accident,100 km/hr,Yes,264425,146.20532,-38.46789,Non-Intersection,SOUTH GIPPSLAND,EASTERN REGION,2605205.797,2336417.203,1,1,0,0,1,0,0,1,0,0,0,0,0,1,0,0,0,0,0,0,No,0,1,0,0,1,0,RURAL_VICTORIA,RURAL_VICTORIA,SOUTH GIPPSLAND,"EASTERN REGION,EASTERN REGION",,,Local Road,Local Road,Undivided,Undiv,Country
3403504,T20130020025,ABS to receive accident,Finished,21/9/2013,12.30.00,No,Struck Pedestrian,Saturday,PED NEAR SIDE. PED HIT BY VEHICLE FROM THE RIGHT.,No,Day,No,T intersection,Other injury accident,60 km/hr,No,67718,145.03308,-37.863,Intersection,STONNINGTON,METROPOLITAN SOUTH EAST REGION,2502910.632,2404230.168,3,1,0,0,1,2,1,2,0,1,1,1,0,0,0,0,0,0,0,0,No,0,1,0,1,0,0,MELB_URBAN,MELB_URBAN,STONNINGTON,METROPOLITAN SOUTH EAST REGION,,,Arterial Other,"Arterial Other,Local Road",Undivided,Undiv,Metro
3403505,T20130020027,ABS to receive accident,Finished,29/9/2013,11.10.00,No,Collision with vehicle,Sunday,REAR END(VEHICLES IN SAME LANE),No,Day,Yes,T intersection,Serious injury accident,60 km/hr,No,263785,145.05907,-37.98839,Intersection,KINGSTON,METROPOLITAN SOUTH EAST REGION,2505189.063,2390311.252,2,2,0,2,0,0,1,1,1,0,0,0,0,1,0,0,0,0,0,0,No,0,2,0,0,1,0,MELB_URBAN,MELB_URBAN,KINGSTON,METROPOLITAN SOUTH EAST REGION,,,,,,,Metro
3403506,T20130020028,ABS to receive accident,Finished,29/9/2013,07.40.00,Yes,Collision with vehicle,Sunday,RIGHT NEAR (INTERSECTIONS ONLY),No,Day,Yes,Y intersection,Other injury accident,60 km/hr,No,41524,145.08453,-37.87717,Intersection,STONNINGTON,METROPOLITAN SOUTH EAST REGION,2507436.89,2402653.657,3,1,0,0,1,2,3,0,0,1,2,0,0,0,0,0,0,0,0,1,Yes,0,2,0,2,0,0,MELB_URBAN,MELB_URBAN,STONNINGTON,METROPOLITAN SOUTH EAST REGION,,,Arterial Other,"Arterial Other,Local Road",Undivided,Undiv,Metro
3403507,T20130020033,ABS to receive accident,Finished,29/9/2013,12.30.00,No,Collision with vehicle,Sunday,REAR END(VEHICLES IN SAME LANE),No,Day,Yes,Cross intersection,Other injury accident,80 km/hr,No,29789,144.99469,-38.40144,Intersection,MORNINGTON PENINSULA,METROPOLITAN SOUTH EAST REGION,2499536.098,2344461.184,2,2,0,0,2,0,0,2,0,0,0,0,0,2,0,0,0,0,0,0,No,0,2,0,0,2,0,RURAL_VICTORIA,RURAL_VICTORIA,MORNINGTON PENINSULA,METROPOLITAN SOUTH EAST REGION,C,C,Arterial Other,"Arterial Other,Local Road",Undivided,Undiv,Metro
3403508,T20130020034,ABS to receive accident,Finished,29/9/2013,13.05.00,No,Collision with vehicle,Sunday,REAR END(VEHICLES IN SAME LANE),No,Day,Yes,Not at intersection,Serious injury accident,60 km/hr,No,258676,145.47873,-37.93411,Non-Intersection,CARDINIA,METROPOLITAN SOUTH EAST REGION,2542084.747,2396231.658,2,2,0,1,1,0,2,0,0,0,0,0,0,2,0,0,0,0,0,0,No,0,2,0,0,2,0,MELB_URBAN,"RURAL_VICTORIA,MELB_URBAN",CARDINIA,METROPOLITAN SOUTH EAST REGION,,,Local Road,Local Road,Undivided,Undiv,Metro
3403509,T20130020037,ABS to receive accident,Finished,29/9/2013,12.55.00,No,Collision with vehicle,Sunday,RIGHT REAR.,No,Day,Yes,Cross intersection,Other injury accident,40 km/hr,No,50404,145.62713,-38.47224,Intersection,BASS COAST,EASTERN REGION,2554736.975,2336420.582,2,1,0,0,1,1,2,0,0,0,0,0,0,2,0,0,0,0,0,0,No,0,2,0,0,2,0,RURAL_VICTORIA,RURAL_VICTORIA,BASS COAST,"EASTERN REGION,EASTERN REGION",,,Local Road,Local Road,Undivided,Undiv,Country
3403510,T20130020039,ABS to receive accident,Finished,29/9/2013,02.30.00,Yes,Vehicle overturned (no collision),Sunday,OFF CARRIAGEWAY TO LEFT,No,Dark No street lights,Yes,Not at intersection,Serious injury accident,100 km/hr,Yes,266280,141.60292,-38.21443,Non-Intersection,GLENELG,SOUTH WESTERN REGION,2202538.674,2359914.096,1,1,0,1,0,0,1,0,0,0,1,0,0,0,0,0,0,0,0,0,Yes,0,1,0,1,0,0,RURAL_VICTORIA,RURAL_VICTORIA,GLENELG,SOUTH WESTERN REGION,,,Local Road,Local Road,Undivided,Undiv,Country
3403511,T20130020041,ABS to receive accident,Finished,27/9/2013,07.00.00,No,Collision with vehicle,Friday,LEFT TURN SIDESWIPE,No,Dusk/Dawn,No,T intersection,Other injury accident,60 km/hr,No,36062,144.93605,-37.78875,Intersection,MELBOURNE,METROPOLITAN NORTH WEST REGION,2494367.528,2412469.144,2,1,0,0,1,1,1,0,1,0,1,0,0,0,0,0,0,0,0,0,No,0,2,0,1,0,0,MELB_URBAN,MELB_URBAN,"MOONEE VALLEY,MELBOURNE",METROPOLITAN NORTH WEST REGION,,,Arterial Highway,"Arterial Highway,Local Road",Undivided,Undiv,Metro
3403512,T20130020418,ABS to receive accident,Finished,3/10/2013,21.55.00,Yes,Collision with vehicle,Thursday,CROSS TRAFFIC(INTERSECTIONS ONLY),No,Unk.,No,Cross intersection,Other injury accident,60 km/hr,No,38678,144.88309,-37.7886,Intersection,MARIBYRNONG,METROPOLITAN NORTH WEST REGION,2489703.072,2412481.575,4,1,0,0,1,3,1,3,0,2,2,0,0,0,0,0,0,0,0,0,No,0,2,0,2,0,0,MELB_URBAN,MELB_URBAN,MARIBYRNONG,METROPOLITAN NORTH WEST REGION,,,Arterial Other,"Arterial Other,Local Road",Undivided,Undiv,Metro
3403513,T20130020422,ABS to receive accident,Finished,3/10/2013,05.44.00,Yes,Collision with a fixed object,Thursday,LEFT OFF CARRIAGEWAY INTO OBJECT/PARKED VEHICLE,No,Dusk/Dawn,Yes,T intersection,Other injury accident,60 km/hr,Yes,38517,144.80836,-37.83,Intersection,WYNDHAM,METROPOLITAN NORTH WEST REGION,2483129.399,2407876.01,1,1,0,0,1,0,0,1,0,0,1,0,0,0,0,0,0,0,0,1,No,0,1,0,1,0,0,MELB_URBAN,MELB_URBAN,WYNDHAM,METROPOLITAN NORTH WEST REGION,,,Arterial Other,"Arterial Other,Local Road",Undivided,Undiv,Metro
3403514,T20130020424,ABS to receive accident,Finished,3/10/2013,21.28.00,Yes,No collision and no object struck,Thursday,OFF CARRIAGEWAY TO LEFT,No,Dark Street lights on,Yes,Cross intersection,Serious injury accident,50 km/hr,Yes,264500,144.78198,-37.68727,Intersection,BRIMBANK,METROPOLITAN NORTH WEST REGION,2480771.31,2423711.3,1,1,0,1,0,0,1,0,0,0,0,0,0,1,0,0,0,0,0,0,No,0,1,0,0,1,0,MELB_URBAN,MELB_URBAN,BRIMBANK,METROPOLITAN NORTH WEST REGION,,,Local Road,Local Road,Undivided,Undiv,Metro
3403515,T20130020425,ABS to receive accident,Finished,3/10/2013,23.30.00,Yes,Collision with a fixed object,Thursday,OFF LEFT BEND INTO OBJECT/PARKED VEHICLE,No,Dark No street lights,Yes,T intersection,Serious injury accident,60 km/hr,Yes,264501,144.98511,-38.29525,Intersection,MORNINGTON PENINSULA,METROPOLITAN SOUTH EAST REGION,2498697.635,2356250.056,1,1,0,1,0,0,0,1,0,0,1,0,0,0,0,0,0,0,0,0,Yes,0,1,0,1,0,0,MELB_URBAN,MELB_URBAN,MORNINGTON PENINSULA,METROPOLITAN SOUTH EAST REGION,C,C,Arterial Other,"Arterial Other,Local Road",Undivided,Undiv,Metro
3403516,T20130020428,ABS to receive accident,Finished,3/10/2013,16.30.00,No,Collision with vehicle,Thursday,REAR END(VEHICLES IN SAME LANE),No,Day,Yes,T intersection,Other injury accident,70 km/hr,No,45120,144.84988,-37.77945,Intersection,MARIBYRNONG,METROPOLITAN NORTH WEST REGION,2486776.372,2413493.181,8,1,0,0,1,7,4,4,0,5,3,0,0,0,0,0,0,0,0,1,No,0,3,0,3,0,0,MELB_URBAN,MELB_URBAN,MARIBYRNONG,METROPOLITAN NORTH WEST REGION,,,Arterial Other,"Arterial Other,Local Road",Divided,"Div,Undiv",Metro
3403517,T20130020430,ABS to receive accident,Finished,30/9/2013,16.40.00,No,Collision with vehicle,Monday,LANE SIDE SWIPE (VEHICLES IN PARALLEL LANES),No,Dusk/Dawn,No,Not at intersection,Other injury accident,60 km/hr,No,264451,144.96971,-37.81024,Non-Intersection,MELBOURNE,METROPOLITAN NORTH WEST REGION,2497332.691,2410085.492,2,1,0,0,1,1,2,0,0,0,1,0,0,1,0,0,0,0,0,1,No,0,2,0,1,1,0,MELBOURNE_CBD,MELBOURNE_CBD,MELBOURNE,METROPOLITAN NORTH WEST REGION,,,Local Road,Local Road,Divided,Div,Metro
3403518,T20130020435,ABS to receive accident,Finished,4/10/2013,07.30.00,No,Collision with a fixed object,Friday,OFF LEFT BEND INTO OBJECT/PARKED VEHICLE,No,Dusk/Dawn,No,Not at intersection,Serious injury accident,80 km/hr,Yes,263826,144.22739,-37.6448,Non-Intersection,MOORABOOL,WESTERN REGION,2431820.782,2428170.509,1,1,0,1,0,0,1,0,0,0,1,0,0,0,0,0,0,0,0,0,No,0,1,0,1,0,0,RURAL_VICTORIA,RURAL_VICTORIA,MOORABOOL,WESTERN REGION,C,C,Arterial Other,Arterial Other,Undivided,Undiv,Country
3403519,T20130020436,ABS to receive accident,Finished,4/10/2013,08.27.00,No,Struck Pedestrian,Friday,FAR SIDE. PED HIT BY VEHICLE FROM THE LEFT,No,Day,Yes,Cross intersection,Serious injury accident,50 km/hr,No,35504,145.00988,-37.86375,Intersection,PORT PHILLIP,METROPOLITAN NORTH WEST REGION,2500869.207,2404147.448,2,1,0,1,0,1,0,2,0,0,1,1,0,0,0,0,0,0,0,1,No,0,1,0,1,0,0,MELB_URBAN,MELB_URBAN,"PORT PHILLIP,GLEN EIRA","METROPOLITAN NORTH WEST REGION,METROPOLITAN SOUTH EAST REGION",,,Local Road,Local Road,Undivided,Undiv,Metro
3403520,T20130020437,ABS to receive accident,Finished,3/10/2013,16.16.00,No,Collision with vehicle,Thursday,RIGHT THROUGH,No,Day,Yes,T intersection,Serious injury accident,60 km/hr,No,54464,144.33407,-38.09758,Intersection,GEELONG,SOUTH WESTERN REGION,2441586.078,2377988.423,3,1,0,1,0,2,2,1,0,1,2,0,0,0,0,0,0,0,1,0,No,0,2,0,2,0,0,LARGE_PROVINCIAL_CITIES,LARGE_PROVINCIAL_CITIES,GEELONG,SOUTH WESTERN REGION,C,C,Arterial Other,"Arterial Other,Local Road",Undivided,Undiv,Country
3403521,T20130020441,ABS to receive accident,Finished,4/10/2013,08.15.00,No,Collision with vehicle,Friday,RIGHT THROUGH,No,Day,Yes,Cross intersection,Other injury accident,50 km/hr,No,36335,144.96839,-37.79226,Intersection,MELBOURNE,METROPOLITAN NORTH WEST REGION,2497215.937,2412081.035,4,1,0,0,1,3,2,2,1,2,1,0,0,0,0,0,0,0,0,1,No,0,2,0,1,0,0,MELB_URBAN,MELB_URBAN,"YARRA,MELBOURNE",METROPOLITAN NORTH WEST REGION,,,Arterial Other,"Arterial Other,Local Road",Divided,"Div,Undiv",Metro
3403522,T20130020442,ABS to receive accident,Finished,4/10/2013,08.46.00,No,Struck Pedestrian,Friday,FAR SIDE. PED HIT BY VEHICLE FROM THE LEFT,No,Day,Yes,Not at intersection,Fatal accident,60 km/hr,No,264894,144.95568,-37.80709,Non-Intersection,MELBOURNE,METROPOLITAN NORTH WEST REGION,2496097.468,2410434.654,2,2,1,1,0,0,2,0,1,0,0,1,0,0,0,0,0,1,0,0,No,0,1,0,0,0,0,MELB_URBAN,MELB_URBAN,MELBOURNE,METROPOLITAN NORTH WEST REGION,,,Arterial Other,Arterial Other,Divided,Div,Metro
3403523,T20130020444,ABS to receive accident,Finished,4/10/2013,07.35.00,No,Collision with a fixed object,Friday,OFF LEFT BEND INTO OBJECT/PARKED VEHICLE,No,Dusk/Dawn,Yes,T intersection,Other injury accident,60 km/hr,Yes,42010,145.36159,-37.91322,Intersection,YARRA RANGES,METROPOLITAN SOUTH EAST REGION,2531795.685,2398595.645,2,2,0,0,2,0,1,1,0,1,1,0,0,0,0,0,0,0,0,0,No,0,1,0,1,0,0,MELB_URBAN,MELB_URBAN,YARRA RANGES,METROPOLITAN SOUTH EAST REGION,C,C,Arterial Other,"Arterial Other,Local Road",Undivided,Undiv,Metro
3403524,T20130020448,ABS to receive accident,Finished,4/10/2013,10.00.00,No,Collision with vehicle,Friday,LEFT TURN SIDESWIPE,No,Day,No,T intersection,Serious injury accident,80 km/hr,No,36164,145.07039,-37.67486,Intersection,WHITTLESEA,METROPOLITAN NORTH WEST REGION,2506209.165,2425108.221,2,1,0,1,0,1,0,2,1,0,1,0,0,0,0,0,0,0,0,0,No,0,2,0,1,0,0,MELB_URBAN,MELB_URBAN,WHITTLESEA,METROPOLITAN NORTH WEST REGION,C,C,Arterial Other,"Arterial Other,Local Road",Divided,"Div,Undiv",Metro
3403525,T20130019148,ABS to receive accident,Finished,17/9/2013,08.00.00,No,Collision with vehicle,Tuesday,LANE CHANGE LEFT (NOT OVERTAKING),No,Day,No,T intersection,Other injury accident,80 km/hr,No,42451,145.13909,-37.92188,Intersection,MONASH,METROPOLITAN SOUTH EAST REGION,2512229.029,2397686.604,2,1,0,0,1,1,0,2,0,0,2,0,0,0,0,0,0,0,0,1,No,0,2,0,2,0,0,MELB_URBAN,MELB_URBAN,MONASH,METROPOLITAN SOUTH EAST REGION,,,Arterial Highway,"Arterial Highway,Arterial Other",Divided,Div,Metro
3403526,T20130019152,ABS to receive accident,Finished,17/9/2013,14.35.00,No,Struck Pedestrian,Tuesday,PED NEAR SIDE. PED HIT BY VEHICLE FROM THE RIGHT.,No,Day,Yes,T intersection,Serious injury accident,40 km/hr,No,39935,144.84748,-37.83583,Intersection,HOBSONS BAY,METROPOLITAN NORTH WEST REGION,2486574.432,2407235.514,2,1,0,1,0,1,0,2,0,0,1,1,0,0,0,0,0,0,0,0,No,0,1,0,1,0,0,MELB_URBAN,MELB_URBAN,HOBSONS BAY,METROPOLITAN NORTH WEST REGION,,,Arterial Other,"Arterial Other,Local Road",Divided,"Div,Undiv",Metro
3403527,T20130019156,ABS to receive accident,Finished,17/9/2013,15.15.00,No,Collision with vehicle,Tuesday,VEHICLE STRIKES ANOTHER VEH WHILE EMERGING FROM DRIVEWAY,No,Day,Yes,Not at intersection,Other injury accident,60 km/hr,No,263577,142.50734,-38.39398,Non-Intersection,WARRNAMBOOL,SOUTH WESTERN REGION,2282233.225,2342438.298,2,1,0,0,1,1,1,1,0,0,2,0,0,0,0,0,0,0,0,2,No,0,2,0,2,0,0,SMALL_CITIES,SMALL_CITIES,WARRNAMBOOL,SOUTH WESTERN REGION,,,Local Road,Local Road,Undivided,Undiv,Country
3403528,T20130019162,ABS to receive accident,Finished,17/9/2013,16.40.00,No,Vehicle overturned (no collision),Tuesday,OFF CARRIAGEWAY ON LEFT BEND,No,Day,Yes,Not at intersection,Serious injury accident,100 km/hr,Yes,263527,146.87106,-36.29645,Non-Intersection,INDIGO,NORTH EASTERN REGION,2668044.193,2576412.712,1,1,0,1,0,0,1,0,0,0,1,0,0,0,0,0,0,0,0,1,No,0,1,0,1,0,0,RURAL_VICTORIA,RURAL_VICTORIA,INDIGO,NORTH EASTERN REGION,C,C,Arterial Other,Arterial Other,Undivided,Undiv,Country
3403529,T20130019169,ABS to receive accident,Finished,5/9/2013,08.45.00,No,Collision with vehicle,Thursday,VEHICLE STRIKES DOOR OF PARKED/STATIONARY VEHICLE,No,Day,No,Not at intersection,Other injury accident,Not known,No,264192,144.98044,-37.77931,Non-Intersection,YARRA,METROPOLITAN NORTH WEST REGION,2498276.928,2413518.345,2,1,0,0,1,1,0,1,1,0,1,0,0,0,0,0,0,0,0,0,No,0,2,0,1,0,0,MELB_URBAN,MELB_URBAN,YARRA,METROPOLITAN NORTH WEST REGION,,,Local Road,Local Road,Undivided,Undiv,Metro
3403530,T20130019172,ABS to receive accident,Finished,17/9/2013,18.10.00,Yes,Collision with vehicle,Tuesday,HEAD ON (NOT OVERTAKING),No,Dark Street lights on,Yes,Cross intersection,Other injury accident,80 km/hr,No,29673,145.23281,-37.89911,Non-Intersection,KNOX,METROPOLITAN SOUTH EAST REGION,2520475.693,2400197.094,3,2,0,0,2,1,1,1,0,1,2,0,0,0,0,0,0,0,0,0,No,0,2,0,2,0,0,MELB_URBAN,MELB_URBAN,KNOX,METROPOLITAN SOUTH EAST REGION,,,Arterial Other,Arterial Other,Divided,Div,Metro
3403531,T20130019174,ABS to receive accident,Finished,17/9/2013,18.30.00,Yes,Struck Pedestrian,Tuesday,PED NEAR SIDE. PED HIT BY VEHICLE FROM THE RIGHT.,Yes,Dark Street lights on,No,T intersection,Other injury accident,60 km/hr,No,53270,144.82837,-37.77911,Intersection,BRIMBANK,METROPOLITAN NORTH WEST REGION,2484881.558,2413527.476,2,1,0,0,1,1,1,0,0,0,0,1,0,0,1,0,0,1,0,0,No,0,1,0,0,0,0,MELB_URBAN,MELB_URBAN,BRIMBANK,METROPOLITAN NORTH WEST REGION,,,Arterial Other,"Arterial Other,Local Road",Divided,"Div,Undiv",Metro
3403532,T20130019177,ABS to receive accident,Finished,17/9/2013,16.41.00,No,Collision with vehicle,Monday,LANE SIDE SWIPE (VEHICLES IN PARALLEL LANES),Yes,Day,Yes,Not at intersection,Other injury accident,50 km/hr,No,263615,144.95741,-37.82614,Non-Intersection,MELBOURNE,METROPOLITAN NORTH WEST REGION,2496250.465,2408320.394,2,1,0,0,1,1,1,0,1,0,1,0,0,0,0,0,0,0,0,0,No,0,2,0,1,0,0,MELB_URBAN,MELB_URBAN,MELBOURNE,METROPOLITAN NORTH WEST REGION,,,Arterial Other,Arterial Other,Undivided,Undiv,Metro
3403533,T20130019179,ABS to receive accident,Finished,17/9/2013,17.23.00,No,Struck Pedestrian,Tuesday,PED EMERGES FROM IN FRONT OF PARKED OR STATIONARY VEHICLE,No,Day,Yes,Not at intersection,Other injury accident,60 km/hr,No,263578,144.9771,-37.74812,Non-Intersection,MORELAND,METROPOLITAN NORTH WEST REGION,2497982.292,2416980.114,2,1,0,0,1,1,2,0,0,0,1,1,0,0,0,0,0,0,0,0,No,0,1,0,1,0,0,MELB_URBAN,MELB_URBAN,MORELAND,METROPOLITAN NORTH WEST REGION,,,Arterial Other,Arterial Other,Undivided,Undiv,Metro
3403534,T20130019181,ABS to receive accident,Finished,17/9/2013,16.24.00,No,Struck Pedestrian,Tuesday,FAR SIDE. PED HIT BY VEHICLE FROM THE LEFT,No,Day,Yes,Not at intersection,Fatal accident,50 km/hr,No,264342,144.86579,-37.70803,Non-Intersection,BRIMBANK,METROPOLITAN NORTH WEST REGION,2488166.213,2421421.406,2,1,1,0,0,1,1,1,0,0,1,1,0,0,0,0,0,0,0,0,No,0,1,0,1,0,0,MELB_URBAN,MELB_URBAN,BRIMBANK,METROPOLITAN NORTH WEST REGION,,,Local Road,Local Road,Undivided,Undiv,Metro
3403535,T20130019182,ABS to receive accident,Finished,17/9/2013,20.15.00,Yes,Collision with vehicle,Tuesday,REAR END(VEHICLES IN SAME LANE),Yes,Dark Street lights on,Yes,Not at intersection,Other injury accident,50 km/hr,No,270622,144.89658,-38.35808,Non-Intersection,MORNINGTON PENINSULA,METROPOLITAN SOUTH EAST REGION,2490959.598,2349269.829,3,2,0,0,2,1,2,1,0,1,2,0,0,0,0,0,0,0,1,0,Yes,0,2,0,2,0,0,MELB_URBAN,MELB_URBAN,MORNINGTON PENINSULA,METROPOLITAN SOUTH EAST REGION,B,B,Arterial Highway,Arterial Highway,Divided,Div,Metro
3403536,T20130019187,ABS to receive accident,Finished,17/9/2013,21.50.00,Yes,Collision with a fixed object,Tuesday,LEFT OFF CARRIAGEWAY INTO OBJECT/PARKED VEHICLE,No,Dark Street lights on,Yes,T intersection,Serious injury accident,60 km/hr,Yes,224144,145.10402,-38.16008,Intersection,FRANKSTON,METROPOLITAN SOUTH EAST REGION,2509117.113,2371250.097,1,1,0,1,0,0,1,0,0,0,1,0,0,0,0,0,0,0,0,1,No,0,1,0,1,0,0,MELB_URBAN,MELB_URBAN,FRANKSTON,METROPOLITAN SOUTH EAST REGION,,,Arterial Highway,"Arterial Highway,Local Road",Divided,"Div,Undiv",Metro
3403537,T20130019189,ABS to receive accident,Finished,17/9/2013,23.00.00,Yes,Collision with vehicle,Tuesday,LANE CHANGE LEFT (NOT OVERTAKING),No,Dark Street lights on,Yes,Cross intersection,Other injury accident,60 km/hr,No,263579,144.95829,-37.79255,Intersection,MELBOURNE,METROPOLITAN NORTH WEST REGION,2496326.08,2412048.555,2,1,0,0,1,1,1,1,0,0,2,0,0,0,0,0,0,0,0,1,No,0,2,0,2,0,0,MELB_URBAN,MELB_URBAN,MELBOURNE,METROPOLITAN NORTH WEST REGION,,,Arterial Other,"Arterial Other,Local Road",Divided,"Div,Undiv",Metro