OBJECTID,ACCIDENT_NO,ABS_CODE,ACCIDENT_STATUS,ACCIDENT_DATE,ACCIDENT_TIME,ALCOHOLTIME,ACCIDENT_TYPE,DAY_OF_WEEK,DCA_CODE,HIT_RUN_FLAG,LIGHT_CONDITION,POLICE_ATTEND,ROAD_GEOMETRY,SEVERITY,SPEED_ZONE,RUN_OFFROAD,NODE_ID,LONGITUDE,LATITUDE,NODE_TYPE,LGA_NAME,REGION_NAME,VICGRID_X,VICGRID_Y,TOTAL_PERSONS,INJ_OR_FATAL,FATALITY,SERIOUSINJURY,OTHERINJURY,NONINJURED,MALES,FEMALES,BICYCLIST,PASSENGER,DRIVER,PEDESTRIAN,PILLION,MOTORIST,UNKNOWN,PED_CYCLIST_5_12,PED_CYCLIST_13_18,OLD_PEDESTRIAN,OLD_DRIVER,YOUNG_DRIVER,ALCOHOL_RELATED,UNLICENCSED,NO_OF_VEHICLES,HEAVYVEHICLE,PASSENGERVEHICLE,MOTORCYCLE,PUBLICVEHICLE,DEG_URBAN_NAME,DEG_URBAN_ALL,LGA_NAME_ALL,REGION_NAME_ALL,SRNS,SRNS_ALL,RMA,RMA_ALL,DIVIDED,DIVIDED_ALL,STAT_DIV_NAME
3403538,T20130019581,ABS to receive accident,Finished,23/9/2013,11.20.00,No,Collision with vehicle,Monday,VEHICLE COLLIDES WITH VEHICLE PARKED ON LEFT OF ROAD,No,Day,Yes,Not at intersection,Other injury accident,60 km/hr,No,263652,144.97339,-37.85623,Non-Intersection,PORT PHILLIP,METROPOLITAN NORTH WEST REGION,2497658.426,2404981.4,3,2,0,0,2,1,2,1,0,1,2,0,0,0,0,0,0,0,0,0,Yes,0,2,1,1,0,0,MELB_URBAN,MELB_URBAN,PORT PHILLIP,METROPOLITAN NORTH WEST REGION,,,Arterial Other,Arterial Other,Divided,Div,Metro
3403539,T20130019582,ABS to receive accident,Finished,23/9/2013,12.30.00,No,Struck Pedestrian,Monday,ANY MANOEUVRE INVOLVING PED NOT INCLUDED IN DCAs 100-108.,No,Day,Yes,T intersection,Other injury accident,50 km/hr,No,38789,144.90096,-37.80103,Intersection,MARIBYRNONG,METROPOLITAN NORTH WEST REGION,2491277.998,2411103.7,2,1,0,0,1,1,1,1,0,0,1,1,0,0,0,0,0,1,0,0,No,0,1,0,1,0,0,MELB_URBAN,MELB_URBAN,MARIBYRNONG,METROPOLITAN NORTH WEST REGION,,,Local Road,Local Road,Undivided,Undiv,Metro
3403540,T20130019583,ABS to receive accident,Finished,22/9/2013,17.00.00,Yes,Collision with vehicle,Sunday,REAR END(VEHICLES IN SAME LANE),No,Unk.,No,Not at intersection,Other injury accident,80 km/hr,No,264287,145.30028,-38.05959,Non-Intersection,CASEY,METROPOLITAN SOUTH EAST REGION,2526353.62,2382368.223,3,2,0,0,2,1,2,1,0,1,2,0,0,0,0,0,0,0,0,0,No,1,2,0,2,0,0,MELB_URBAN,MELB_URBAN,CASEY,METROPOLITAN SOUTH EAST REGION,C,C,Arterial Other,Arterial Other,Divided,Div,Metro
3403541,T20130019584,ABS to receive accident,Finished,23/9/2013,12.00.00,No,Collision with vehicle,Sunday,RIGHT THROUGH,No,Day,Yes,Cross intersection,Serious injury accident,60 km/hr,No,10592,145.15674,-37.93315,Intersection,DANDENONG,METROPOLITAN SOUTH EAST REGION,2513779.095,2396433.108,2,2,0,1,1,0,1,1,0,0,2,0,0,0,0,0,0,0,1,0,No,0,2,0,2,0,0,MELB_URBAN,MELB_URBAN,"MONASH,DANDENONG",METROPOLITAN SOUTH EAST REGION,,,Arterial Highway,"Arterial Highway,Arterial Other",Divided,"Div,Undiv",Metro
3403542,T20130019585,ABS to receive accident,Finished,23/9/2013,10.50.00,No,Collision with vehicle,Monday,REAR END(VEHICLES IN SAME LANE),No,Day,Yes,Not at intersection,Other injury accident,60 km/hr,No,263653,144.98996,-37.87261,Non-Intersection,PORT PHILLIP,METROPOLITAN NORTH WEST REGION,2499116.413,2403163.446,2,1,0,0,1,1,1,1,0,0,2,0,0,0,0,0,0,0,0,1,No,0,2,0,2,0,0,MELB_URBAN,MELB_URBAN,PORT PHILLIP,METROPOLITAN NORTH WEST REGION,,,Arterial Highway,Arterial Highway,Undivided,Undiv,Metro
3403543,T20130019586,ABS to receive accident,Finished,19/9/2013,13.30.00,No,Struck Pedestrian,Wednesday,PED PLAYING/LYING/WORKING/STANDING ON CARRIAGEWAY.,Yes,Day,No,Multiple intersection,Other injury accident,40 km/hr,No,43253,145.17193,-38.00891,Intersection,DANDENONG,METROPOLITAN SOUTH EAST REGION,2515099.145,2388021.601,2,1,0,0,1,1,1,1,0,0,1,1,0,0,0,0,0,0,0,0,No,0,1,0,1,0,0,MELB_URBAN,MELB_URBAN,DANDENONG,METROPOLITAN SOUTH EAST REGION,,,Local Road,Local Road,Undivided,Undiv,Metro
3403544,T20130019587,ABS to receive accident,Finished,16/9/2013,13.08.00,No,Collision with vehicle,Monday,REAR END(VEHICLES IN SAME LANE),No,Day,Yes,Not at intersection,Other injury accident,70 km/hr,No,273918,145.23746,-37.83228,Non-Intersection,MAROONDAH,METROPOLITAN SOUTH EAST REGION,2520903.072,2407613.981,5,2,0,0,2,3,4,1,0,1,4,0,0,0,0,0,0,0,0,1,No,1,4,1,3,0,0,MELB_URBAN,MELB_URBAN,MAROONDAH,METROPOLITAN SOUTH EAST REGION,,,Arterial Other,Arterial Other,Divided,Div,Metro
3403545,T20130019588,ABS to receive accident,Finished,23/9/2013,12.41.00,No,Collision with vehicle,Monday,LANE CHANGE LEFT (NOT OVERTAKING),No,Day,Yes,Cross intersection,Other injury accident,60 km/hr,No,36813,144.94844,-37.82896,Intersection,PORT PHILLIP,METROPOLITAN NORTH WEST REGION,2495461.032,2408007.189,2,1,0,0,1,1,2,0,0,0,1,0,0,1,0,0,0,0,0,1,No,0,2,0,1,1,0,MELB_URBAN,MELB_URBAN,PORT PHILLIP,METROPOLITAN NORTH WEST REGION,,,Arterial Other,Arterial Other,Undivided,Undiv,Metro
3403546,T20130019589,ABS to receive accident,Finished,22/9/2013,16.40.00,Yes,Collision with vehicle,Sunday,RIGHT THROUGH,No,Day,Yes,T intersection,Other injury accident,60 km/hr,No,97,145.33837,-37.88387,Intersection,YARRA RANGES,METROPOLITAN SOUTH EAST REGION,2529765.402,2401860.566,2,1,0,0,1,1,2,0,0,0,1,0,0,1,0,0,0,0,1,0,No,0,2,0,1,1,0,MELB_URBAN,MELB_URBAN,YARRA RANGES,METROPOLITAN SOUTH EAST REGION,C,C,Arterial Other,"Arterial Other,Local Road",Undivided,Undiv,Metro
3403547,T20130019590,ABS to receive accident,Finished,23/9/2013,09.40.00,No,Collision with vehicle,Monday,REAR END(VEHICLES IN SAME LANE),No,Day,No,T intersection,Other injury accident,Not known,No,46236,145.07058,-37.98148,Intersection,KINGSTON,METROPOLITAN SOUTH EAST REGION,2506200.777,2391077.944,7,2,0,0,2,5,3,4,0,5,2,0,0,0,0,0,0,0,0,0,No,0,2,0,2,0,0,MELB_URBAN,MELB_URBAN,KINGSTON,METROPOLITAN SOUTH EAST REGION,,,Arterial Highway,"Arterial Highway,Arterial Other",Divided,"Div,Undiv",Metro
3403548,T20130019597,ABS to receive accident,Finished,23/9/2013,15.19.00,No,Struck Pedestrian,Monday,PED PLAYING/LYING/WORKING/STANDING ON CARRIAGEWAY.,No,Day,Yes,Not at intersection,Serious injury accident,40 km/hr,No,263760,144.95669,-37.81229,Non-Intersection,MELBOURNE,METROPOLITAN NORTH WEST REGION,2496186.189,2409857.476,2,2,0,2,0,0,1,1,0,0,1,1,0,0,0,0,0,0,0,0,No,0,1,0,1,0,0,MELBOURNE_CBD,MELBOURNE_CBD,MELBOURNE,METROPOLITAN NORTH WEST REGION,,,Local Road,Local Road,Undivided,Undiv,Metro
3403549,T20130019600,ABS to receive accident,Finished,23/9/2013,15.05.00,No,Collision with vehicle,Sunday,RIGHT NEAR (INTERSECTIONS ONLY),No,Day,Yes,T intersection,Other injury accident,50 km/hr,No,305926,145.08387,-37.96887,Non-Intersection,KINGSTON,METROPOLITAN SOUTH EAST REGION,2507369.552,2392476.244,5,2,0,0,2,3,1,4,0,3,2,0,0,0,0,0,0,0,0,0,No,0,2,0,2,0,0,MELB_URBAN,MELB_URBAN,KINGSTON,METROPOLITAN SOUTH EAST REGION,,,,,,,Metro
3403550,T20130019602,ABS to receive accident,Finished,10/8/2013,17.35.00,Yes,Collision with vehicle,Saturday,REAR END(VEHICLES IN SAME LANE),No,Day,No,Cross intersection,Other injury accident,60 km/hr,No,38716,144.88821,-37.79854,Intersection,MARIBYRNONG,METROPOLITAN NORTH WEST REGION,2490155.273,2411378.996,6,4,0,0,4,2,1,5,0,3,3,0,0,0,0,0,0,0,0,1,No,0,3,0,3,0,0,MELB_URBAN,MELB_URBAN,MARIBYRNONG,METROPOLITAN NORTH WEST REGION,,,Arterial Other,"Arterial Other,Local Road",Undivided,Undiv,Metro
3403551,T20130020042,ABS to receive accident,Finished,29/9/2013,15.15.00,No,Collision with vehicle,Sunday,REAR END(VEHICLES IN SAME LANE),No,Day,Yes,Not at intersection,Serious injury accident,80 km/hr,No,264531,145.27376,-37.88144,Non-Intersection,KNOX,METROPOLITAN SOUTH EAST REGION,2524082.754,2402148.78,3,1,0,1,0,2,2,1,0,1,2,0,0,0,0,0,0,0,0,0,No,0,2,0,2,0,0,MELB_URBAN,MELB_URBAN,KNOX,METROPOLITAN SOUTH EAST REGION,,,Arterial Highway,Arterial Highway,Divided,Div,Metro
3403552,T20130020043,ABS to receive accident,Finished,29/9/2013,16.05.00,Yes,Collision with vehicle,Sunday,REAR END(VEHICLES IN SAME LANE),No,Day,Yes,T intersection,Other injury accident,60 km/hr,No,39991,144.88313,-37.84247,Intersection,HOBSONS BAY,METROPOLITAN NORTH WEST REGION,2489713.896,2406502.151,2,1,0,0,1,1,1,1,0,0,1,0,0,1,0,0,0,0,0,0,No,0,2,0,1,1,0,MELB_URBAN,MELB_URBAN,HOBSONS BAY,METROPOLITAN NORTH WEST REGION,,,Arterial Other,"Arterial Other,Local Road",Divided,Div,Metro
3403553,T20130020044,ABS to receive accident,Finished,29/9/2013,13.15.00,No,Collision with vehicle,Sunday,LEFT TURN SIDESWIPE,No,Day,No,T intersection,Other injury accident,50 km/hr,No,55876,145.16298,-37.89614,Intersection,MONASH,METROPOLITAN SOUTH EAST REGION,2514335.079,2400540.241,2,1,0,0,1,1,0,2,0,0,2,0,0,0,0,0,0,0,0,0,No,0,2,0,2,0,0,MELB_URBAN,MELB_URBAN,MONASH,METROPOLITAN SOUTH EAST REGION,,,Arterial Highway,"Arterial Highway,Local Road",Divided,"Div,Undiv",Metro
3403554,T20130020047,ABS to receive accident,Finished,29/9/2013,13.30.00,No,Struck Pedestrian,Sunday,ANY MANOEUVRE INVOLVING PED NOT INCLUDED IN DCAs 100-108.,No,Day,Yes,T intersection,Other injury accident,50 km/hr,No,264434,144.75934,-37.88045,Intersection,HOBSONS BAY,METROPOLITAN NORTH WEST REGION,2478828.906,2402267.081,2,1,0,0,1,1,1,1,0,0,1,1,0,0,0,0,0,0,0,0,No,0,2,0,2,0,0,MELB_URBAN,MELB_URBAN,HOBSONS BAY,METROPOLITAN NORTH WEST REGION,,,Local Road,Local Road,Undivided,Undiv,Metro
3403555,T20130020048,ABS to receive accident,Finished,29/9/2013,14.52.00,No,Collision with vehicle,Sunday,RIGHT REAR.,No,Day,Yes,T intersection,Other injury accident,60 km/hr,No,37827,144.98068,-37.75736,Intersection,DAREBIN,METROPOLITAN NORTH WEST REGION,2498297.838,2415954.745,4,1,0,0,1,3,4,0,0,2,2,0,0,0,0,0,0,0,0,0,No,0,2,0,2,0,0,MELB_URBAN,MELB_URBAN,DAREBIN,METROPOLITAN NORTH WEST REGION,,,Arterial Other,"Arterial Other,Local Road",Undivided,Undiv,Metro
3403556,T20130020049,ABS to receive accident,Finished,29/9/2013,14.55.00,No,Collision with a fixed object,Sunday,OTHER ACCIDENTS-OFF STRAIGHT NOT INCLUDED IN DCAs 170-175,No,Day,No,Not at intersection,Serious injury accident,40 km/hr,No,271066,144.89905,-37.67491,Non-Intersection,HUME,METROPOLITAN NORTH WEST REGION,2491094.721,2425100.782,1,1,0,1,0,0,0,1,0,0,0,0,0,1,0,0,0,0,0,0,No,0,1,0,0,1,0,MELB_URBAN,MELB_URBAN,HUME,METROPOLITAN NORTH WEST REGION,,,Local Road,Local Road,Undivided,Undiv,Metro
3403557,T20130020054,ABS to receive accident,Finished,29/9/2013,16.23.00,Yes,Collision with vehicle,Sunday,REAR END(VEHICLES IN SAME LANE),No,Day,Yes,Not at intersection,Other injury accident,60 km/hr,No,264435,145.2681,-38.03108,Non-Intersection,CASEY,METROPOLITAN SOUTH EAST REGION,2523538.529,2385541.198,2,1,0,0,1,1,1,1,0,0,2,0,0,0,0,0,0,0,0,0,No,0,2,0,2,0,0,MELB_URBAN,MELB_URBAN,CASEY,METROPOLITAN SOUTH EAST REGION,,,Arterial Other,Arterial Other,Divided,Div,Metro
3403558,T20130020055,ABS to receive accident,Finished,29/9/2013,16.00.00,Yes,Collision with vehicle,Sunday,CROSS TRAFFIC(INTERSECTIONS ONLY),No,Day,Yes,Cross intersection,Other injury accident,80 km/hr,No,35597,145.34772,-37.95405,Intersection,YARRA RANGES,METROPOLITAN SOUTH EAST REGION,2530559.402,2394068.362,4,1,0,0,1,3,1,3,0,2,2,0,0,0,0,0,0,0,0,1,No,0,2,0,2,0,0,RURAL_VICTORIA,RURAL_VICTORIA,YARRA RANGES,METROPOLITAN SOUTH EAST REGION,C,C,Arterial Other,Arterial Other,Undivided,Undiv,Metro
3403559,T20130020056,ABS to receive accident,Finished,29/9/2013,17.00.00,No,Collision with vehicle,,RIGHT NEAR (INTERSECTIONS ONLY),No,Day,Yes,Multiple intersection,Other injury accident,60 km/hr,No,12521,144.82144,-37.76146,Intersection,BRIMBANK,METROPOLITAN NORTH WEST REGION,2484266.725,2415484.856,3,2,0,0,2,1,2,1,0,1,2,0,0,0,0,0,0,0,0,0,No,0,2,0,2,0,0,MELB_URBAN,MELB_URBAN,BRIMBANK,METROPOLITAN NORTH WEST REGION,M,M,Freeway,"Freeway,Arterial Other",Divided,"Div,Undiv",Metro
3403560,T20130020057,ABS to receive accident,Finished,29/9/2013,17.10.00,Yes,Collision with vehicle,Sunday,RIGHT NEAR (INTERSECTIONS ONLY),No,Day,Yes,Cross intersection,Serious injury accident,80 km/hr,No,29701,145.11169,-37.97228,Intersection,KINGSTON,METROPOLITAN SOUTH EAST REGION,2509813.224,2392095.253,10,3,0,2,1,7,6,4,0,6,4,0,0,0,0,0,0,0,0,1,No,0,4,0,4,0,0,MELB_URBAN,MELB_URBAN,KINGSTON,METROPOLITAN SOUTH EAST REGION,,,Arterial Other,Arterial Other,Divided,"Div,Undiv",Metro
3403561,T20130020059,ABS to receive accident,Finished,29/9/2013,18.00.00,Yes,No collision and no object struck,Sunday,OUT OF CONTROL ON CARRIAGEWAY (ON STRAIGHT),No,Dusk/Dawn,Yes,T intersection,Serious injury accident,50 km/hr,No,263787,145.14029,-37.77358,Intersection,MANNINGHAM,METROPOLITAN SOUTH EAST REGION,2512358.738,2414145.222,1,1,0,1,0,0,1,0,0,0,0,0,0,1,0,0,0,0,0,0,No,0,1,0,0,1,0,MELB_URBAN,MELB_URBAN,MANNINGHAM,METROPOLITAN SOUTH EAST REGION,,,Local Road,Local Road,Undivided,Undiv,Metro
3403562,T20130020060,ABS to receive accident,Finished,29/9/2013,19.50.00,Yes,Vehicle overturned (no collision),Sunday,OFF CARRIAGEWAY TO RIGHT,No,Day,No,Not at intersection,Other injury accident,100 km/hr,Yes,264436,143.53777,-37.25998,Non-Intersection,PYRENEES,WESTERN REGION,2370312.133,2470155.575,3,3,0,0,3,0,3,0,0,2,1,0,0,0,0,0,0,0,0,0,No,0,1,0,1,0,0,RURAL_VICTORIA,RURAL_VICTORIA,PYRENEES,WESTERN REGION,,,Local Road,Local Road,Undivided,Undiv,Country
3403563,T20130020061,ABS to receive accident,Finished,20/7/2013,13.00.00,No,No collision and no object struck,Saturday,OFF CARRIAGEWAY TO RIGHT,No,Day,No,Not at intersection,Other injury accident,80 km/hr,Yes,263919,144.03315,-37.64152,Non-Intersection,MOORABOOL,WESTERN REGION,2414676.679,2428377.803,2,2,0,0,2,0,1,1,0,1,1,0,0,0,0,0,0,0,0,0,No,0,1,0,1,0,0,RURAL_VICTORIA,RURAL_VICTORIA,MOORABOOL,WESTERN REGION,,,Local Road,Local Road,Undivided,Undiv,Country
3403564,T20130018776,ABS to receive accident,Finished,11/9/2013,17.15.00,No,Struck Pedestrian,Wednesday,ANY MANOEUVRE INVOLVING PED NOT INCLUDED IN DCAs 100-108.,Yes,Dusk/Dawn,No,T intersection,Other injury accident,70 km/hr,No,39819,145.31348,-37.78773,Intersection,YARRA RANGES,METROPOLITAN SOUTH EAST REGION,2527611.334,2412539.302,3,1,0,0,1,2,2,0,0,1,1,1,0,0,0,0,0,0,0,0,No,0,1,0,1,0,0,MELB_URBAN,MELB_URBAN,YARRA RANGES,METROPOLITAN SOUTH EAST REGION,,,Arterial Other,"Arterial Other,Local Road",Undivided,Undiv,Metro
3403565,T20130018780,ABS to receive accident,Finished,11/9/2013,22.50.00,Yes,Collision with a fixed object,Wednesday,RIGHT OFF CARRIAGEWAY INTO OBJECT/PARKED VEHICLE,No,Dark Street lights on,Yes,Not at intersection,Fatal accident,60 km/hr,Yes,263317,144.76969,-37.86293,Non-Intersection,HOBSONS BAY,METROPOLITAN NORTH WEST REGION,2479734.513,2404213.489,1,1,1,0,0,0,1,0,0,0,1,0,0,0,0,0,0,0,0,0,No,0,1,0,1,0,0,MELB_URBAN,MELB_URBAN,HOBSONS BAY,METROPOLITAN NORTH WEST REGION,,,Local Road,Local Road,Divided,Div,Metro
3403566,T20130018782,ABS to receive accident,Finished,12/9/2013,01.45.00,Yes,Collision with vehicle,Thursday,RIGHT FAR (INTERSECTIONS ONLY),Yes,Dark Street lights on,Yes,Cross intersection,Serious injury accident,50 km/hr,No,15137,143.85774,-37.56211,Intersection,BALLARAT,WESTERN REGION,2399091.519,2437018.813,2,2,0,2,0,0,1,1,0,0,2,0,0,0,0,0,0,0,0,2,Yes,0,2,0,2,0,0,LARGE_PROVINCIAL_CITIES,LARGE_PROVINCIAL_CITIES,BALLARAT,WESTERN REGION,,,Local Road,Local Road,Divided,"Div,Undiv",Country
3403567,T20130018784,ABS to receive accident,Finished,10/9/2013,13.45.00,No,No collision and no object struck,Tuesday,OUT OF CONTROL ON CARRIAGEWAY (ON STRAIGHT),No,Day,Yes,T intersection,Serious injury accident,50 km/hr,No,158,145.04916,-38.2381,Intersection,MORNINGTON PENINSULA,METROPOLITAN SOUTH EAST REGION,2504304.616,2362592.921,1,1,0,1,0,0,0,1,0,0,0,0,0,0,1,0,0,0,0,0,No,0,1,0,0,0,0,MELB_URBAN,MELB_URBAN,MORNINGTON PENINSULA,METROPOLITAN SOUTH EAST REGION,,,Local Road,Local Road,Undivided,Undiv,Metro
3403568,T20130018785,ABS to receive accident,Finished,11/9/2013,08.10.00,No,Collision with vehicle,Wednesday,REAR END(VEHICLES IN SAME LANE),No,Day,No,T intersection,Other injury accident,60 km/hr,No,263462,144.75193,-36.14052,Intersection,CAMPASPE,NORTHERN REGION,2477673.748,2595336.188,2,2,0,0,2,0,1,1,0,0,2,0,0,0,0,0,0,0,0,2,No,0,2,0,2,0,0,SMALL_CITIES,SMALL_CITIES,CAMPASPE,NORTHERN REGION,,,,,,,Country
3403569,T20130018788,ABS to receive accident,Finished,11/9/2013,19.00.00,Yes,Struck Pedestrian,Wednesday,PED WALKING AGAINST TRAFFIC.,Yes,Dark No street lights,Yes,Not at intersection,Other injury accident,Not known,No,264938,145.43234,-36.4514,Non-Intersection,SHEPPARTON,NORTH EASTERN REGION,2538753.776,2560783.118,3,1,0,0,1,2,3,0,0,1,1,1,0,0,0,0,0,0,0,0,No,0,1,0,1,0,0,RURAL_VICTORIA,RURAL_VICTORIA,SHEPPARTON,NORTH EASTERN REGION,,,Local Road,Local Road,Undivided,Undiv,Country
3403570,T20130018790,ABS to receive accident,Finished,11/9/2013,19.10.00,Yes,Collision with a fixed object,Wednesday,OFF RIGHT BEND INTO OBJECT/PARKED VEHICLE,No,Dark Street lights on,Yes,Not at intersection,Serious injury accident,50 km/hr,Yes,263745,145.0674,-37.68829,Non-Intersection,BANYULE,METROPOLITAN NORTH WEST REGION,2505944.333,2423618.654,1,1,0,1,0,0,0,1,0,0,1,0,0,0,0,0,0,0,0,0,No,0,1,0,1,0,0,MELB_URBAN,MELB_URBAN,BANYULE,METROPOLITAN NORTH WEST REGION,,,Local Road,Local Road,Undivided,Undiv,Metro
3403571,T20130018793,ABS to receive accident,Finished,11/9/2013,18.18.00,Yes,Collision with vehicle,Wednesday,LEFT NEAR (INTERSECTIONS ONLY),No,Dark Street lights on,Yes,Cross intersection,Other injury accident,40 km/hr,No,63669,144.94892,-37.75915,Intersection,MORELAND,METROPOLITAN NORTH WEST REGION,2495499.586,2415754.958,3,2,0,0,2,1,1,2,0,1,2,0,0,0,0,0,0,0,1,0,No,0,2,0,2,0,0,MELB_URBAN,MELB_URBAN,MORELAND,METROPOLITAN NORTH WEST REGION,,,Local Road,Local Road,Undivided,Undiv,Metro
3403572,T20130018797,ABS to receive accident,Finished,12/9/2013,08.32.00,No,Collision with a fixed object,Thursday,LEFT OFF CARRIAGEWAY INTO OBJECT/PARKED VEHICLE,No,Day,Yes,T intersection,Other injury accident,60 km/hr,Yes,39328,145.12257,-37.82479,Intersection,WHITEHORSE,METROPOLITAN SOUTH EAST REGION,2510790.273,2408464.552,1,1,0,0,1,0,0,1,0,0,1,0,0,0,0,0,0,0,0,0,No,0,1,0,1,0,0,MELB_URBAN,MELB_URBAN,WHITEHORSE,METROPOLITAN SOUTH EAST REGION,,,Arterial Other,"Arterial Other,Local Road",Undivided,Undiv,Metro
3403573,T20130018800,ABS to receive accident,Finished,9/9/2013,10.00.00,No,Collision with vehicle,Monday,LEFT NEAR (INTERSECTIONS ONLY),No,Day,No,Cross intersection,Other injury accident,50 km/hr,No,37539,144.95818,-37.83998,Intersection,PORT PHILLIP,METROPOLITAN NORTH WEST REGION,2496319.037,2406784.142,2,1,0,0,1,1,1,1,1,0,1,0,0,0,0,0,0,0,0,0,No,0,2,0,1,0,0,MELB_URBAN,MELB_URBAN,PORT PHILLIP,METROPOLITAN NORTH WEST REGION,,,Arterial Other,"Arterial Other,Local Road",Divided,"Div,Undiv",Metro
3403574,T20130018801,ABS to receive accident,Finished,12/9/2013,08.00.00,No,Collision with vehicle,Thursday,LANE SIDE SWIPE (VEHICLES IN PARALLEL LANES),No,Day,No,Cross intersection,Other injury accident,50 km/hr,No,40051,144.96227,-37.85288,Intersection,PORT PHILLIP,METROPOLITAN NORTH WEST REGION,2496679.715,2405352.526,2,2,0,0,2,0,1,1,1,0,1,0,0,0,0,0,1,0,0,0,No,0,2,0,1,0,0,MELB_URBAN,MELB_URBAN,PORT PHILLIP,METROPOLITAN NORTH WEST REGION,,,Local Road,Local Road,Undivided,Undiv,Metro
3403575,T20130018802,ABS to receive accident,Finished,12/9/2013,11.00.00,No,Struck Pedestrian,Thursday,PED PLAYING/LYING/WORKING/STANDING ON CARRIAGEWAY.,No,Day,Yes,T intersection,Serious injury accident,40 km/hr,No,65633,145.04056,-37.80799,Intersection,BOROONDARA,METROPOLITAN SOUTH EAST REGION,2503571.174,2410334.888,1,1,0,1,0,0,1,0,0,0,0,1,0,0,0,0,0,0,0,0,No,0,2,0,1,0,0,MELB_URBAN,MELB_URBAN,BOROONDARA,METROPOLITAN SOUTH EAST REGION,,,Arterial Other,"Arterial Other,Local Road",Undivided,Undiv,Metro
3403576,T20130018805,ABS to receive accident,Finished,12/9/2013,07.15.00,No,Collision with a fixed object,Thursday,OFF RIGHT BEND INTO OBJECT/PARKED VEHICLE,No,Day,Yes,Not at intersection,Serious injury accident,100 km/hr,Yes,263442,145.96945,-36.1244,Non-Intersection,MOIRA,NORTH EASTERN REGION,2587267.137,2596709.555,1,1,0,1,0,0,1,0,0,0,1,0,0,0,0,0,0,0,0,1,No,0,1,0,1,0,0,RURAL_VICTORIA,RURAL_VICTORIA,MOIRA,NORTH EASTERN REGION,C,C,Arterial Other,Arterial Other,Undivided,Undiv,Country
3403577,T20130019190,ABS to receive accident,Finished,14/9/2013,09.00.00,No,Struck Pedestrian,Saturday,ANY MANOEUVRE INVOLVING PED NOT INCLUDED IN DCAs 100-108.,No,Day,Yes,T intersection,Other injury accident,50 km/hr,No,71924,145.12335,-38.14354,Intersection,FRANKSTON,METROPOLITAN SOUTH EAST REGION,2510813.669,2373084.349,2,1,0,0,1,1,2,0,0,0,1,1,0,0,0,0,0,0,0,0,No,0,1,0,1,0,0,MELB_URBAN,MELB_URBAN,FRANKSTON,METROPOLITAN SOUTH EAST REGION,,,Local Road,Local Road,Undivided,Undiv,Metro
3403578,T20130019192,ABS to receive accident,Finished,18/9/2013,01.38.00,Yes,Collision with a fixed object,Wednesday,LEFT OFF CARRIAGEWAY INTO OBJECT/PARKED VEHICLE,No,Dark Street lights on,Yes,Not at intersection,Serious injury accident,60 km/hr,Yes,263952,145.19153,-37.80696,Non-Intersection,WHITEHORSE,METROPOLITAN SOUTH EAST REGION,2516865.807,2410433.2,1,1,0,1,0,0,1,0,0,0,1,0,0,0,0,0,0,0,0,0,No,0,1,0,1,0,0,MELB_URBAN,MELB_URBAN,WHITEHORSE,METROPOLITAN SOUTH EAST REGION,,,Arterial Other,Arterial Other,Divided,Div,Metro
3403579,T20130019195,ABS to receive accident,Finished,18/9/2013,05.35.00,Yes,Collision with vehicle,Tuesday,REAR END(VEHICLES IN SAME LANE),No,Day,Yes,Cross intersection,Other injury accident,80 km/hr,No,878,145.25756,-38.00431,Intersection,CASEY,METROPOLITAN SOUTH EAST REGION,2522620.478,2388515.684,5,1,0,0,1,4,5,0,0,0,5,0,0,0,0,0,0,0,0,0,No,0,5,0,5,0,0,MELB_URBAN,MELB_URBAN,CASEY,METROPOLITAN SOUTH EAST REGION,,,Arterial Highway,"Arterial Highway,Local Road",Divided,"Div,Undiv",Metro
3403580,T20130019196,ABS to receive accident,Finished,15/8/2013,12.20.00,No,Vehicle overturned (no collision),Thursday,OUT OF CONTROL ON CARRIAGEWAY (ON STRAIGHT),No,Day,Yes,Multiple intersection,Serious injury accident,60 km/hr,No,10947,145.09009,-37.88343,Intersection,MONASH,METROPOLITAN SOUTH EAST REGION,2507925.484,2401959.22,2,1,0,1,0,1,1,1,0,0,0,0,0,1,1,0,0,0,0,0,No,0,2,0,0,1,0,MELB_URBAN,MELB_URBAN,"STONNINGTON,MONASH",METROPOLITAN SOUTH EAST REGION,M,M,Freeway,"Freeway,Arterial Highway",Divided,"Div,Undiv",Metro
3403581,T20130019199,ABS to receive accident,Finished,18/9/2013,09.00.00,No,Collision with vehicle,Wednesday,RIGHT FAR (INTERSECTIONS ONLY),No,Day,Yes,T intersection,Other injury accident,60 km/hr,No,29625,145.18169,-37.8635,Intersection,WHITEHORSE,METROPOLITAN SOUTH EAST REGION,2515987.352,2404159.389,3,1,0,0,1,2,1,2,0,1,2,0,0,0,0,0,0,0,0,0,No,0,2,0,2,0,0,MELB_URBAN,MELB_URBAN,"WHITEHORSE,MONASH",METROPOLITAN SOUTH EAST REGION,,,Local Road,Local Road,Undivided,Undiv,Metro