OBJECTID,ACCIDENT_NO,ABS_CODE,ACCIDENT_STATUS,ACCIDENT_DATE,ACCIDENT_TIME,ALCOHOLTIME,ACCIDENT_TYPE,DAY_OF_WEEK,DCA_CODE,HIT_RUN_FLAG,LIGHT_CONDITION,POLICE_ATTEND,ROAD_GEOMETRY,SEVERITY,SPEED_ZONE,RUN_OFFROAD,NODE_ID,LONGITUDE,LATITUDE,NODE_TYPE,LGA_NAME,REGION_NAME,VICGRID_X,VICGRID_Y,TOTAL_PERSONS,INJ_OR_FATAL,FATALITY,SERIOUSINJURY,OTHERINJURY,NONINJURED,MALES,FEMALES,BICYCLIST,PASSENGER,DRIVER,PEDESTRIAN,PILLION,MOTORIST,UNKNOWN,PED_CYCLIST_5_12,PED_CYCLIST_13_18,OLD_PEDESTRIAN,OLD_DRIVER,YOUNG_DRIVER,ALCOHOL_RELATED,UNLICENCSED,NO_OF_VEHICLES,HEAVYVEHICLE,PASSENGERVEHICLE,MOTORCYCLE,PUBLICVEHICLE,DEG_URBAN_NAME,DEG_URBAN_ALL,LGA_NAME_ALL,REGION_NAME_ALL,SRNS,SRNS_ALL,RMA,RMA_ALL,DIVIDED,DIVIDED_ALL,STAT_DIV_NAME
3403582,T20130019200,ABS to receive accident,Finished,18/9/2013,09.20.00,No,Collision with vehicle,Wednesday,CROSS TRAFFIC(INTERSECTIONS ONLY),No,Day,Yes,Cross intersection,Other injury accident,60 km/hr,No,44791,142.20226,-36.71176,Intersection,HORSHAM,WESTERN REGION,2250102.636,2528309.967,2,1,0,0,1,1,1,1,0,0,2,0,0,0,0,0,0,0,0,0,No,0,2,0,2,0,0,SMALL_CITIES,SMALL_CITIES,HORSHAM,WESTERN REGION,A,"A,C",Arterial Highway,"Arterial Highway,Local Road,Arterial Other",Divided,"Div,Undiv",Country
3403583,T20130019201,ABS to receive accident,Finished,18/9/2013,09.40.00,No,Struck Pedestrian,Wednesday,ANY MANOEUVRE INVOLVING PED NOT INCLUDED IN DCAs 100-108.,No,Day,No,Not at intersection,Other injury accident,50 km/hr,No,263583,144.88569,-38.36636,Non-Intersection,MORNINGTON PENINSULA,METROPOLITAN SOUTH EAST REGION,2490008.704,2348349.651,2,1,0,0,1,1,1,1,0,0,1,1,0,0,0,0,0,0,0,0,No,0,1,0,0,0,0,MELB_URBAN,MELB_URBAN,MORNINGTON PENINSULA,METROPOLITAN SOUTH EAST REGION,,,Local Road,Local Road,Undivided,Undiv,Metro
3403584,T20130019202,ABS to receive accident,Finished,18/9/2013,10.12.00,No,Collision with vehicle,Wednesday,RIGHT NEAR (INTERSECTIONS ONLY),No,Day,Yes,T intersection,Other injury accident,60 km/hr,No,42426,145.12845,-37.92972,Intersection,KINGSTON,METROPOLITAN SOUTH EAST REGION,2511292.567,2396817.633,4,3,0,0,3,1,3,1,0,2,2,0,0,0,0,0,0,0,0,0,No,0,2,0,2,0,0,MELB_URBAN,MELB_URBAN,"MONASH,KINGSTON",METROPOLITAN SOUTH EAST REGION,,,Arterial Other,"Arterial Other,Local Road",Undivided,Undiv,Metro
3403585,T20130019203,ABS to receive accident,Finished,18/9/2013,09.00.00,No,Collision with vehicle,Wednesday,RIGHT NEAR (INTERSECTIONS ONLY),No,Day,Yes,T intersection,Other injury accident,80 km/hr,No,63374,145.3716,-37.75064,Intersection,YARRA RANGES,METROPOLITAN SOUTH EAST REGION,2532746.849,2416637.271,2,1,0,0,1,1,0,2,0,0,2,0,0,0,0,0,0,0,0,0,No,0,2,0,2,0,0,MELB_URBAN,MELB_URBAN,YARRA RANGES,METROPOLITAN SOUTH EAST REGION,B,B,Arterial Highway,"Arterial Highway,Local Road",Divided,"Div,Undiv",Metro
3403586,T20130019204,ABS to receive accident,Finished,18/9/2013,07.40.00,No,Collision with a fixed object,Wednesday,PARKED CAR RUN AWAY,No,Day,Yes,Not at intersection,Other injury accident,50 km/hr,No,263616,145.03781,-37.69281,Non-Intersection,WHITTLESEA,METROPOLITAN NORTH WEST REGION,2503334.311,2423118.241,1,1,0,0,1,0,0,1,0,0,1,0,0,0,0,0,0,0,0,0,No,0,1,0,1,0,0,MELB_URBAN,MELB_URBAN,WHITTLESEA,METROPOLITAN NORTH WEST REGION,,,Local Road,Local Road,Undivided,Undiv,Metro
3403587,T20130019205,ABS to receive accident,Finished,18/8/2013,11.25.00,No,Collision with vehicle,Sunday,REAR END(VEHICLES IN SAME LANE),No,Day,No,T intersection,Other injury accident,70 km/hr,No,234884,145.04978,-37.88091,Intersection,STONNINGTON,METROPOLITAN SOUTH EAST REGION,2504379.062,2402240.9,7,4,0,0,4,3,2,4,0,5,2,0,0,0,0,0,0,0,0,0,No,0,2,0,2,0,0,MELB_URBAN,MELB_URBAN,STONNINGTON,METROPOLITAN SOUTH EAST REGION,,,Arterial Highway,"Arterial Highway,Arterial Other",Divided,"Div,Undiv",Metro
3403588,T20130019206,ABS to receive accident,Finished,18/9/2013,09.15.00,No,Collision with vehicle,Wednesday,HEAD ON (NOT OVERTAKING),No,Day,Yes,Not at intersection,Serious injury accident,100 km/hr,No,264055,144.53561,-37.4765,Non-Intersection,MACEDON RANGES,NORTHERN REGION,2458928.133,2447023.864,3,3,0,2,1,0,1,2,0,1,2,0,0,0,0,0,0,0,0,1,No,0,2,0,2,0,0,RURAL_VICTORIA,RURAL_VICTORIA,MACEDON RANGES,NORTHERN REGION,C,C,Arterial Other,Arterial Other,Undivided,Undiv,Country
3403589,T20130019208,ABS to receive accident,Finished,16/9/2013,21.01.00,Yes,Collision with vehicle,Monday,LEFT REAR,No,Dark Street lights on,Yes,T intersection,Other injury accident,60 km/hr,No,37458,144.94697,-37.847,Intersection,PORT PHILLIP,METROPOLITAN NORTH WEST REGION,2495332.798,2406005.117,3,1,0,0,1,2,2,1,0,1,2,0,0,0,0,0,0,0,0,1,No,0,2,0,1,0,0,MELB_URBAN,MELB_URBAN,PORT PHILLIP,METROPOLITAN NORTH WEST REGION,,,Arterial Other,"Arterial Other,Local Road",Divided,"Div,Undiv",Metro
3403590,T20130019604,ABS to receive accident,Finished,21/9/2013,14.40.00,Yes,Collision with vehicle,Saturday,CROSS TRAFFIC(INTERSECTIONS ONLY),No,Day,No,Cross intersection,Other injury accident,70 km/hr,No,223827,144.3187,-38.19689,Intersection,GEELONG,SOUTH WESTERN REGION,2440316.537,2366955.405,2,1,0,0,1,1,1,1,0,0,2,0,0,0,0,0,0,0,0,0,No,0,2,0,2,0,0,LARGE_PROVINCIAL_CITIES,LARGE_PROVINCIAL_CITIES,GEELONG,SOUTH WESTERN REGION,A,"A,C",Arterial Highway,"Arterial Highway,Arterial Other",Divided,"Div,Undiv",Country
3403591,T20130019605,ABS to receive accident,Finished,23/9/2013,12.50.00,No,Collision with vehicle,Monday,HEAD ON (NOT OVERTAKING),No,Day,Yes,Not at intersection,Serious injury accident,60 km/hr,No,263761,145.159,-37.80447,Non-Intersection,WHITEHORSE,METROPOLITAN SOUTH EAST REGION,2514001.452,2410714.702,4,2,0,1,1,2,1,3,0,2,2,0,0,0,0,0,0,0,0,0,No,0,2,0,2,0,0,MELB_URBAN,MELB_URBAN,WHITEHORSE,METROPOLITAN SOUTH EAST REGION,,,Arterial Other,Arterial Other,Undivided,Undiv,Metro
3403592,T20130019606,ABS to receive accident,Finished,23/9/2013,17.15.00,No,Collision with vehicle,Monday,REAR END(VEHICLES IN SAME LANE),No,Day,No,T intersection,Other injury accident,Not known,No,263654,144.79781,-37.70108,Intersection,BRIMBANK,METROPOLITAN NORTH WEST REGION,2482170.943,2422182.26,4,2,0,0,2,2,3,1,0,2,2,0,0,0,0,0,0,0,0,0,No,0,2,0,2,0,0,MELB_URBAN,MELB_URBAN,BRIMBANK,METROPOLITAN NORTH WEST REGION,C,C,Arterial Other,Arterial Other,Divided,"Div,Undiv",Metro
3403593,T20130019609,ABS to receive accident,Finished,22/9/2013,15.50.00,No,Collision with vehicle,Sunday,REAR END(VEHICLES IN SAME LANE),No,Day,No,Cross intersection,Serious injury accident,80 km/hr,No,30032,143.89183,-37.55808,Intersection,BALLARAT,WESTERN REGION,2402097.856,2437501.665,2,1,0,1,0,1,1,1,0,0,2,0,0,0,0,0,0,0,0,1,No,0,2,0,2,0,0,LARGE_PROVINCIAL_CITIES,LARGE_PROVINCIAL_CITIES,BALLARAT,WESTERN REGION,C,C,Arterial Other,"Arterial Other,Local Road",Divided,"Div,Undiv",Country
3403594,T20130019614,ABS to receive accident,Finished,20/9/2013,20.00.00,Yes,Collision with vehicle,Friday,REAR END(VEHICLES IN SAME LANE),No,Dark Street lights on,No,Not at intersection,Other injury accident,80 km/hr,No,264249,145.07019,-37.67486,Non-Intersection,WHITTLESEA,METROPOLITAN NORTH WEST REGION,2506191.34,2425108.748,2,1,0,0,1,1,0,2,0,0,2,0,0,0,0,0,0,0,0,1,No,0,2,0,2,0,0,MELB_URBAN,MELB_URBAN,WHITTLESEA,METROPOLITAN NORTH WEST REGION,C,C,Arterial Other,Arterial Other,Divided,Div,Metro
3403595,T20130019618,ABS to receive accident,Finished,23/9/2013,18.25.00,Yes,Collision with vehicle,Monday,U TURN,No,Dark Street lights on,Yes,T intersection,Other injury accident,50 km/hr,No,40022,144.90235,-37.86075,Intersection,HOBSONS BAY,METROPOLITAN NORTH WEST REGION,2491406.917,2404475.977,4,1,0,0,1,3,2,2,0,2,2,0,0,0,0,0,0,0,0,1,No,0,2,0,2,0,0,MELB_URBAN,MELB_URBAN,HOBSONS BAY,METROPOLITAN NORTH WEST REGION,,,Local Road,Local Road,Undivided,Undiv,Metro
3403596,T20130019620,ABS to receive accident,Finished,23/9/2013,20.30.00,Yes,Struck Pedestrian,Monday,PED WALKING WITH TRAFFIC,No,Dark Street lights on,Yes,T intersection,Serious injury accident,50 km/hr,No,1110,144.83086,-38.37106,Intersection,MORNINGTON PENINSULA,METROPOLITAN SOUTH EAST REGION,2485217.146,2347820.27,2,1,0,1,0,1,2,0,0,0,1,1,0,0,0,0,0,0,0,0,No,0,1,0,1,0,0,MELB_URBAN,MELB_URBAN,MORNINGTON PENINSULA,METROPOLITAN SOUTH EAST REGION,B,B,Arterial Highway,"Arterial Highway,Local Road",Undivided,Undiv,Metro
3403597,T20130019623,ABS to receive accident,Finished,17/9/2013,04.30.00,Yes,Collision with a fixed object,Tuesday,LEFT OFF CARRIAGEWAY INTO OBJECT/PARKED VEHICLE,No,Dark Street lights on,No,Not at intersection,Other injury accident,50 km/hr,Yes,264326,146.68867,-36.36095,Non-Intersection,INDIGO,NORTH EASTERN REGION,2651538.318,2569563.093,1,1,0,0,1,0,0,1,0,0,1,0,0,0,0,0,0,0,0,0,No,0,1,0,1,0,0,TOWNS,TOWNS,INDIGO,NORTH EASTERN REGION,C,C,Arterial Other,Arterial Other,Undivided,Undiv,Country
3403598,T20130019626,ABS to receive accident,Finished,23/9/2013,21.00.00,Yes,Collision with vehicle,Monday,U TURN,No,Dark Street lights on,Yes,T intersection,Other injury accident,60 km/hr,No,32439,145.08722,-37.87762,Intersection,STONNINGTON,METROPOLITAN SOUTH EAST REGION,2507673.213,2402604.066,2,1,0,0,1,1,2,0,0,0,2,0,0,0,0,0,0,0,0,1,No,0,2,0,2,0,0,MELB_URBAN,MELB_URBAN,STONNINGTON,METROPOLITAN SOUTH EAST REGION,,,Arterial Other,"Arterial Other,Local Road",Divided,"Div,Undiv",Metro
3403599,T20130019627,ABS to receive accident,Finished,23/9/2013,23.40.00,Yes,Collision with vehicle,Monday,VEHICLE COLLIDES WITH VEHICLE PARKED ON LEFT OF ROAD,No,Dark Street lights on,Yes,T intersection,Other injury accident,60 km/hr,No,43177,145.0922,-38.01453,Intersection,KINGSTON,METROPOLITAN SOUTH EAST REGION,2508096.685,2387407.577,1,1,0,0,1,0,1,0,0,0,1,0,0,0,0,0,0,0,0,1,No,0,4,0,4,0,0,MELB_URBAN,MELB_URBAN,KINGSTON,METROPOLITAN SOUTH EAST REGION,,,Arterial Highway,"Arterial Highway,Local Road",Undivided,Undiv,Metro
3403600,T20130019640,ABS to receive accident,Finished,24/9/2013,07.30.00,No,Collision with vehicle,Tuesday,CROSS TRAFFIC(INTERSECTIONS ONLY),No,Day,Yes,Cross intersection,Other injury accident,40 km/hr,No,36924,144.96361,-37.81523,Intersection,MELBOURNE,METROPOLITAN NORTH WEST REGION,2496796.06,2409531.829,2,1,0,0,1,1,2,0,0,0,1,0,0,1,0,0,0,0,0,0,No,0,2,0,1,1,0,MELBOURNE_CBD,MELBOURNE_CBD,MELBOURNE,METROPOLITAN NORTH WEST REGION,,,Local Road,Local Road,Undivided,Undiv,Metro
3403601,T20130019641,ABS to receive accident,Finished,23/9/2013,14.45.00,No,Collision with vehicle,Monday,REAR END(VEHICLES IN SAME LANE),No,Day,No,Cross intersection,Other injury accident,Not known,No,29460,144.9652,-37.83061,Intersection,MELBOURNE,METROPOLITAN NORTH WEST REGION,2496936.838,2407824.2,2,1,0,0,1,1,1,1,0,0,2,0,0,0,0,0,0,0,0,0,No,0,2,0,2,0,0,MELB_URBAN,MELB_URBAN,MELBOURNE,METROPOLITAN NORTH WEST REGION,,,Arterial Highway,"Arterial Highway,Local Road",Divided,"Div,Undiv",Metro
3403602,T20130019643,ABS to receive accident,Finished,24/9/2013,08.35.00,No,Collision with vehicle,Tuesday,RIGHT THROUGH,No,Day,Yes,Cross intersection,Serious injury accident,60 km/hr,No,57862,146.89359,-36.11025,Non-Intersection,WODONGA,NORTH EASTERN REGION,2670478.491,2597028.438,2,1,0,1,0,1,1,1,0,0,2,0,0,0,0,0,0,0,1,0,No,0,2,0,2,0,0,SMALL_CITIES,SMALL_CITIES,WODONGA,NORTH EASTERN REGION,,,,,,,Country
3403603,T20130020063,ABS to receive accident,Finished,29/9/2013,19.00.00,Yes,Collision with vehicle,Sunday,RIGHT THROUGH,No,Dark Street lights on,Yes,T intersection,Other injury accident,60 km/hr,No,19538,144.94956,-37.31044,Intersection,MITCHELL,NORTHERN REGION,2495529.27,2465551.219,2,1,0,0,1,1,0,2,0,0,2,0,0,0,0,0,0,0,0,1,No,0,2,0,2,0,0,TOWNS,TOWNS,MITCHELL,NORTHERN REGION,B,B,Arterial Highway,"Arterial Highway,Local Road",Undivided,Undiv,Country
3403604,T20130020064,ABS to receive accident,Finished,29/9/2013,18.45.00,Yes,Struck animal,Sunday,STRUCK ANIMAL,No,Dark No street lights,Yes,Not at intersection,Serious injury accident,100 km/hr,No,264850,145.02384,-37.47437,Non-Intersection,WHITTLESEA,METROPOLITAN NORTH WEST REGION,2502108.575,2447360.857,1,1,0,1,0,0,1,0,0,0,0,0,0,1,0,0,0,0,0,0,Yes,0,1,0,0,1,0,RURAL_VICTORIA,RURAL_VICTORIA,WHITTLESEA,METROPOLITAN NORTH WEST REGION,,,Local Road,Local Road,Undivided,Undiv,Metro
3403605,T20130020065,ABS to receive accident,Finished,13/7/2013,19.00.00,Yes,Collision with vehicle,Saturday,RIGHT FAR (INTERSECTIONS ONLY),No,Dark Street lights on,No,T intersection,Serious injury accident,60 km/hr,No,44208,145.00788,-37.71431,Non-Intersection,DAREBIN,METROPOLITAN NORTH WEST REGION,2500694.744,2420732.731,3,2,0,1,1,1,1,2,0,1,2,0,0,0,0,0,0,0,0,1,No,0,2,0,2,0,0,MELB_URBAN,MELB_URBAN,DAREBIN,METROPOLITAN NORTH WEST REGION,,,,,,,Metro
3403606,T20130020066,ABS to receive accident,Finished,29/9/2013,14.38.00,No,Collision with vehicle,Sunday,U TURN,No,Day,Yes,Not at intersection,Fatal accident,100 km/hr,No,265567,146.89967,-36.16702,Non-Intersection,WODONGA,NORTH EASTERN REGION,2670900.141,2590719.855,3,2,1,1,0,1,2,1,0,0,1,0,1,1,0,0,0,0,0,0,Yes,0,2,0,1,1,0,RURAL_VICTORIA,RURAL_VICTORIA,WODONGA,NORTH EASTERN REGION,,,Local Road,Local Road,Undivided,Undiv,Country
3403607,T20130020067,ABS to receive accident,Finished,29/9/2013,18.25.00,Yes,Collision with vehicle,Sunday,CROSS TRAFFIC(INTERSECTIONS ONLY),No,Dusk/Dawn,Yes,Cross intersection,Other injury accident,50 km/hr,No,38082,145.02641,-37.75158,Intersection,DAREBIN,METROPOLITAN NORTH WEST REGION,2502327.207,2416596.448,2,1,0,0,1,1,2,0,0,0,2,0,0,0,0,0,0,0,0,0,No,0,2,0,1,0,0,MELB_URBAN,MELB_URBAN,DAREBIN,METROPOLITAN NORTH WEST REGION,,,Local Road,Local Road,Undivided,Undiv,Metro
3403608,T20130020070,ABS to receive accident,Finished,29/9/2013,21.00.00,Yes,No collision and no object struck,Sunday,OUT OF CONTROL ON CARRIAGEWAY (ON STRAIGHT),No,Dark Street lights on,Yes,Cross intersection,Other injury accident,50 km/hr,No,51642,144.2828,-36.76346,Intersection,BENDIGO,NORTHERN REGION,2435973.007,2526005.309,2,1,0,0,1,1,1,0,0,0,1,0,0,1,0,0,0,0,0,0,No,1,2,0,1,1,0,LARGE_PROVINCIAL_CITIES,LARGE_PROVINCIAL_CITIES,BENDIGO,NORTHERN REGION,C,C,Arterial Other,"Arterial Other,Local Road",Undivided,Undiv,Country
3403609,T20130020072,ABS to receive accident,Finished,29/9/2013,02.02.00,Yes,Struck Pedestrian,Sunday,FAR SIDE. PED HIT BY VEHICLE FROM THE LEFT,No,Dark Street lights on,Yes,Cross intersection,Other injury accident,60 km/hr,No,260,144.98884,-37.82463,Intersection,MELBOURNE,METROPOLITAN NORTH WEST REGION,2499017.508,2408488.81,6,1,0,0,1,5,2,4,0,4,1,1,0,0,0,0,0,0,0,0,No,0,1,0,1,0,0,MELB_URBAN,MELB_URBAN,"YARRA,MELBOURNE",METROPOLITAN NORTH WEST REGION,,,,,,,Metro
3403610,T20130020074,ABS to receive accident,Finished,29/9/2013,19.45.00,Yes,Collision with a fixed object,Sunday,OFF RIGHT BEND INTO OBJECT/PARKED VEHICLE,No,Dark No street lights,Yes,Not at intersection,Serious injury accident,100 km/hr,Yes,265204,143.73076,-37.61067,Non-Intersection,GOLDEN PLAINS,SOUTH WESTERN REGION,2387946.858,2431487.511,2,1,0,1,0,1,1,1,0,1,1,0,0,0,0,0,0,0,0,1,No,0,1,0,1,0,0,RURAL_VICTORIA,RURAL_VICTORIA,GOLDEN PLAINS,SOUTH WESTERN REGION,B,B,Arterial Highway,Arterial Highway,Undivided,Undiv,Country
3403611,T20130020076,ABS to receive accident,Finished,29/9/2013,21.40.00,Yes,Vehicle overturned (no collision),Sunday,OFF CARRIAGEWAY TO LEFT,No,Dark No street lights,Yes,T intersection,Other injury accident,100 km/hr,Yes,264437,145.72236,-38.07542,Intersection,CARDINIA,METROPOLITAN SOUTH EAST REGION,2563382.381,2380411.955,1,1,0,0,1,0,0,1,0,0,1,0,0,0,0,0,0,0,0,1,No,0,1,0,1,0,0,RURAL_VICTORIA,RURAL_VICTORIA,CARDINIA,METROPOLITAN SOUTH EAST REGION,M,M,Freeway,"Freeway,Local Road",Divided,"Div,Undiv",Metro
3403612,T20130020081,ABS to receive accident,Finished,29/9/2013,23.00.00,Yes,Collision with a fixed object,Sunday,OFF RIGHT BEND INTO OBJECT/PARKED VEHICLE,No,Dark No street lights,Yes,Not at intersection,Other injury accident,80 km/hr,Yes,264438,145.18306,-38.1253,Non-Intersection,FRANKSTON,METROPOLITAN SOUTH EAST REGION,2516051.691,2375100.578,2,2,0,0,2,0,0,2,0,1,1,0,0,0,0,0,0,0,0,1,No,0,1,0,1,0,0,MELB_URBAN,MELB_URBAN,FRANKSTON,METROPOLITAN SOUTH EAST REGION,,,Local Road,Local Road,Undivided,Undiv,Metro
3403613,T20130020082,ABS to receive accident,Finished,30/9/2013,02.20.00,Yes,Other accident,Monday,UNKNOWN-NO DETAILS ON MANOEUVRES OF ROAD-USERS IN ACCIDENT,Not known,Dark Street lights on,Yes,Not at intersection,Other injury accident,60 km/hr,No,264441,144.91798,-37.68409,Non-Intersection,HUME,METROPOLITAN NORTH WEST REGION,2492765.532,2424083.676,1,1,0,0,1,0,0,1,0,0,1,0,0,0,0,0,0,0,0,1,Yes,0,1,0,1,0,0,MELB_URBAN,MELB_URBAN,HUME,METROPOLITAN NORTH WEST REGION,,,Arterial Other,Arterial Other,Divided,Div,Metro
3403614,T20130020087,ABS to receive accident,Finished,30/9/2013,06.21.00,No,Collision with vehicle,Monday,REAR END(VEHICLES IN SAME LANE),No,Day,Yes,Cross intersection,Serious injury accident,60 km/hr,No,58046,144.73969,-37.75594,Intersection,MELTON,METROPOLITAN NORTH WEST REGION,2477062.265,2416080.677,3,1,0,1,0,2,1,1,0,0,2,0,0,0,1,0,0,0,0,1,No,0,3,0,2,0,0,MELB_URBAN,MELB_URBAN,MELTON,METROPOLITAN NORTH WEST REGION,,,Arterial Other,"Arterial Other,Local Road",Divided,Div,Metro
3403615,T20130020090,ABS to receive accident,Finished,30/9/2013,05.00.00,Yes,Collision with a fixed object,Monday,OFF END OF ROAD/T-INTERSECTION.,No,Dark No street lights,Yes,T intersection,Serious injury accident,100 km/hr,No,264976,145.43183,-36.06905,Intersection,MOIRA,NORTH EASTERN REGION,2538900.786,2603206.789,1,1,0,1,0,0,1,0,0,0,1,0,0,0,0,0,0,0,0,1,No,0,1,0,1,0,0,RURAL_VICTORIA,RURAL_VICTORIA,MOIRA,NORTH EASTERN REGION,A,A,Arterial Highway,"Arterial Highway,Local Road",Undivided,Undiv,Country
3403616,T20130018806,ABS to receive accident,Finished,12/9/2013,10.50.00,No,Struck Pedestrian,Thursday,PED NEAR SIDE. PED HIT BY VEHICLE FROM THE RIGHT.,No,Day,Yes,T intersection,Serious injury accident,40 km/hr,No,45635,144.96075,-37.77521,Intersection,MORELAND,METROPOLITAN NORTH WEST REGION,2496542.495,2413972.702,2,1,0,1,0,1,1,1,0,0,1,1,0,0,0,0,0,1,0,0,No,0,1,0,1,0,0,MELB_URBAN,MELB_URBAN,MORELAND,METROPOLITAN NORTH WEST REGION,,,Arterial Other,"Arterial Other,Local Road",Undivided,Undiv,Metro
3403617,T20130018808,ABS to receive accident,Finished,12/9/2013,08.45.00,No,Collision with vehicle,Thursday,REAR END(VEHICLES IN SAME LANE),No,Day,No,T intersection,Other injury accident,60 km/hr,No,41083,144.97777,-37.88169,Non-Intersection,PORT PHILLIP,METROPOLITAN NORTH WEST REGION,2498044.421,2402155.602,2,1,0,0,1,1,0,2,0,0,2,0,0,0,0,0,0,0,0,1,No,1,2,0,2,0,0,MELB_URBAN,MELB_URBAN,PORT PHILLIP,METROPOLITAN NORTH WEST REGION,,,Arterial Other,Arterial Other,Divided,Div,Metro
3403618,T20130018813,ABS to receive accident,Finished,12/9/2013,11.16.00,No,Collision with vehicle,Thursday,CROSS TRAFFIC(INTERSECTIONS ONLY),No,Day,Yes,Cross intersection,Serious injury accident,60 km/hr,No,53206,143.8445,-37.56027,Intersection,BALLARAT,WESTERN REGION,2397919.698,2437209.098,4,1,0,1,0,3,3,1,0,2,2,0,0,0,0,0,0,0,0,1,No,0,2,0,2,0,0,LARGE_PROVINCIAL_CITIES,LARGE_PROVINCIAL_CITIES,BALLARAT,WESTERN REGION,C,C,Arterial Other,"Arterial Other,Local Road",Divided,"Div,Undiv",Country
3403619,T20130018816,ABS to receive accident,Finished,12/9/2013,02.50.00,Yes,Collision with a fixed object,Thursday,RIGHT OFF CARRIAGEWAY INTO OBJECT/PARKED VEHICLE,No,Dark No street lights,Yes,Not at intersection,Other injury accident,100 km/hr,Yes,263546,145.6598,-35.93955,Non-Intersection,MOIRA,NORTH EASTERN REGION,2559535.725,2617458.296,2,2,0,0,2,0,1,1,0,1,1,0,0,0,0,0,0,0,0,1,No,1,1,0,1,0,0,RURAL_VICTORIA,RURAL_VICTORIA,MOIRA,NORTH EASTERN REGION,,,Local Road,Local Road,Undivided,Undiv,Country
3403620,T20130018817,ABS to receive accident,Finished,12/9/2013,11.55.00,No,Struck Pedestrian,Thursday,ANY MANOEUVRE INVOLVING PED NOT INCLUDED IN DCAs 100-108.,No,Day,Yes,Not at intersection,Serious injury accident,40 km/hr,No,263443,146.00441,-36.01191,Non-Intersection,MOIRA,NORTH EASTERN REGION,2590545.675,2609157.926,3,1,0,1,0,2,1,2,0,1,1,1,0,0,0,0,0,1,0,0,No,0,1,0,1,0,0,TOWNS,TOWNS,MOIRA,NORTH EASTERN REGION,C,C,Arterial Other,Arterial Other,Divided,Div,Country
3403621,T20130018818,ABS to receive accident,Finished,12/9/2013,09.30.00,No,Collision with vehicle,Thursday,CROSS TRAFFIC(INTERSECTIONS ONLY),No,Day,Yes,Cross intersection,Other injury accident,50 km/hr,No,51546,144.29985,-36.74021,Intersection,BENDIGO,NORTHERN REGION,2437476.933,2528595.581,3,1,0,0,1,2,1,2,0,0,3,0,0,0,0,0,0,0,0,1,No,0,3,0,3,0,0,LARGE_PROVINCIAL_CITIES,LARGE_PROVINCIAL_CITIES,BENDIGO,NORTHERN REGION,,,Local Road,Local Road,Undivided,Undiv,Country
3403622,T20130018819,ABS to receive accident,Finished,12/9/2013,11.55.00,No,Collision with a fixed object,Thursday,RIGHT OFF CARRIAGEWAY INTO OBJECT/PARKED VEHICLE,No,Day,Yes,Not at intersection,Serious injury accident,100 km/hr,Yes,264106,144.0341,-36.84769,Non-Intersection,LODDON,NORTHERN REGION,2413866.62,2516462.912,1,1,0,1,0,0,1,0,0,0,1,0,0,0,0,0,0,0,0,0,No,0,1,0,1,0,0,RURAL_VICTORIA,RURAL_VICTORIA,LODDON,NORTHERN REGION,C,C,Arterial Other,Arterial Other,Undivided,Undiv,Country
3403623,T20130018820,ABS to receive accident,Finished,12/9/2013,08.00.00,No,Struck Pedestrian,Thursday,FAR SIDE. PED HIT BY VEHICLE FROM THE LEFT,No,Day,Yes,Not at intersection,Other injury accident,40 km/hr,No,263585,145.06945,-38.22406,Non-Intersection,MORNINGTON PENINSULA,METROPOLITAN SOUTH EAST REGION,2506081.996,2364151.198,2,1,0,0,1,1,0,2,0,0,1,1,0,0,0,1,0,0,0,1,No,0,1,0,1,0,0,MELB_URBAN,MELB_URBAN,MORNINGTON PENINSULA,METROPOLITAN SOUTH EAST REGION,,,Local Road,Local Road,Undivided,Undiv,Metro
3403624,T20130018824,ABS to receive accident,Finished,12/9/2013,08.40.00,No,Collision with vehicle,Thursday,REAR END(VEHICLES IN SAME LANE),No,Day,No,Not at intersection,Other injury accident,Not known,No,263463,144.80607,-37.69794,Non-Intersection,BRIMBANK,METROPOLITAN NORTH WEST REGION,2482898.212,2422531.93,2,1,0,0,1,1,1,1,0,0,2,0,0,0,0,0,0,0,0,0,No,0,2,0,2,0,0,MELB_URBAN,MELB_URBAN,BRIMBANK,METROPOLITAN NORTH WEST REGION,M,M,Freeway,Freeway,Divided,Div,Metro
3403625,T20130018826,ABS to receive accident,Finished,12/9/2013,13.30.00,No,No collision and no object struck,Thursday,OUT OF CONTROL ON CARRIAGEWAY (ON STRAIGHT),No,Day,No,Not at intersection,Other injury accident,100 km/hr,No,264201,144.90245,-37.73555,Non-Intersection,MOONEE VALLEY,METROPOLITAN NORTH WEST REGION,2491401.867,2418371.053,1,1,0,0,1,0,1,0,0,0,0,0,0,1,0,0,0,0,0,0,No,0,1,0,0,1,0,MELB_URBAN,MELB_URBAN,MOONEE VALLEY,METROPOLITAN NORTH WEST REGION,M,M,Freeway,Freeway,Divided,Div,Metro