OBJECTID,ACCIDENT_NO,ABS_CODE,ACCIDENT_STATUS,ACCIDENT_DATE,ACCIDENT_TIME,ALCOHOLTIME,ACCIDENT_TYPE,DAY_OF_WEEK,DCA_CODE,HIT_RUN_FLAG,LIGHT_CONDITION,POLICE_ATTEND,ROAD_GEOMETRY,SEVERITY,SPEED_ZONE,RUN_OFFROAD,NODE_ID,LONGITUDE,LATITUDE,NODE_TYPE,LGA_NAME,REGION_NAME,VICGRID_X,VICGRID_Y,TOTAL_PERSONS,INJ_OR_FATAL,FATALITY,SERIOUSINJURY,OTHERINJURY,NONINJURED,MALES,FEMALES,BICYCLIST,PASSENGER,DRIVER,PEDESTRIAN,PILLION,MOTORIST,UNKNOWN,PED_CYCLIST_5_12,PED_CYCLIST_13_18,OLD_PEDESTRIAN,OLD_DRIVER,YOUNG_DRIVER,ALCOHOL_RELATED,UNLICENCSED,NO_OF_VEHICLES,HEAVYVEHICLE,PASSENGERVEHICLE,MOTORCYCLE,PUBLICVEHICLE,DEG_URBAN_NAME,DEG_URBAN_ALL,LGA_NAME_ALL,REGION_NAME_ALL,SRNS,SRNS_ALL,RMA,RMA_ALL,DIVIDED,DIVIDED_ALL,STAT_DIV_NAME
3403626,T20130018827,ABS to receive accident,Finished,12/9/2013,13.35.00,No,Collision with a fixed object,Thursday,RIGHT OFF CARRIAGEWAY INTO OBJECT/PARKED VEHICLE,No,Day,Yes,Not at intersection,Serious injury accident,80 km/hr,Yes,263471,143.79303,-37.84009,Intersection,GOLDEN PLAINS,SOUTH WESTERN REGION,2393766.319,2406099.269,1,1,0,1,0,0,0,1,0,0,1,0,0,0,0,0,0,0,0,0,No,0,1,0,1,0,0,RURAL_VICTORIA,RURAL_VICTORIA,GOLDEN PLAINS,SOUTH WESTERN REGION,,,Local Road,Local Road,Undivided,Undiv,Country
3403627,T20130018830,ABS to receive accident,Finished,12/9/2013,15.20.00,No,Collision with vehicle,Thursday,RIGHT THROUGH,No,Day,Yes,T intersection,Other injury accident,80 km/hr,No,40895,145.23017,-37.84842,Intersection,KNOX,METROPOLITAN SOUTH EAST REGION,2520256.819,2405823.69,5,2,0,0,2,3,3,2,0,1,4,0,0,0,0,0,0,0,1,0,No,0,4,0,4,0,0,MELB_URBAN,MELB_URBAN,KNOX,METROPOLITAN SOUTH EAST REGION,,,Arterial Other,"Arterial Other,Local Road",Divided,"Div,Undiv",Metro
3403628,T20130018831,ABS to receive accident,Finished,10/9/2013,22.05.00,Yes,Collision with vehicle,Tuesday,RIGHT THROUGH,No,Dark Street lights on,Yes,Cross intersection,Other injury accident,60 km/hr,No,61203,145.0261,-37.64736,Intersection,WHITTLESEA,METROPOLITAN NORTH WEST REGION,2502303.359,2428162.249,2,1,0,0,1,1,1,1,0,0,2,0,0,0,0,0,0,0,0,2,No,0,2,0,2,0,0,MELB_URBAN,MELB_URBAN,WHITTLESEA,METROPOLITAN NORTH WEST REGION,,,Arterial Other,"Arterial Other,Local Road",Divided,"Div,Undiv",Metro
3403629,T20130019212,ABS to receive accident,Finished,18/9/2013,12.05.00,No,Collision with vehicle,Wednesday,VEHICLE OFF FOOTPATH STRIKES VEH ON CARRIAGEWAY,No,Day,Yes,T intersection,Other injury accident,50 km/hr,No,65230,144.95439,-37.79934,Intersection,MELBOURNE,METROPOLITAN NORTH WEST REGION,2495983.235,2411294.855,2,1,0,0,1,1,0,2,1,0,1,0,0,0,0,0,0,0,0,0,No,0,2,0,1,0,0,MELB_URBAN,MELB_URBAN,MELBOURNE,METROPOLITAN NORTH WEST REGION,,,Arterial Other,"Arterial Other,Local Road",Undivided,Undiv,Metro
3403630,T20130019214,ABS to receive accident,Finished,17/9/2013,22.15.00,Yes,Struck Pedestrian,Tuesday,FAR SIDE. PED HIT BY VEHICLE FROM THE LEFT,No,Dark Street lights on,Yes,Not at intersection,Other injury accident,70 km/hr,No,263580,144.95844,-37.69088,Non-Intersection,HUME,METROPOLITAN NORTH WEST REGION,2496335.03,2423332.316,2,1,0,0,1,1,2,0,0,0,1,1,0,0,0,0,0,0,0,0,No,0,1,0,1,0,0,MELB_URBAN,MELB_URBAN,HUME,METROPOLITAN NORTH WEST REGION,,,Arterial Other,Arterial Other,Divided,Div,Metro
3403631,T20130019215,ABS to receive accident,Finished,2/9/2013,11.30.00,No,Collision with vehicle,Monday,U TURN,No,Day,Yes,T intersection,Other injury accident,70 km/hr,No,43489,145.13335,-38.14641,Intersection,FRANKSTON,METROPOLITAN SOUTH EAST REGION,2511689.856,2372764.596,2,1,0,0,1,1,0,2,0,0,2,0,0,0,0,0,0,0,0,0,No,0,2,0,2,0,0,MELB_URBAN,MELB_URBAN,FRANKSTON,METROPOLITAN SOUTH EAST REGION,,,Arterial Other,"Arterial Other,Local Road",Divided,"Div,Undiv",Metro
3403632,T20130019217,ABS to receive accident,Finished,18/9/2013,08.51.00,No,Collision with vehicle,Wednesday,REAR END(VEHICLES IN SAME LANE),No,Day,Yes,T intersection,Other injury accident,50 km/hr,No,37832,144.98236,-37.77952,Intersection,YARRA,METROPOLITAN NORTH WEST REGION,2498446.502,2413495.222,3,1,0,0,1,2,1,2,0,1,2,0,0,0,0,0,0,0,0,0,No,0,2,0,2,0,0,MELB_URBAN,MELB_URBAN,YARRA,METROPOLITAN NORTH WEST REGION,,,Local Road,Local Road,Undivided,Undiv,Metro
3403633,T20130019218,ABS to receive accident,Finished,18/9/2013,10.20.00,No,Collision with a fixed object,Wednesday,LEFT OFF CARRIAGEWAY INTO OBJECT/PARKED VEHICLE,No,Day,Yes,T intersection,Other injury accident,90 km/hr,Yes,264218,144.58912,-38.15445,Intersection,GEELONG,SOUTH WESTERN REGION,2463985.727,2371802.337,1,1,0,0,1,0,0,1,0,0,1,0,0,0,0,0,0,0,0,1,No,0,1,0,1,0,0,RURAL_VICTORIA,RURAL_VICTORIA,GEELONG,SOUTH WESTERN REGION,C,C,Arterial Other,"Arterial Other,Local Road",Undivided,Undiv,Country
3403634,T20130019219,ABS to receive accident,Finished,18/9/2013,13.30.00,No,Collision with a fixed object,Wednesday,RIGHT OFF CARRIAGEWAY INTO OBJECT/PARKED VEHICLE,No,Day,Yes,Not at intersection,Other injury accident,110 km/hr,Yes,264403,145.07096,-37.20096,Non-Intersection,MITCHELL,NORTHERN REGION,2506298.461,2477698.565,1,1,0,0,1,0,0,1,0,0,1,0,0,0,0,0,0,0,0,0,No,0,1,0,1,0,0,RURAL_VICTORIA,RURAL_VICTORIA,MITCHELL,NORTHERN REGION,M,M,Freeway,Freeway,Divided,Div,Country
3403635,T20130019220,ABS to receive accident,Finished,18/9/2013,12.00.00,No,No collision and no object struck,Wednesday,OUT OF CONTROL ON CARRIAGEWAY (ON STRAIGHT),No,Day,No,T intersection,Other injury accident,Camping grounds or off road,No,264219,145.32031,-37.44449,Intersection,MURRINDINDI,NORTH EASTERN REGION,2528340.998,2450629.011,1,1,0,0,1,0,1,0,0,0,0,0,0,1,0,0,0,0,0,0,No,0,1,0,0,1,0,RURAL_VICTORIA,RURAL_VICTORIA,"MURRINDINDI,MURRINDINDI",NORTH EASTERN REGION,,,,,,,Country
3403636,T20130019221,ABS to receive accident,Finished,18/9/2013,14.15.00,No,Collision with vehicle,Wednesday,CROSS TRAFFIC(INTERSECTIONS ONLY),No,Day,Yes,Cross intersection,Serious injury accident,60 km/hr,No,52923,143.85216,-37.5678,Intersection,BALLARAT,WESTERN REGION,2398606.501,2436380.645,2,1,0,1,0,1,1,1,0,0,2,0,0,0,0,0,0,0,0,0,No,0,2,0,2,0,0,LARGE_PROVINCIAL_CITIES,LARGE_PROVINCIAL_CITIES,BALLARAT,WESTERN REGION,,,Local Road,Local Road,Undivided,Undiv,Country
3403637,T20130019222,ABS to receive accident,Finished,2/9/2013,08.30.00,No,Collision with vehicle,Monday,LEFT NEAR (INTERSECTIONS ONLY),No,Day,No,T intersection,Serious injury accident,30km/hr,No,47939,144.98439,-37.79825,Intersection,YARRA,METROPOLITAN NORTH WEST REGION,2498625.558,2411416.564,2,1,0,1,0,1,2,0,0,0,1,0,0,1,0,0,0,0,0,0,No,0,2,0,1,1,0,MELB_URBAN,MELB_URBAN,YARRA,METROPOLITAN NORTH WEST REGION,,,Local Road,Local Road,Undivided,Undiv,Metro
3403638,T20130019223,ABS to receive accident,Finished,11/9/2013,16.00.00,No,Collision with vehicle,Wednesday,REAR END(VEHICLES IN SAME LANE),No,Day,No,T intersection,Other injury accident,60 km/hr,No,233985,144.97373,-37.82159,Non-Intersection,MELBOURNE,METROPOLITAN NORTH WEST REGION,2497686.908,2408826.347,2,1,0,0,1,1,2,0,0,0,1,0,0,1,0,0,0,0,0,0,No,0,2,0,1,1,0,MELB_URBAN,MELB_URBAN,MELBOURNE,METROPOLITAN NORTH WEST REGION,,,Arterial Highway,Arterial Highway,Divided,Div,Metro
3403639,T20130019224,ABS to receive accident,Finished,28/7/2013,11.43.00,No,Collision with vehicle,Sunday,REAR END(VEHICLES IN SAME LANE),No,Day,Yes,T intersection,Other injury accident,70 km/hr,No,37058,144.99037,-37.81533,Intersection,MELBOURNE,METROPOLITAN NORTH WEST REGION,2499151.801,2409520.88,4,2,0,0,2,2,0,4,0,1,3,0,0,0,0,0,0,0,0,1,No,0,3,0,3,0,0,MELB_URBAN,MELB_URBAN,"YARRA,MELBOURNE",METROPOLITAN NORTH WEST REGION,,,Arterial Highway,"Arterial Highway,Local Road",Divided,"Div,Undiv",Metro
3403640,T20130019226,ABS to receive accident,Finished,28/7/2013,21.30.00,Yes,Collision with a fixed object,Sunday,OFF RIGHT BEND INTO OBJECT/PARKED VEHICLE,No,Dark No street lights,Yes,T intersection,Other injury accident,100 km/hr,Yes,53465,145.99325,-38.01143,Intersection,BAW BAW,EASTERN REGION,2587224.458,2387301.02,1,1,0,0,1,0,0,1,0,0,1,0,0,0,0,0,0,0,0,1,No,0,1,0,1,0,0,RURAL_VICTORIA,RURAL_VICTORIA,BAW BAW,"EASTERN REGION,EASTERN REGION",,,Local Road,Local Road,Undivided,Undiv,Country
3403641,T20130019227,ABS to receive accident,Finished,18/9/2013,15.00.00,No,Collision with vehicle,Wednesday,RIGHT REAR.,No,Day,Yes,T intersection,Other injury accident,100 km/hr,No,58900,145.95841,-36.31922,Intersection,BENALLA,NORTH EASTERN REGION,2586055.74,2575104.371,2,1,0,0,1,1,2,0,0,0,0,0,0,2,0,0,0,0,0,0,No,0,2,0,0,2,0,RURAL_VICTORIA,RURAL_VICTORIA,BENALLA,NORTH EASTERN REGION,C,C,Arterial Other,"Arterial Other,Local Road",Undivided,Undiv,Country
3403642,T20130019646,ABS to receive accident,Finished,24/9/2013,09.15.00,No,Collision with vehicle,Tuesday,RIGHT THROUGH,No,Day,Yes,T intersection,Other injury accident,60 km/hr,No,57595,145.09073,-37.9697,Intersection,KINGSTON,METROPOLITAN SOUTH EAST REGION,2507972.123,2392383.342,2,2,0,0,2,0,1,1,0,0,2,0,0,0,0,0,0,0,0,0,No,0,2,0,2,0,0,MELB_URBAN,MELB_URBAN,KINGSTON,METROPOLITAN SOUTH EAST REGION,,,Arterial Other,"Arterial Other,Local Road",Undivided,Undiv,Metro
3403643,T20130019649,ABS to receive accident,Finished,17/9/2013,21.30.00,Yes,Vehicle overturned (no collision),Tuesday,OUT OF CONTROL ON CARRIAGEWAY (ON STRAIGHT),No,Dark Street lights on,No,Not at intersection,Other injury accident,60 km/hr,No,264216,145.01624,-37.77948,Non-Intersection,DAREBIN,METROPOLITAN NORTH WEST REGION,2501430.574,2413500.341,1,1,0,0,1,0,1,0,0,0,0,0,0,1,0,0,0,0,0,0,No,0,1,0,0,1,0,MELB_URBAN,MELB_URBAN,DAREBIN,METROPOLITAN NORTH WEST REGION,,,Local Road,Local Road,Undivided,Undiv,Metro
3403644,T20130019650,ABS to receive accident,Finished,24/9/2013,09.00.00,No,Collision with vehicle,Tuesday,CROSS TRAFFIC(INTERSECTIONS ONLY),No,Day,Yes,Cross intersection,Other injury accident,50 km/hr,No,43300,145.12227,-38.0536,Intersection,KINGSTON,METROPOLITAN SOUTH EAST REGION,2510731.712,2383067.342,2,2,0,0,2,0,2,0,0,0,2,0,0,0,0,0,0,0,0,0,No,0,2,0,2,0,0,MELB_URBAN,MELB_URBAN,KINGSTON,METROPOLITAN SOUTH EAST REGION,,,Local Road,Local Road,Undivided,Undiv,Metro
3403645,T20130019651,ABS to receive accident,Finished,24/9/2013,07.46.00,No,Collision with vehicle,Tuesday,REAR END(VEHICLES IN SAME LANE),No,Day,Yes,Cross intersection,Serious injury accident,80 km/hr,No,29764,145.33256,-38.08935,Intersection,CASEY,METROPOLITAN SOUTH EAST REGION,2529174.858,2379055.488,2,1,0,1,0,1,0,2,0,0,1,0,0,1,0,0,0,0,0,0,No,0,2,0,1,1,0,MELB_URBAN,MELB_URBAN,CASEY,METROPOLITAN SOUTH EAST REGION,,,,,,,Metro
3403646,T20130019652,ABS to receive accident,Finished,24/9/2013,09.53.00,No,No collision and no object struck,Tuesday,OUT OF CONTROL ON CARRIAGEWAY (ON STRAIGHT),No,Day,Yes,Cross intersection,Other injury accident,60 km/hr,No,38053,145.02244,-37.74353,Intersection,DAREBIN,METROPOLITAN NORTH WEST REGION,2501977.929,2417489.681,3,1,0,0,1,2,2,1,0,1,2,0,0,0,0,0,0,0,0,1,No,0,2,0,1,0,0,MELB_URBAN,MELB_URBAN,DAREBIN,METROPOLITAN NORTH WEST REGION,,,Arterial Highway,"Arterial Highway,Local Road",Divided,"Div,Undiv",Metro
3403647,T20130019653,ABS to receive accident,Finished,12/9/2013,15.30.00,No,Collision with vehicle,Thursday,LANE CHANGE RIGHT (NOT OVERTAKING),No,Day,No,T intersection,Other injury accident,80 km/hr,No,45100,144.84044,-37.77845,Intersection,BRIMBANK,METROPOLITAN NORTH WEST REGION,2485944.612,2413602.395,2,1,0,0,1,1,1,1,0,0,2,0,0,0,0,0,0,0,1,0,No,0,2,0,2,0,0,MELB_URBAN,MELB_URBAN,BRIMBANK,METROPOLITAN NORTH WEST REGION,,,Arterial Other,"Arterial Other,Local Road",Divided,"Div,Undiv",Metro
3403648,T20130019654,ABS to receive accident,Finished,19/9/2013,20.35.00,Yes,Collision with vehicle,Thursday,CROSS TRAFFIC(INTERSECTIONS ONLY),No,Dark Street lights unknown,Yes,Cross intersection,Serious injury accident,60 km/hr,No,41498,144.93085,-37.70102,Intersection,MORELAND,METROPOLITAN NORTH WEST REGION,2493902.375,2422205.766,3,1,0,1,0,2,3,0,1,1,1,0,0,0,0,0,0,0,0,1,No,0,2,0,1,0,0,MELB_URBAN,MELB_URBAN,MORELAND,METROPOLITAN NORTH WEST REGION,,,Local Road,Local Road,Undivided,Undiv,Metro
3403649,T20130019656,ABS to receive accident,Finished,23/9/2013,19.28.00,Yes,Collision with a fixed object,Monday,OFF RIGHT BEND INTO OBJECT/PARKED VEHICLE,No,Dark Street lights on,Yes,Not at intersection,Other injury accident,80 km/hr,Yes,264291,145.38345,-38.20213,Non-Intersection,CASEY,METROPOLITAN SOUTH EAST REGION,2533589.229,2366519.56,2,1,0,0,1,1,1,1,0,1,1,0,0,0,0,0,0,0,0,1,No,0,1,0,1,0,0,RURAL_VICTORIA,RURAL_VICTORIA,CASEY,METROPOLITAN SOUTH EAST REGION,,,Local Road,Local Road,Undivided,Undiv,Metro
3403650,T20130019662,ABS to receive accident,Finished,23/9/2013,19.00.00,Yes,Collision with vehicle,Monday,REAR END(VEHICLES IN SAME LANE),No,Dark Street lights on,No,Cross intersection,Other injury accident,70 km/hr,No,37052,144.99137,-37.80961,Intersection,YARRA,METROPOLITAN NORTH WEST REGION,2499240.169,2410155.703,2,1,0,0,1,1,1,1,0,0,2,0,0,0,0,0,0,0,0,0,No,0,2,0,2,0,0,MELB_URBAN,MELB_URBAN,YARRA,METROPOLITAN NORTH WEST REGION,,,Arterial Highway,"Arterial Highway,Arterial Other",Divided,Div,Metro
3403651,T20130019664,ABS to receive accident,Finished,22/9/2013,14.50.00,No,Collision with vehicle,Sunday,LEFT NEAR (INTERSECTIONS ONLY),No,Day,Yes,T intersection,Other injury accident,100 km/hr,No,16891,142.37296,-38.32817,Intersection,MOYNE,SOUTH WESTERN REGION,2270294.587,2349426.047,8,4,0,0,4,4,4,4,0,6,2,0,0,0,0,0,0,0,0,0,No,0,2,0,2,0,0,RURAL_VICTORIA,RURAL_VICTORIA,MOYNE,SOUTH WESTERN REGION,A,A,Arterial Highway,"Arterial Highway,Local Road",Undivided,Undiv,Country
3403652,T20130019667,ABS to receive accident,Finished,24/9/2013,11.50.00,No,Collision with vehicle,Tuesday,RIGHT TURN SIDESWIPE,No,Day,Yes,T intersection,Other injury accident,60 km/hr,No,45049,144.83235,-37.75731,Intersection,BRIMBANK,METROPOLITAN NORTH WEST REGION,2485227.29,2415947.793,2,1,0,0,1,1,2,0,0,0,2,0,0,0,0,0,0,0,1,0,No,0,2,0,2,0,0,MELB_URBAN,MELB_URBAN,BRIMBANK,METROPOLITAN NORTH WEST REGION,,,Arterial Other,"Arterial Other,Local Road",Undivided,Undiv,Metro
3403653,T20130019669,ABS to receive accident,Finished,24/9/2013,13.30.00,No,Collision with vehicle,Monday,RIGHT REAR.,No,Day,Yes,Cross intersection,Serious injury accident,60 km/hr,No,38079,145.02202,-37.7825,Intersection,DAREBIN,METROPOLITAN NORTH WEST REGION,2501939.414,2413164.896,3,2,0,2,0,1,0,3,0,1,2,0,0,0,0,0,0,0,1,0,No,0,2,0,2,0,0,MELB_URBAN,MELB_URBAN,"YARRA,DAREBIN",METROPOLITAN NORTH WEST REGION,,,Arterial Other,"Arterial Other,Local Road",Undivided,Undiv,Metro
3403654,T20130019671,ABS to receive accident,Finished,24/9/2013,08.20.00,No,Collision with vehicle,Tuesday,LANE CHANGE LEFT (NOT OVERTAKING),No,Day,Yes,T intersection,Fatal accident,60 km/hr,No,35675,145.06068,-37.73072,Intersection,BANYULE,METROPOLITAN NORTH WEST REGION,2505348.607,2418910.208,2,1,1,0,0,1,1,1,0,0,1,0,0,1,0,0,0,0,0,0,No,0,2,0,1,1,0,MELB_URBAN,MELB_URBAN,BANYULE,METROPOLITAN NORTH WEST REGION,,,Arterial Other,"Arterial Other,Local Road",Undivided,Undiv,Metro
3403655,T20130020092,ABS to receive accident,Finished,31/8/2013,17.00.00,Yes,Collision with vehicle,Saturday,REAR END(VEHICLES IN SAME LANE),No,Dusk/Dawn,No,Cross intersection,Other injury accident,60 km/hr,No,45638,144.96044,-37.7771,Intersection,MORELAND,METROPOLITAN NORTH WEST REGION,2496515.075,2413763.863,3,1,0,0,1,2,2,1,0,1,2,0,0,0,0,0,0,0,0,1,No,0,2,0,2,0,0,MELB_URBAN,MELB_URBAN,MORELAND,METROPOLITAN NORTH WEST REGION,,,Arterial Other,Arterial Other,Divided,"Div,Undiv",Metro
3403656,T20130020093,ABS to receive accident,Finished,30/9/2013,09.10.00,No,Vehicle overturned (no collision),Monday,OFF CARRIAGEWAY TO RIGHT,No,Day,Yes,T intersection,Serious injury accident,70 km/hr,Yes,45881,144.35116,-38.13341,Intersection,GEELONG,SOUTH WESTERN REGION,2443111.757,2374022.119,2,2,0,2,0,0,1,1,0,0,0,0,1,1,0,0,0,0,0,0,No,0,1,0,0,1,0,LARGE_PROVINCIAL_CITIES,LARGE_PROVINCIAL_CITIES,GEELONG,SOUTH WESTERN REGION,A,A,Arterial Highway,Arterial Highway,Divided,Div,Country
3403657,T20130020094,ABS to receive accident,Finished,30/9/2013,10.00.00,No,Collision with vehicle,Monday,RIGHT NEAR (INTERSECTIONS ONLY),No,Day,Yes,T intersection,Serious injury accident,Not known,No,263792,145.47404,-38.07369,Intersection,CARDINIA,METROPOLITAN SOUTH EAST REGION,2541595.567,2380741.416,2,2,0,2,0,0,0,2,0,0,2,0,0,0,0,0,0,0,0,0,No,1,2,0,2,0,0,SMALL_CITIES,SMALL_CITIES,CARDINIA,METROPOLITAN SOUTH EAST REGION,,,Local Road,Local Road,Undivided,Undiv,Metro
3403658,T20130020095,ABS to receive accident,Finished,30/9/2013,06.10.00,No,Collision with vehicle,Monday,HEAD ON (NOT OVERTAKING),No,Day,Yes,Not at intersection,Serious injury accident,100 km/hr,No,263954,145.68322,-36.42859,Non-Intersection,SHEPPARTON,NORTH EASTERN REGION,2561259.883,2563182.824,2,1,0,1,0,1,2,0,0,0,2,0,0,0,0,0,0,0,0,1,No,0,2,1,1,0,0,RURAL_VICTORIA,RURAL_VICTORIA,SHEPPARTON,NORTH EASTERN REGION,A,A,Arterial Highway,Arterial Highway,Undivided,Undiv,Country
3403659,T20130020097,ABS to receive accident,Finished,27/9/2013,17.00.00,Yes,Collision with vehicle,Friday,LEFT NEAR (INTERSECTIONS ONLY),No,Day,No,T intersection,Other injury accident,60 km/hr,No,55503,144.74867,-38.34273,Intersection,MORNINGTON PENINSULA,METROPOLITAN SOUTH EAST REGION,2478025.885,2350950.538,2,1,0,0,1,1,2,0,1,0,1,0,0,0,0,0,0,0,0,0,No,0,2,0,1,0,0,MELB_URBAN,MELB_URBAN,MORNINGTON PENINSULA,METROPOLITAN SOUTH EAST REGION,B,B,Arterial Highway,"Arterial Highway,Local Road",Undivided,Undiv,Metro
3403660,T20130020099,ABS to receive accident,Finished,30/9/2013,07.15.00,No,Collision with vehicle,Monday,RIGHT NEAR (INTERSECTIONS ONLY),No,Day,Yes,T intersection,Other injury accident,60 km/hr,No,38224,145.07248,-37.74287,Intersection,BANYULE,METROPOLITAN NORTH WEST REGION,2506388.237,2417560.488,2,1,0,0,1,1,2,0,0,0,2,0,0,0,0,0,0,0,0,0,No,0,2,0,2,0,0,MELB_URBAN,MELB_URBAN,BANYULE,METROPOLITAN NORTH WEST REGION,,,Arterial Highway,"Arterial Highway,Local Road",Undivided,Undiv,Metro
3403661,T20130020104,ABS to receive accident,Finished,30/9/2013,12.20.00,No,Struck Pedestrian,Monday,ANY MANOEUVRE INVOLVING PED NOT INCLUDED IN DCAs 100-108.,Yes,Unk.,No,Not at intersection,Other injury accident,60 km/hr,No,264843,144.9905,-37.82483,Non-Intersection,YARRA,METROPOLITAN NORTH WEST REGION,2499163.665,2408466.709,2,1,0,0,1,1,1,0,0,0,1,1,0,0,0,0,0,0,0,0,No,0,1,0,1,0,0,MELB_URBAN,MELB_URBAN,YARRA,METROPOLITAN NORTH WEST REGION,,,Arterial Other,Arterial Other,Undivided,Undiv,Metro
3403662,T20130020105,ABS to receive accident,Finished,29/9/2013,11.25.00,No,collision with some other object,Sunday,OFF RIGHT BEND INTO OBJECT/PARKED VEHICLE,No,Day,Yes,T intersection,Other injury accident,80 km/hr,Yes,69838,145.35708,-37.93741,Intersection,YARRA RANGES,METROPOLITAN SOUTH EAST REGION,2531389.223,2395912.119,1,1,0,0,1,0,0,1,0,0,1,0,0,0,0,0,0,0,0,0,No,0,1,0,1,0,0,MELB_URBAN,"RURAL_VICTORIA,MELB_URBAN",YARRA RANGES,METROPOLITAN SOUTH EAST REGION,C,C,Arterial Other,"Arterial Other,Local Road",Undivided,Undiv,Metro
3403663,T20130020108,ABS to receive accident,Finished,30/9/2013,11.55.00,No,Collision with vehicle,Monday,REAR END(VEHICLES IN SAME LANE),No,Day,Yes,Not at intersection,Other injury accident,50 km/hr,No,264442,141.6035,-38.35087,Non-Intersection,GLENELG,SOUTH WESTERN REGION,2203129.946,2344779.009,3,1,0,0,1,2,2,1,0,1,2,0,0,0,0,0,0,0,0,0,No,1,2,0,2,0,0,TOWNS,TOWNS,GLENELG,SOUTH WESTERN REGION,,,Local Road,Local Road,Undivided,Undiv,Country
3403664,T20130020111,ABS to receive accident,Finished,29/9/2013,11.56.00,No,Collision with vehicle,Sunday,OTHER ADJACENT (INTERSECTIONS ONLY),No,Day,Yes,T intersection,Serious injury accident,60 km/hr,No,263789,145.2808,-37.87952,Intersection,KNOX,METROPOLITAN SOUTH EAST REGION,2524703.102,2402360.039,3,2,0,1,1,1,2,1,0,1,2,0,0,0,0,0,0,0,0,0,No,0,2,0,2,0,0,MELB_URBAN,MELB_URBAN,KNOX,METROPOLITAN SOUTH EAST REGION,,,Local Road,Local Road,Undivided,Undiv,Metro
3403665,T20130020112,ABS to receive accident,Finished,30/9/2013,09.40.00,No,Struck Pedestrian,Monday,PED NEAR SIDE. PED HIT BY VEHICLE FROM THE RIGHT.,No,Day,Yes,T intersection,Other injury accident,60 km/hr,No,43049,145.21121,-37.98209,Intersection,DANDENONG,METROPOLITAN SOUTH EAST REGION,2518555.394,2390991.791,3,2,0,0,2,1,1,2,0,1,1,1,0,0,0,0,0,0,0,0,No,0,1,0,1,0,0,MELB_URBAN,MELB_URBAN,DANDENONG,METROPOLITAN SOUTH EAST REGION,,,Arterial Highway,"Arterial Highway,Local Road",Divided,"Div,Undiv",Metro
3403666,T20130020113,ABS to receive accident,Finished,3/8/2013,12.15.00,No,Collision with vehicle,Saturday,REAR END(VEHICLES IN SAME LANE),No,Day,No,Cross intersection,Other injury accident,60 km/hr,No,38092,145.02504,-37.78188,Intersection,YARRA,METROPOLITAN NORTH WEST REGION,2502205.548,2413233.707,2,1,0,0,1,1,1,1,0,0,2,0,0,0,0,0,0,0,0,0,No,0,2,0,2,0,0,MELB_URBAN,MELB_URBAN,"YARRA,DAREBIN",METROPOLITAN NORTH WEST REGION,,,Arterial Other,Arterial Other,Divided,"Div,Undiv",Metro
3403667,T20130020115,ABS to receive accident,Finished,25/9/2013,17.00.00,No,collision with some other object,Wednesday,STRUCK OBJECT ON CARRIAGEWAY,No,Dusk/Dawn,No,Not at intersection,Other injury accident,Not known,No,264341,146.07894,-38.03129,Non-Intersection,BAW BAW,EASTERN REGION,2594724.37,2385014.775,1,1,0,0,1,0,1,0,0,0,0,0,0,1,0,0,0,0,0,0,No,0,1,0,0,1,0,RURAL_VICTORIA,RURAL_VICTORIA,BAW BAW,"EASTERN REGION,EASTERN REGION",,,Local Road,Local Road,Undivided,Undiv,Country
3403668,T20130018833,ABS to receive accident,Finished,12/9/2013,15.43.00,No,Collision with vehicle,Thursday,U TURN,No,Day,Yes,Not at intersection,Serious injury accident,60 km/hr,No,263464,145.18698,-37.97441,Non-Intersection,DANDENONG,METROPOLITAN SOUTH EAST REGION,2516428.23,2391848.172,3,2,0,2,0,1,1,2,0,1,2,0,0,0,0,0,0,0,1,0,Yes,0,3,0,3,0,0,MELB_URBAN,MELB_URBAN,DANDENONG,METROPOLITAN SOUTH EAST REGION,,,Local Road,Local Road,Undivided,Undiv,Metro
3403669,T20130018834,ABS to receive accident,Finished,12/9/2013,12.40.00,No,Collision with vehicle,Thursday,RIGHT NEAR (INTERSECTIONS ONLY),No,Day,Yes,T intersection,Other injury accident,40 km/hr,No,44940,144.80278,-37.74458,Intersection,BRIMBANK,METROPOLITAN NORTH WEST REGION,2482618.756,2417355.836,6,1,0,0,1,5,3,3,0,1,5,0,0,0,0,0,0,0,1,0,No,0,5,0,5,0,0,MELB_URBAN,MELB_URBAN,BRIMBANK,METROPOLITAN NORTH WEST REGION,,,Arterial Other,"Arterial Other,Local Road",Undivided,Undiv,Metro