OBJECTID,ACCIDENT_NO,ABS_CODE,ACCIDENT_STATUS,ACCIDENT_DATE,ACCIDENT_TIME,ALCOHOLTIME,ACCIDENT_TYPE,DAY_OF_WEEK,DCA_CODE,HIT_RUN_FLAG,LIGHT_CONDITION,POLICE_ATTEND,ROAD_GEOMETRY,SEVERITY,SPEED_ZONE,RUN_OFFROAD,NODE_ID,LONGITUDE,LATITUDE,NODE_TYPE,LGA_NAME,REGION_NAME,VICGRID_X,VICGRID_Y,TOTAL_PERSONS,INJ_OR_FATAL,FATALITY,SERIOUSINJURY,OTHERINJURY,NONINJURED,MALES,FEMALES,BICYCLIST,PASSENGER,DRIVER,PEDESTRIAN,PILLION,MOTORIST,UNKNOWN,PED_CYCLIST_5_12,PED_CYCLIST_13_18,OLD_PEDESTRIAN,OLD_DRIVER,YOUNG_DRIVER,ALCOHOL_RELATED,UNLICENCSED,NO_OF_VEHICLES,HEAVYVEHICLE,PASSENGERVEHICLE,MOTORCYCLE,PUBLICVEHICLE,DEG_URBAN_NAME,DEG_URBAN_ALL,LGA_NAME_ALL,REGION_NAME_ALL,SRNS,SRNS_ALL,RMA,RMA_ALL,DIVIDED,DIVIDED_ALL,STAT_DIV_NAME
3403670,T20130018836,ABS to receive accident,Finished,11/9/2013,09.45.00,No,Struck Pedestrian,Wednesday,FAR SIDE. PED HIT BY VEHICLE FROM THE LEFT,Yes,Day,No,T intersection,Other injury accident,Not known,No,264282,145.09275,-37.8756,Intersection,MONASH,METROPOLITAN SOUTH EAST REGION,2508160.308,2402827.639,3,2,0,0,2,1,1,0,0,0,0,1,0,0,2,0,0,0,0,0,No,0,1,0,0,0,0,MELB_URBAN,MELB_URBAN,MONASH,METROPOLITAN SOUTH EAST REGION,,,Local Road,Local Road,Undivided,Undiv,Metro
3403671,T20130018837,ABS to receive accident,Finished,5/9/2013,13.45.00,No,Collision with vehicle,Thursday,VEHICLE STRIKES DOOR OF PARKED/STATIONARY VEHICLE,No,Day,No,Not at intersection,Other injury accident,60 km/hr,No,215555,144.94342,-37.83742,Non-Intersection,PORT PHILLIP,METROPOLITAN NORTH WEST REGION,2495019.535,2407067.982,2,1,0,0,1,1,2,0,1,0,1,0,0,0,0,0,0,0,0,0,No,0,2,0,1,0,0,MELB_URBAN,MELB_URBAN,PORT PHILLIP,METROPOLITAN NORTH WEST REGION,,,Arterial Other,Arterial Other,Divided,Div,Metro
3403672,T20130018839,ABS to receive accident,Finished,12/9/2013,17.02.00,No,Collision with a fixed object,Thursday,LEFT OFF CARRIAGEWAY INTO OBJECT/PARKED VEHICLE,No,Day,Yes,Not at intersection,Serious injury accident,50 km/hr,Yes,263678,145.09239,-38.20564,Non-Intersection,MORNINGTON PENINSULA,METROPOLITAN SOUTH EAST REGION,2508092.468,2366193.423,1,1,0,1,0,0,1,0,0,0,0,0,0,1,0,0,0,0,0,0,No,0,1,0,0,1,0,MELB_URBAN,MELB_URBAN,MORNINGTON PENINSULA,METROPOLITAN SOUTH EAST REGION,,,Local Road,Local Road,Undivided,Undiv,Metro
3403673,T20130018840,ABS to receive accident,Finished,12/9/2013,16.50.00,No,Collision with vehicle,Thursday,RIGHT TURN SIDESWIPE,No,Day,Yes,Not at intersection,Other injury accident,50 km/hr,No,263507,145.03997,-37.94537,Non-Intersection,KINGSTON,METROPOLITAN SOUTH EAST REGION,2503513.246,2395087.138,2,1,0,0,1,1,1,1,1,0,1,0,0,0,0,0,0,0,1,0,No,0,2,0,1,0,0,MELB_URBAN,MELB_URBAN,KINGSTON,METROPOLITAN SOUTH EAST REGION,,,Local Road,Local Road,Undivided,Undiv,Metro
3403674,T20130018841,ABS to receive accident,Finished,12/9/2013,15.45.00,No,Collision with vehicle,Thursday,LEFT NEAR (INTERSECTIONS ONLY),No,Day,Yes,T intersection,Serious injury accident,60 km/hr,No,70904,145.11047,-38.00092,Intersection,KINGSTON,METROPOLITAN SOUTH EAST REGION,2509703.003,2388916.756,4,2,0,2,0,2,2,1,0,0,2,2,0,0,0,0,0,1,0,0,No,0,2,1,1,0,0,MELB_URBAN,MELB_URBAN,KINGSTON,METROPOLITAN SOUTH EAST REGION,,,Local Road,Local Road,Divided,"Div,Undiv",Metro
3403675,T20130018845,ABS to receive accident,Finished,12/9/2013,18.30.00,Yes,Collision with vehicle,Thursday,RIGHT THROUGH,No,Dark Street lights on,Yes,Cross intersection,Serious injury accident,40 km/hr,No,37654,144.99066,-37.84642,Intersection,STONNINGTON,METROPOLITAN SOUTH EAST REGION,2499178.266,2406070.838,2,1,0,1,0,1,2,0,0,0,1,0,0,1,0,0,0,0,0,0,No,0,2,0,1,1,0,MELB_URBAN,MELB_URBAN,STONNINGTON,METROPOLITAN SOUTH EAST REGION,,,Arterial Other,"Arterial Other,Local Road",Undivided,Undiv,Metro
3403676,T20130018847,ABS to receive accident,Finished,12/9/2013,18.10.00,Yes,Collision with vehicle,Thursday,RIGHT THROUGH,No,Dark Street lights off,Yes,Cross intersection,Other injury accident,60 km/hr,No,29607,145.04014,-37.86391,Intersection,STONNINGTON,METROPOLITAN SOUTH EAST REGION,2503531.558,2404128.494,3,2,0,0,2,1,2,1,0,0,3,0,0,0,0,0,0,0,0,1,No,0,3,0,3,0,0,MELB_URBAN,MELB_URBAN,STONNINGTON,METROPOLITAN SOUTH EAST REGION,,,Arterial Other,Arterial Other,Undivided,Undiv,Metro
3403677,T20130018850,ABS to receive accident,Finished,12/9/2013,21.25.00,Yes,Collision with a fixed object,Thursday,LEFT OFF CARRIAGEWAY INTO OBJECT/PARKED VEHICLE,No,Dark No street lights,Yes,Not at intersection,Serious injury accident,100 km/hr,Yes,263903,144.74038,-37.31524,Non-Intersection,MACEDON RANGES,NORTHERN REGION,2476989.829,2464988.251,1,1,0,1,0,0,0,1,0,0,1,0,0,0,0,0,0,0,0,0,No,0,1,0,1,0,0,RURAL_VICTORIA,RURAL_VICTORIA,MACEDON RANGES,NORTHERN REGION,C,C,Arterial Other,Arterial Other,Undivided,Undiv,Country
3403678,T20130018852,ABS to receive accident,Finished,12/9/2013,20.50.00,Yes,Collision with a fixed object,Thursday,LEFT OFF CARRIAGEWAY INTO OBJECT/PARKED VEHICLE,No,Dark Street lights on,Yes,T intersection,Other injury accident,60 km/hr,Yes,48954,144.86282,-37.81047,Intersection,MARIBYRNONG,METROPOLITAN NORTH WEST REGION,2487920.998,2410051.327,1,1,0,0,1,0,1,0,0,0,1,0,0,0,0,0,0,0,0,0,No,0,1,0,1,0,0,MELB_URBAN,MELB_URBAN,MARIBYRNONG,METROPOLITAN NORTH WEST REGION,,,Arterial Other,"Arterial Other,Local Road",Undivided,Undiv,Metro
3403679,T20130018853,ABS to receive accident,Finished,13/9/2013,00.01.00,Yes,Struck animal,Friday,STRUCK ANIMAL,No,Dark No street lights,Yes,Not at intersection,Other injury accident,100 km/hr,No,263490,146.86662,-36.32745,Non-Intersection,INDIGO,NORTH EASTERN REGION,2667578.098,2572981.496,1,1,0,0,1,0,1,0,0,0,0,0,0,1,0,0,0,0,0,0,No,0,1,0,0,1,0,RURAL_VICTORIA,RURAL_VICTORIA,INDIGO,NORTH EASTERN REGION,,,Local Road,Local Road,Undivided,Undiv,Country
3403680,T20130018854,ABS to receive accident,Finished,23/8/2013,13.20.00,No,No collision and no object struck,Friday,OFF CARRIAGEWAY TO RIGHT,No,Day,Yes,Not at intersection,Other injury accident,70 km/hr,Yes,263504,145.39319,-37.91126,Non-Intersection,YARRA RANGES,METROPOLITAN SOUTH EAST REGION,2534575.328,2398802.006,1,1,0,0,1,0,0,1,0,0,1,0,0,0,0,0,0,0,0,1,No,0,1,0,1,0,0,MELB_URBAN,MELB_URBAN,YARRA RANGES,METROPOLITAN SOUTH EAST REGION,C,C,Arterial Other,Arterial Other,Undivided,Undiv,Metro
3403681,T20130019228,ABS to receive accident,Finished,14/9/2013,14.00.00,Yes,Collision with vehicle,Saturday,REAR END(VEHICLES IN SAME LANE),No,Day,No,Cross intersection,Other injury accident,70 km/hr,No,44345,144.66445,-37.8756,Intersection,WYNDHAM,METROPOLITAN NORTH WEST REGION,2470479.502,2402779.851,2,1,0,0,1,1,1,1,0,0,2,0,0,0,0,0,0,0,0,0,No,0,2,0,2,0,0,MELB_URBAN,MELB_URBAN,WYNDHAM,METROPOLITAN NORTH WEST REGION,C,C,Arterial Other,"Arterial Other,Local Road",Divided,"Div,Undiv",Metro
3403682,T20130019230,ABS to receive accident,Finished,1/8/2013,14.50.00,No,Collision with vehicle,Thursday,REAR END(VEHICLES IN SAME LANE),No,Day,Yes,Not at intersection,Other injury accident,100 km/hr,No,264279,144.7945,-37.8404,Non-Intersection,HOBSONS BAY,METROPOLITAN NORTH WEST REGION,2481912.008,2406719.397,4,1,0,0,1,3,2,2,0,1,3,0,0,0,0,0,0,0,0,0,No,0,3,0,3,0,0,MELB_URBAN,MELB_URBAN,HOBSONS BAY,METROPOLITAN NORTH WEST REGION,M,M,Freeway,Freeway,Divided,Div,Metro
3403683,T20130019231,ABS to receive accident,Finished,11/9/2013,18.30.00,Yes,Struck animal,Wednesday,STRUCK ANIMAL,No,Dark No street lights,No,Not at intersection,Other injury accident,100 km/hr,No,263506,144.54298,-36.79336,Non-Intersection,BENDIGO,NORTHERN REGION,2459216.268,2522831.176,1,1,0,0,1,0,0,1,0,0,1,0,0,0,0,0,0,0,0,1,No,0,1,0,1,0,0,RURAL_VICTORIA,RURAL_VICTORIA,BENDIGO,NORTHERN REGION,B,B,Arterial Highway,Arterial Highway,Undivided,Undiv,Country
3403684,T20130019235,ABS to receive accident,Finished,18/9/2013,16.10.00,No,Collision with vehicle,Wednesday,REAR END(VEHICLES IN SAME LANE),No,Day,Yes,Not at intersection,Other injury accident,60 km/hr,No,263648,144.57552,-37.70055,Non-Intersection,MELTON,METROPOLITAN NORTH WEST REGION,2462568.929,2422176.412,5,2,0,0,2,3,2,3,0,2,3,0,0,0,0,0,0,0,0,0,No,0,3,0,3,0,0,SMALL_CITIES,SMALL_CITIES,MELTON,METROPOLITAN NORTH WEST REGION,,,Local Road,Local Road,Undivided,Undiv,Metro
3403685,T20130019238,ABS to receive accident,Finished,18/9/2013,16.00.00,No,Collision with vehicle,Wednesday,REAR END(VEHICLES IN SAME LANE),No,Day,Yes,Not at intersection,Other injury accident,60 km/hr,No,263617,145.13315,-37.6343,Non-Intersection,NILLUMBIK,METROPOLITAN NORTH WEST REGION,2511752.034,2429604.089,3,1,0,0,1,2,3,0,0,0,2,0,0,1,0,0,0,0,0,1,No,0,3,0,2,1,0,MELB_URBAN,MELB_URBAN,NILLUMBIK,METROPOLITAN NORTH WEST REGION,,,Arterial Other,Arterial Other,Undivided,Undiv,Metro
3403686,T20130019246,ABS to receive accident,Finished,18/9/2013,16.30.00,No,Collision with vehicle,Wednesday,REAR END(VEHICLES IN SAME LANE),No,Day,Yes,Not at intersection,Other injury accident,80 km/hr,No,264220,145.03852,-37.93843,Non-Intersection,KINGSTON,METROPOLITAN SOUTH EAST REGION,2503386.1,2395857.481,9,1,0,0,1,8,2,4,0,3,6,0,0,0,0,0,0,0,0,0,No,0,6,0,6,0,0,MELB_URBAN,MELB_URBAN,KINGSTON,METROPOLITAN SOUTH EAST REGION,,,Arterial Highway,Arterial Highway,Divided,Div,Metro
3403687,T20130019248,ABS to receive accident,Finished,18/9/2013,18.29.00,Yes,Collision with a fixed object,Wednesday,OFF RIGHT BEND INTO OBJECT/PARKED VEHICLE,No,Dark Street lights on,Yes,Not at intersection,Other injury accident,50 km/hr,Yes,263618,144.80917,-37.79324,Non-Intersection,BRIMBANK,METROPOLITAN NORTH WEST REGION,2483193.033,2411955.966,1,1,0,0,1,0,1,0,0,0,1,0,0,0,0,0,0,0,0,1,No,0,1,0,1,0,0,MELB_URBAN,MELB_URBAN,BRIMBANK,METROPOLITAN NORTH WEST REGION,,,Local Road,Local Road,Undivided,Undiv,Metro
3403688,T20130019249,ABS to receive accident,Finished,18/9/2013,14.44.00,No,Collision with vehicle,Wednesday,U TURN,No,Day,Yes,T intersection,Other injury accident,80 km/hr,No,42179,145.04114,-37.9422,Intersection,KINGSTON,METROPOLITAN SOUTH EAST REGION,2503616.055,2395439.284,5,1,0,0,1,4,0,5,0,3,2,0,0,0,0,0,0,0,0,0,No,0,2,0,2,0,0,MELB_URBAN,MELB_URBAN,KINGSTON,METROPOLITAN SOUTH EAST REGION,,,Arterial Highway,"Arterial Highway,Local Road",Divided,"Div,Undiv",Metro
3403689,T20130019251,ABS to receive accident,Finished,18/9/2013,21.00.00,Yes,Collision with vehicle,Wednesday,LANE CHANGE RIGHT (NOT OVERTAKING),Yes,Dark Street lights on,No,T intersection,Other injury accident,40 km/hr,No,36928,144.96248,-37.8189,Intersection,MELBOURNE,METROPOLITAN NORTH WEST REGION,2496696.526,2409124.591,2,1,0,0,1,1,1,0,0,0,0,0,0,1,1,0,0,0,0,0,No,0,2,0,0,1,0,MELBOURNE_CBD,"MELBOURNE_CBD,MELB_URBAN",MELBOURNE,METROPOLITAN NORTH WEST REGION,,,Local Road,Local Road,Divided,"Div,Undiv",Metro
3403690,T20130019252,ABS to receive accident,Finished,18/9/2013,20.00.00,Yes,Struck Pedestrian,Wednesday,PED NEAR SIDE. PED HIT BY VEHICLE FROM THE RIGHT.,Yes,Dark Street lights on,No,Not at intersection,Other injury accident,60 km/hr,No,265983,144.8921,-37.73724,Non-Intersection,MOONEE VALLEY,METROPOLITAN NORTH WEST REGION,2490490.016,2418182.905,2,1,0,0,1,1,0,1,0,0,1,1,0,0,0,0,0,0,0,0,No,0,1,0,1,0,0,MELB_URBAN,MELB_URBAN,MOONEE VALLEY,METROPOLITAN NORTH WEST REGION,,,Arterial Other,Arterial Other,Undivided,Undiv,Metro
3403691,T20130019253,ABS to receive accident,Finished,18/9/2013,19.45.00,Yes,Collision with vehicle,Wednesday,PULLING OUT -REAR END,No,Dark Street lights on,Yes,Not at intersection,Other injury accident,100 km/hr,No,264221,145.32027,-38.02732,Non-Intersection,CASEY,METROPOLITAN SOUTH EAST REGION,2528119.651,2385944.295,3,2,0,0,2,1,1,2,0,0,3,0,0,0,0,0,0,0,0,0,No,0,3,0,3,0,0,MELB_URBAN,MELB_URBAN,CASEY,METROPOLITAN SOUTH EAST REGION,M,M,Freeway,Freeway,Divided,Div,Metro
3403692,T20130019254,ABS to receive accident,Finished,18/9/2013,19.00.00,Yes,Collision with vehicle,Wednesday,RIGHT THROUGH,No,Dark Street lights on,Yes,Not at intersection,Serious injury accident,60 km/hr,No,264234,143.83076,-37.57207,Non-Intersection,BALLARAT,WESTERN REGION,2396722.065,2435884.426,4,1,0,1,0,3,1,3,0,2,1,0,0,1,0,0,0,0,0,0,No,0,2,0,1,1,0,LARGE_PROVINCIAL_CITIES,LARGE_PROVINCIAL_CITIES,BALLARAT,WESTERN REGION,C,C,Arterial Other,Arterial Other,Undivided,Undiv,Country
3403693,T20130019257,ABS to receive accident,Finished,18/9/2013,20.32.00,Yes,Collision with vehicle,Wednesday,U TURN,No,Dark Street lights on,Yes,Not at intersection,Serious injury accident,40 km/hr,No,265607,144.98152,-37.79866,Non-Intersection,YARRA,METROPOLITAN NORTH WEST REGION,2498372.454,2411370.573,2,1,0,1,0,1,1,1,0,0,1,0,0,1,0,0,0,0,0,0,No,0,2,0,1,1,0,MELB_URBAN,MELB_URBAN,YARRA,METROPOLITAN NORTH WEST REGION,,,Arterial Other,Arterial Other,Undivided,Undiv,Metro
3403694,T20130019672,ABS to receive accident,Finished,24/9/2013,10.45.00,No,Collision with vehicle,Tuesday,REAR END(VEHICLES IN SAME LANE),No,Day,Yes,Cross intersection,Serious injury accident,60 km/hr,No,38173,145.05364,-37.75802,Intersection,BANYULE,METROPOLITAN NORTH WEST REGION,2504726.061,2415879.847,3,1,0,1,0,2,1,2,0,1,2,0,0,0,0,0,0,0,0,1,No,0,2,0,2,0,0,MELB_URBAN,MELB_URBAN,BANYULE,METROPOLITAN NORTH WEST REGION,,,Arterial Other,"Arterial Other,Local Road",Undivided,Undiv,Metro
3403695,T20130019674,ABS to receive accident,Finished,24/9/2013,10.45.00,No,Struck Pedestrian,Tuesday,PED NEAR SIDE. PED HIT BY VEHICLE FROM THE RIGHT.,No,Day,Yes,Not at intersection,Serious injury accident,50 km/hr,No,81732,144.99739,-37.7645,Non-Intersection,DAREBIN,METROPOLITAN NORTH WEST REGION,2499770.026,2415162.477,2,1,0,1,0,1,1,1,0,0,1,1,0,0,0,0,0,0,0,0,No,0,1,0,1,0,0,MELB_URBAN,MELB_URBAN,DAREBIN,METROPOLITAN NORTH WEST REGION,,,Local Road,Local Road,Undivided,Undiv,Metro
3403696,T20130019676,ABS to receive accident,Finished,24/9/2013,14.00.00,No,Collision with vehicle,Tuesday,LANE CHANGE LEFT (NOT OVERTAKING),No,Day,Yes,Not at intersection,Serious injury accident,80 km/hr,No,264292,145.04376,-37.84845,Non-Intersection,STONNINGTON,METROPOLITAN SOUTH EAST REGION,2503851.246,2405844.144,5,3,0,1,2,2,3,2,0,2,3,0,0,0,0,0,0,0,0,1,No,0,3,2,1,0,0,MELB_URBAN,MELB_URBAN,STONNINGTON,METROPOLITAN SOUTH EAST REGION,M,M,Freeway,Freeway,Divided,Div,Metro
3403697,T20130019680,ABS to receive accident,Finished,23/9/2013,06.26.00,No,Collision with vehicle,Monday,RIGHT THROUGH,No,Dusk/Dawn,Yes,Cross intersection,Serious injury accident,80 km/hr,No,26,145.21351,-38.02378,Intersection,DANDENONG,METROPOLITAN SOUTH EAST REGION,2518746.993,2386363.394,2,1,0,1,0,1,2,0,0,0,1,0,0,1,0,0,0,0,0,0,No,0,2,0,1,1,0,MELB_URBAN,MELB_URBAN,DANDENONG,METROPOLITAN SOUTH EAST REGION,,,Arterial Highway,"Arterial Highway,Local Road",Divided,"Div,Undiv",Metro
3403698,T20130019681,ABS to receive accident,Finished,24/9/2013,11.58.00,No,Collision with a fixed object,Tuesday,LEFT OFF CARRIAGEWAY INTO OBJECT/PARKED VEHICLE,No,Day,Yes,Not at intersection,Fatal accident,100 km/hr,Yes,264049,146.00701,-36.80943,Non-Intersection,BENALLA,NORTH EASTERN REGION,2589844.37,2520670.327,2,2,1,1,0,0,1,1,0,1,1,0,0,0,0,0,0,0,0,0,No,0,1,0,1,0,0,RURAL_VICTORIA,RURAL_VICTORIA,BENALLA,NORTH EASTERN REGION,B,B,Arterial Highway,Arterial Highway,Undivided,Undiv,Country
3403699,T20130019684,ABS to receive accident,Finished,21/8/2013,16.45.00,No,Collision with vehicle,Wednesday,REAR END(VEHICLES IN SAME LANE),No,Day,No,Not at intersection,Other injury accident,50 km/hr,No,264025,144.9456,-37.73986,Non-Intersection,MORELAND,METROPOLITAN NORTH WEST REGION,2495205.099,2417895.808,2,1,0,0,1,1,1,1,0,0,2,0,0,0,0,0,0,0,0,0,No,0,2,0,2,0,0,MELB_URBAN,MELB_URBAN,MORELAND,METROPOLITAN NORTH WEST REGION,,,Arterial Other,Arterial Other,Undivided,Undiv,Metro
3403700,T20130019685,ABS to receive accident,Finished,24/9/2013,16.10.00,No,Collision with vehicle,Tuesday,LEFT TURN SIDESWIPE,No,Day,Yes,T intersection,Serious injury accident,50 km/hr,No,263675,144.40652,-38.16848,Intersection,GEELONG,SOUTH WESTERN REGION,2447990.089,2370160.288,2,1,0,1,0,1,2,0,1,0,1,0,0,0,0,0,0,0,0,0,No,0,2,1,0,0,0,LARGE_PROVINCIAL_CITIES,LARGE_PROVINCIAL_CITIES,GEELONG,SOUTH WESTERN REGION,,,Local Road,Local Road,Undivided,Undiv,Country
3403701,T20130019686,ABS to receive accident,Finished,24/9/2013,15.57.00,No,Collision with vehicle,Tuesday,REAR END(VEHICLES IN SAME LANE),No,Day,Yes,Not at intersection,Serious injury accident,60 km/hr,No,272612,144.88995,-37.78884,Non-Intersection,MARIBYRNONG,METROPOLITAN NORTH WEST REGION,2490306.733,2412455.519,3,2,0,2,0,1,2,1,0,1,2,0,0,0,0,0,0,0,0,0,No,0,2,0,1,0,0,MELB_URBAN,MELB_URBAN,MARIBYRNONG,METROPOLITAN NORTH WEST REGION,,,Arterial Other,Arterial Other,Undivided,Undiv,Metro
3403702,T20130019687,ABS to receive accident,Finished,24/9/2013,14.00.00,No,Collision with vehicle,Tuesday,CROSS TRAFFIC(INTERSECTIONS ONLY),No,Day,Yes,Cross intersection,Other injury accident,60 km/hr,No,264327,142.03009,-36.45687,Intersection,HINDMARSH,WESTERN REGION,2233846.577,2556112.875,2,1,0,0,1,1,1,1,0,0,2,0,0,0,0,0,0,0,1,0,No,0,2,0,2,0,0,TOWNS,TOWNS,HINDMARSH,WESTERN REGION,C,C,Arterial Other,"Arterial Other,Local Road",Undivided,Undiv,Country
3403703,T20130019689,ABS to receive accident,Finished,24/9/2013,15.40.00,No,Collision with a fixed object,Tuesday,RIGHT OFF CARRIAGEWAY INTO OBJECT/PARKED VEHICLE,No,Day,Yes,Not at intersection,Other injury accident,100 km/hr,Yes,264794,144.62251,-37.93282,Non-Intersection,WYNDHAM,METROPOLITAN NORTH WEST REGION,2466814.592,2396415.102,3,3,0,0,3,0,1,2,0,2,1,0,0,0,0,0,0,0,0,1,No,1,1,0,1,0,0,RURAL_VICTORIA,RURAL_VICTORIA,WYNDHAM,METROPOLITAN NORTH WEST REGION,M,M,Freeway,Freeway,Divided,Div,Metro
3403704,T20130019690,ABS to receive accident,Finished,24/9/2013,15.55.00,No,Collision with vehicle,Tuesday,RIGHT THROUGH,No,Day,Yes,Cross intersection,Other injury accident,40 km/hr,No,29470,144.98799,-37.83851,Intersection,STONNINGTON,METROPOLITAN SOUTH EAST REGION,2498942.959,2406947.776,2,1,0,0,1,1,1,1,0,0,1,0,0,1,0,0,0,0,0,0,No,0,2,0,1,1,0,MELB_URBAN,MELB_URBAN,STONNINGTON,METROPOLITAN SOUTH EAST REGION,,,Arterial Other,"Arterial Other,Local Road",Undivided,Undiv,Metro
3403705,T20130019693,ABS to receive accident,Finished,24/9/2013,17.00.00,No,Collision with a fixed object,Monday,RIGHT OFF CARRIAGEWAY INTO OBJECT/PARKED VEHICLE,No,Dusk/Dawn,Yes,Multiple intersection,Other injury accident,100 km/hr,Yes,278934,144.29278,-38.17187,Intersection,GEELONG,SOUTH WESTERN REGION,2438025.664,2369716.587,1,1,0,0,1,0,0,1,0,0,1,0,0,0,0,0,0,0,0,0,No,0,1,0,1,0,0,LARGE_PROVINCIAL_CITIES,"RURAL_VICTORIA,LARGE_PROVINCIAL_CITIES",GEELONG,SOUTH WESTERN REGION,M,"M,C",Freeway,"Freeway,Arterial Other",Divided,"Div,Undiv",Country
3403706,T20130019694,ABS to receive accident,Finished,24/9/2013,18.05.00,Yes,Struck Pedestrian,Tuesday,PED WALKING AGAINST TRAFFIC.,No,Day,Yes,T intersection,Other injury accident,60 km/hr,No,42999,145.1994,-37.98755,Intersection,DANDENONG,METROPOLITAN SOUTH EAST REGION,2517516.968,2390387.286,2,1,0,0,1,1,2,0,0,0,1,1,0,0,0,0,0,0,0,0,No,0,1,0,1,0,0,MELB_URBAN,MELB_URBAN,DANDENONG,METROPOLITAN SOUTH EAST REGION,,,Local Road,Local Road,Undivided,Undiv,Metro
3403707,T20130020118,ABS to receive accident,Finished,30/9/2013,12.46.00,No,Collision with a fixed object,Monday,OFF RIGHT BEND INTO OBJECT/PARKED VEHICLE,No,Day,Yes,T intersection,Serious injury accident,60 km/hr,Yes,263793,145.30704,-37.56707,Intersection,NILLUMBIK,METROPOLITAN NORTH WEST REGION,2527122.625,2437030.127,1,1,0,1,0,0,1,0,0,0,0,0,0,1,0,0,0,0,0,0,No,0,1,0,0,1,0,RURAL_VICTORIA,RURAL_VICTORIA,NILLUMBIK,METROPOLITAN NORTH WEST REGION,C,C,Arterial Other,"Arterial Other,Local Road",Undivided,Undiv,Metro
3403708,T20130020119,ABS to receive accident,Finished,2/8/2013,18.45.00,Yes,Collision with a fixed object,Friday,OFF RIGHT BEND INTO OBJECT/PARKED VEHICLE,No,Dark Street lights on,No,Not at intersection,Other injury accident,100 km/hr,Yes,271070,143.54524,-35.81805,Non-Intersection,GANNAWARRA,NORTHERN REGION,2368530.068,2630142.392,1,1,0,0,1,0,1,0,0,0,1,0,0,0,0,0,0,0,0,0,No,0,1,0,1,0,0,RURAL_VICTORIA,RURAL_VICTORIA,GANNAWARRA,NORTHERN REGION,,,Local Road,Local Road,Undivided,Undiv,Country
3403709,T20130020121,ABS to receive accident,Finished,26/9/2013,15.30.00,No,Collision with vehicle,Thursday,HEAD ON (NOT OVERTAKING),No,Day,Yes,T intersection,Other injury accident,100 km/hr,No,264375,145.78829,-38.31063,Intersection,SOUTH GIPPSLAND,EASTERN REGION,2568950.824,2354257.271,6,1,0,0,1,5,4,2,0,4,2,0,0,0,0,0,0,0,0,1,No,0,2,0,2,0,0,RURAL_VICTORIA,RURAL_VICTORIA,SOUTH GIPPSLAND,"EASTERN REGION,EASTERN REGION",,,Local Road,Local Road,Undivided,Undiv,Country
3403710,T20130020123,ABS to receive accident,Finished,17/9/2013,10.20.00,No,Collision with vehicle,Tuesday,RIGHT THROUGH,No,Day,No,Cross intersection,Other injury accident,80 km/hr,No,43624,145.29816,-38.02008,Intersection,CASEY,METROPOLITAN SOUTH EAST REGION,2526181.202,2386754.418,2,1,0,0,1,1,1,1,0,0,2,0,0,0,0,0,0,0,0,0,No,0,2,0,2,0,0,MELB_URBAN,MELB_URBAN,CASEY,METROPOLITAN SOUTH EAST REGION,,,Arterial Highway,"Arterial Highway,Local Road",Divided,"Div,Undiv",Metro
3403711,T20130020127,ABS to receive accident,Finished,30/9/2013,12.00.00,No,No collision and no object struck,Monday,OFF END OF ROAD/T-INTERSECTION.,No,Day,Yes,T intersection,Other injury accident,100 km/hr,No,51858,144.11479,-35.65884,Intersection,GANNAWARRA,NORTHERN REGION,2419835.715,2648440.146,3,2,0,0,2,1,1,2,0,2,1,0,0,0,0,0,0,0,1,0,No,0,1,0,1,0,0,RURAL_VICTORIA,RURAL_VICTORIA,GANNAWARRA,NORTHERN REGION,C,C,Arterial Other,"Arterial Other,Local Road",Undivided,Undiv,Country
3403712,T20130020129,ABS to receive accident,Finished,30/9/2013,14.15.00,No,Collision with vehicle,Monday,HEAD ON (NOT OVERTAKING),No,Day,Yes,Not at intersection,Serious injury accident,80 km/hr,No,263794,143.9552,-38.57622,Non-Intersection,SURF COAST,SOUTH WESTERN REGION,2408936.706,2324556.072,4,1,0,1,0,3,2,2,0,2,2,0,0,0,0,0,0,0,0,0,No,0,2,0,2,0,0,RURAL_VICTORIA,RURAL_VICTORIA,SURF COAST,SOUTH WESTERN REGION,B,B,Arterial Highway,Arterial Highway,Undivided,Undiv,Country
3403713,T20130020131,ABS to receive accident,Finished,30/9/2013,12.30.00,No,Collision with a fixed object,Monday,OFF RIGHT BEND INTO OBJECT/PARKED VEHICLE,No,Day,Yes,Not at intersection,Other injury accident,100 km/hr,Yes,264445,143.22112,-38.68264,Non-Intersection,CORANGAMITE,SOUTH WESTERN REGION,2345181.98,2311792.931,3,3,0,0,3,0,2,1,0,2,1,0,0,0,0,0,0,0,0,0,No,0,1,0,1,0,0,RURAL_VICTORIA,RURAL_VICTORIA,CORANGAMITE,SOUTH WESTERN REGION,,,Local Road,Local Road,Undivided,Undiv,Country
3403714,T20130020134,ABS to receive accident,Finished,31/7/2013,08.00.00,No,Collision with vehicle,Wednesday,REAR END(VEHICLES IN SAME LANE),No,Day,No,Not at intersection,Other injury accident,100 km/hr,No,263923,144.85209,-37.73716,Non-Intersection,BRIMBANK,METROPOLITAN NORTH WEST REGION,2486962.979,2418186.866,2,1,0,0,1,1,1,1,0,0,2,0,0,0,0,0,0,0,0,0,No,0,2,0,2,0,0,MELB_URBAN,MELB_URBAN,BRIMBANK,METROPOLITAN NORTH WEST REGION,M,M,Freeway,Freeway,Divided,Div,Metro