OBJECTID,ACCIDENT_NO,ABS_CODE,ACCIDENT_STATUS,ACCIDENT_DATE,ACCIDENT_TIME,ALCOHOLTIME,ACCIDENT_TYPE,DAY_OF_WEEK,DCA_CODE,HIT_RUN_FLAG,LIGHT_CONDITION,POLICE_ATTEND,ROAD_GEOMETRY,SEVERITY,SPEED_ZONE,RUN_OFFROAD,NODE_ID,LONGITUDE,LATITUDE,NODE_TYPE,LGA_NAME,REGION_NAME,VICGRID_X,VICGRID_Y,TOTAL_PERSONS,INJ_OR_FATAL,FATALITY,SERIOUSINJURY,OTHERINJURY,NONINJURED,MALES,FEMALES,BICYCLIST,PASSENGER,DRIVER,PEDESTRIAN,PILLION,MOTORIST,UNKNOWN,PED_CYCLIST_5_12,PED_CYCLIST_13_18,OLD_PEDESTRIAN,OLD_DRIVER,YOUNG_DRIVER,ALCOHOL_RELATED,UNLICENCSED,NO_OF_VEHICLES,HEAVYVEHICLE,PASSENGERVEHICLE,MOTORCYCLE,PUBLICVEHICLE,DEG_URBAN_NAME,DEG_URBAN_ALL,LGA_NAME_ALL,REGION_NAME_ALL,SRNS,SRNS_ALL,RMA,RMA_ALL,DIVIDED,DIVIDED_ALL,STAT_DIV_NAME
3403715,T20130020136,ABS to receive accident,Finished,30/9/2013,12.40.00,No,Struck Pedestrian,Monday,PED NEAR SIDE. PED HIT BY VEHICLE FROM THE RIGHT.,No,Day,Yes,Cross intersection,Serious injury accident,40 km/hr,No,36267,144.96038,-37.80818,Intersection,MELBOURNE,METROPOLITAN NORTH WEST REGION,2496510.825,2410313.621,2,1,0,1,0,1,0,2,0,0,1,1,0,0,0,0,0,0,0,0,No,0,1,0,1,0,0,MELB_URBAN,MELB_URBAN,MELBOURNE,METROPOLITAN NORTH WEST REGION,,,Local Road,Local Road,Divided,"Div,Undiv",Metro
3403716,T20130020137,ABS to receive accident,Finished,30/9/2013,17.20.00,No,Collision with vehicle,Monday,REAR END(VEHICLES IN SAME LANE),No,Day,Yes,Not at intersection,Serious injury accident,80 km/hr,No,263795,144.91475,-37.83216,Non-Intersection,MELBOURNE,METROPOLITAN NORTH WEST REGION,2492495.847,2407649.425,4,1,0,1,0,3,1,3,0,2,2,0,0,0,0,0,0,0,0,0,No,0,2,0,2,0,0,MELB_URBAN,MELB_URBAN,MELBOURNE,METROPOLITAN NORTH WEST REGION,M,M,Freeway,Freeway,Divided,Div,Metro
3403717,T20130020138,ABS to receive accident,Finished,20/9/2013,16.00.00,Yes,Collision with a fixed object,Friday,LEFT OFF CARRIAGEWAY INTO OBJECT/PARKED VEHICLE,No,Day,No,Not at intersection,Serious injury accident,100 km/hr,Yes,263755,146.54024,-38.29532,Non-Intersection,LATROBE,EASTERN REGION,2634746.681,2355151.675,1,1,0,1,0,0,1,0,0,0,0,0,0,1,0,0,0,0,0,0,No,0,1,0,0,1,0,SMALL_TOWNS,SMALL_TOWNS,LATROBE,"EASTERN REGION,EASTERN REGION",,,Local Road,Local Road,Undivided,Undiv,Country
3403718,T20130020141,ABS to receive accident,Finished,28/9/2013,10.00.00,No,Collision with a fixed object,Saturday,OFF END OF ROAD/T-INTERSECTION.,No,Day,No,T intersection,Serious injury accident,50 km/hr,No,39032,144.77465,-37.73359,Intersection,BRIMBANK,METROPOLITAN NORTH WEST REGION,2480137.351,2418569.123,1,1,0,1,0,0,1,0,0,0,1,0,0,0,0,0,0,0,0,0,No,0,1,0,1,0,0,MELB_URBAN,MELB_URBAN,BRIMBANK,METROPOLITAN NORTH WEST REGION,,,Local Road,Local Road,Undivided,Undiv,Metro
3403719,T20130020143,ABS to receive accident,Finished,22/9/2013,15.00.00,No,Struck animal,Sunday,STRUCK ANIMAL,No,Day,No,Not at intersection,Other injury accident,80 km/hr,No,264288,145.67018,-37.75427,Non-Intersection,YARRA RANGES,METROPOLITAN SOUTH EAST REGION,2559055.002,2416090.225,1,1,0,0,1,0,1,0,0,0,0,0,0,1,0,0,0,0,0,0,No,0,1,0,0,1,0,RURAL_VICTORIA,RURAL_VICTORIA,YARRA RANGES,METROPOLITAN SOUTH EAST REGION,B,B,Arterial Highway,Arterial Highway,Undivided,Undiv,Metro
3403720,T20130018855,ABS to receive accident,Finished,11/9/2013,17.30.00,No,Collision with a fixed object,Wednesday,LEFT OFF CARRIAGEWAY INTO OBJECT/PARKED VEHICLE,Yes,Dusk/Dawn,No,Not at intersection,Other injury accident,80 km/hr,Yes,267005,145.15371,-38.50089,Non-Intersection,BASS COAST,EASTERN REGION,2513410.537,2333409.52,1,1,0,0,1,0,1,0,0,0,1,0,0,0,0,0,0,0,0,0,No,0,1,0,1,0,0,RURAL_VICTORIA,RURAL_VICTORIA,BASS COAST,"EASTERN REGION,EASTERN REGION",C,C,Arterial Other,Arterial Other,Undivided,Undiv,Country
3403721,T20130018858,ABS to receive accident,Finished,8/7/2013,13.27.00,No,Collision with vehicle,Monday,CROSS TRAFFIC(INTERSECTIONS ONLY),No,Day,Yes,Cross intersection,Other injury accident,80 km/hr,No,231578,145.4752,-38.07092,Intersection,CARDINIA,METROPOLITAN SOUTH EAST REGION,2541698.568,2381048.148,2,1,0,0,1,1,1,1,0,0,2,0,0,0,0,0,0,0,1,0,No,0,2,0,2,0,0,SMALL_CITIES,SMALL_CITIES,CARDINIA,METROPOLITAN SOUTH EAST REGION,C,C,Arterial Other,"Arterial Other,Local Road",Divided,"Div,Undiv",Metro
3403722,T20130018859,ABS to receive accident,Finished,12/9/2013,15.45.00,No,Collision with vehicle,Thursday,REAR END(VEHICLES IN SAME LANE),No,Day,Yes,Not at intersection,Other injury accident,100 km/hr,No,263465,145.14227,-36.82281,Non-Intersection,STRATHBOGIE,NORTH EASTERN REGION,2512690.769,2519651.403,2,1,0,0,1,1,2,0,0,0,2,0,0,0,0,0,0,0,0,0,No,0,2,2,0,0,0,RURAL_VICTORIA,RURAL_VICTORIA,STRATHBOGIE,NORTH EASTERN REGION,C,C,Arterial Other,Arterial Other,Undivided,Undiv,Country
3403723,T20130018861,ABS to receive accident,Finished,13/9/2013,09.30.00,No,Collision with vehicle,Friday,VEHICLE STRIKES DOOR OF PARKED/STATIONARY VEHICLE,No,Day,Yes,Not at intersection,Other injury accident,60 km/hr,No,263613,145.00422,-37.74044,Non-Intersection,DAREBIN,METROPOLITAN NORTH WEST REGION,2500371.889,2417832.48,2,1,0,0,1,1,1,1,1,0,1,0,0,0,0,0,0,0,0,0,No,0,2,0,1,0,0,MELB_URBAN,MELB_URBAN,DAREBIN,METROPOLITAN NORTH WEST REGION,,,Local Road,Local Road,Undivided,Undiv,Metro
3403724,T20130018862,ABS to receive accident,Finished,13/9/2013,07.30.00,No,Collision with a fixed object,Friday,LEFT OFF CARRIAGEWAY INTO OBJECT/PARKED VEHICLE,No,Day,Yes,Not at intersection,Serious injury accident,50 km/hr,Yes,263746,143.56069,-35.33774,Non-Intersection,SWAN HILL,NORTHERN REGION,2369120.848,2683456.425,1,1,0,1,0,0,1,0,0,0,1,0,0,0,0,0,0,0,0,1,No,0,1,0,1,0,0,TOWNS,TOWNS,SWAN HILL,NORTHERN REGION,B,B,Arterial Highway,Arterial Highway,Undivided,Undiv,Country
3403725,T20130018863,ABS to receive accident,Finished,13/9/2013,09.00.00,No,Collision with vehicle,Friday,RIGHT REAR.,No,Day,No,Cross intersection,Other injury accident,70 km/hr,No,42329,145.0797,-37.93858,Intersection,GLEN EIRA,METROPOLITAN SOUTH EAST REGION,2507005.868,2395838.452,3,2,0,0,2,1,2,1,0,0,3,0,0,0,0,0,0,0,0,0,No,0,3,0,3,0,0,MELB_URBAN,MELB_URBAN,"KINGSTON,GLEN EIRA",METROPOLITAN SOUTH EAST REGION,,,Arterial Highway,"Arterial Other,Arterial Highway",Divided,Div,Metro
3403726,T20130018864,ABS to receive accident,Finished,13/9/2013,08.05.00,No,Collision with a fixed object,Friday,RIGHT OFF CARRIAGEWAY INTO OBJECT/PARKED VEHICLE,No,Day,Yes,Cross intersection,Other injury accident,60 km/hr,Yes,61818,144.56667,-37.69217,Intersection,MELTON,METROPOLITAN NORTH WEST REGION,2461784.498,2423102.547,1,1,0,0,1,0,1,0,0,0,1,0,0,0,0,0,0,0,0,0,No,0,1,0,1,0,0,SMALL_CITIES,SMALL_CITIES,MELTON,METROPOLITAN NORTH WEST REGION,M,"M,C",Freeway,"Freeway,Local Road,Arterial Other",Divided,"Div,Undiv",Metro
3403727,T20130018865,ABS to receive accident,Finished,13/9/2013,08.45.00,No,Collision with vehicle,Friday,HEAD ON (NOT OVERTAKING),No,Day,Yes,Not at intersection,Serious injury accident,100 km/hr,No,265276,145.73938,-38.3157,Non-Intersection,SOUTH GIPPSLAND,EASTERN REGION,2564668.801,2353728.524,5,2,0,1,1,3,2,3,0,3,1,0,0,1,0,0,0,0,0,0,No,1,2,0,1,1,0,RURAL_VICTORIA,RURAL_VICTORIA,SOUTH GIPPSLAND,"EASTERN REGION,EASTERN REGION",,,Local Road,Local Road,Undivided,Undiv,Country
3403728,T20130018869,ABS to receive accident,Finished,13/9/2013,08.18.00,No,Collision with vehicle,Friday,RIGHT THROUGH,No,Day,Yes,T intersection,Other injury accident,50 km/hr,No,65417,144.94684,-37.80274,Intersection,MELBOURNE,METROPOLITAN NORTH WEST REGION,2495318.698,2410917.034,3,1,0,0,1,2,1,2,1,1,1,0,0,0,0,0,0,0,0,0,No,0,2,0,1,0,0,MELB_URBAN,MELB_URBAN,MELBOURNE,METROPOLITAN NORTH WEST REGION,,,Local Road,Local Road,Undivided,Undiv,Metro
3403729,T20130018871,ABS to receive accident,Finished,2/9/2013,18.20.00,Yes,Collision with vehicle,Monday,REAR END(VEHICLES IN SAME LANE),No,Day,No,Not at intersection,Other injury accident,60 km/hr,No,263647,145,-37.85869,Non-Intersection,STONNINGTON,METROPOLITAN SOUTH EAST REGION,2500000.063,2404708.967,3,1,0,0,1,2,0,3,0,0,3,0,0,0,0,0,0,0,0,0,No,0,3,0,3,0,0,MELB_URBAN,MELB_URBAN,STONNINGTON,METROPOLITAN SOUTH EAST REGION,,,Arterial Highway,Arterial Highway,Divided,Div,Metro
3403730,T20130018873,ABS to receive accident,Finished,12/9/2013,10.30.00,No,Collision with a fixed object,Thursday,RIGHT OFF CARRIAGEWAY INTO OBJECT/PARKED VEHICLE,No,Day,No,Not at intersection,Serious injury accident,Not known,Yes,263600,144.20916,-37.8702,Non-Intersection,GOLDEN PLAINS,SOUTH WESTERN REGION,2430419.609,2403142.354,1,1,0,1,0,0,1,0,0,0,1,0,0,0,0,0,0,0,0,0,No,0,1,0,1,0,0,RURAL_VICTORIA,RURAL_VICTORIA,GOLDEN PLAINS,SOUTH WESTERN REGION,,,Local Road,Local Road,Undivided,Undiv,Country
3403731,T20130018874,ABS to receive accident,Finished,11/9/2013,17.10.00,No,Collision with vehicle,Wednesday,VEHICLE STRIKES DOOR OF PARKED/STATIONARY VEHICLE,Not known,Unk.,No,Not at intersection,Other injury accident,Not known,No,263369,145.07922,-37.88157,Non-Intersection,STONNINGTON,METROPOLITAN SOUTH EAST REGION,2506969.22,2402166.219,2,1,0,0,1,1,1,0,1,0,0,0,0,0,1,0,0,0,0,0,No,0,2,0,0,0,0,MELB_URBAN,MELB_URBAN,STONNINGTON,METROPOLITAN SOUTH EAST REGION,,,Local Road,Local Road,Undivided,Undiv,Metro
3403732,T20130018884,ABS to receive accident,Finished,13/9/2013,10.26.00,No,Collision with vehicle,Friday,VEHICLE OFF FOOTPATH STRIKES VEH ON CARRIAGEWAY,No,Day,Yes,Cross intersection,Serious injury accident,60 km/hr,No,29785,145.02371,-37.65188,Intersection,WHITTLESEA,METROPOLITAN NORTH WEST REGION,2502092.443,2427660.957,2,1,0,1,0,1,1,1,1,0,1,0,0,0,0,0,0,0,0,0,No,0,2,0,1,0,0,MELB_URBAN,MELB_URBAN,WHITTLESEA,METROPOLITAN NORTH WEST REGION,,,Arterial Other,Arterial Other,Divided,Div,Metro
3403733,T20130019259,ABS to receive accident,Finished,18/9/2013,15.00.00,No,Struck Pedestrian,Wednesday,PED NEAR SIDE. PED HIT BY VEHICLE FROM THE RIGHT.,No,Day,Yes,Cross intersection,Other injury accident,60 km/hr,No,38567,144.84536,-37.79005,Intersection,BRIMBANK,METROPOLITAN NORTH WEST REGION,2486380.154,2412315.285,2,1,0,0,1,1,1,1,0,0,1,1,0,0,0,0,0,0,0,0,No,0,1,0,1,0,0,MELB_URBAN,MELB_URBAN,"MARIBYRNONG,BRIMBANK",METROPOLITAN NORTH WEST REGION,,,Local Road,Local Road,Divided,"Div,Undiv",Metro
3403734,T20130019262,ABS to receive accident,Finished,18/9/2013,23.44.00,Yes,Struck Pedestrian,Wednesday,PED WALKING WITH TRAFFIC,No,Dark Street lights on,Yes,Not at intersection,Serious injury accident,50 km/hr,No,264107,144.95149,-37.29381,Non-Intersection,MITCHELL,NORTHERN REGION,2495699.135,2467396.523,2,1,0,1,0,1,1,1,0,0,1,1,0,0,0,0,0,0,0,0,No,0,1,0,1,0,0,TOWNS,TOWNS,MITCHELL,NORTHERN REGION,B,B,Arterial Highway,Arterial Highway,Undivided,Undiv,Country
3403735,T20130019264,ABS to receive accident,Finished,19/9/2013,04.22.00,Yes,Collision with vehicle,Thursday,VEHICLE STRIKES DOOR OF PARKED/STATIONARY VEHICLE,No,Unk.,No,Not at intersection,Serious injury accident,40 km/hr,No,81012,144.99397,-37.8479,Non-Intersection,STONNINGTON,METROPOLITAN SOUTH EAST REGION,2499468.902,2405906.202,2,1,0,1,0,1,1,1,1,0,1,0,0,0,0,0,0,0,0,0,No,0,2,0,1,0,0,MELB_URBAN,MELB_URBAN,STONNINGTON,METROPOLITAN SOUTH EAST REGION,,,Local Road,Local Road,Undivided,Undiv,Metro
3403736,T20130019266,ABS to receive accident,Finished,19/9/2013,03.34.00,Yes,Struck Pedestrian,Thursday,VEH STRIKES PED ON FOOTPATH/MEDIAN/TRAFFIC ISLAND.,No,Dark Street lights on,Yes,Not at intersection,Serious injury accident,60 km/hr,No,263500,144.88919,-37.79106,Non-Intersection,MARIBYRNONG,METROPOLITAN NORTH WEST REGION,2490240.249,2412208.929,3,2,0,2,0,1,2,1,0,0,2,1,0,0,0,0,0,0,0,1,No,0,2,0,2,0,0,MELB_URBAN,MELB_URBAN,MARIBYRNONG,METROPOLITAN NORTH WEST REGION,,,Arterial Other,Arterial Other,Undivided,Undiv,Metro
3403737,T20130019267,ABS to receive accident,Finished,19/9/2013,03.00.00,Yes,Vehicle overturned (no collision),Thursday,OUT OF CONTROL ON CARRIAGEWAY (ON STRAIGHT),No,Dark Street lights on,Yes,Not at intersection,Other injury accident,110 km/hr,No,263623,146.42453,-38.24445,Non-Intersection,LATROBE,EASTERN REGION,2624709.24,2360956.188,1,1,0,0,1,0,1,0,0,0,1,0,0,0,0,0,0,0,0,0,No,0,1,0,1,0,0,RURAL_VICTORIA,RURAL_VICTORIA,LATROBE,"EASTERN REGION,EASTERN REGION",M,M,Freeway,Freeway,Divided,Div,Country
3403738,T20130019268,ABS to receive accident,Finished,17/8/2013,23.00.00,Yes,Fall from or in moving vehicle,Saturday,FELL IN/FROM VEHICLE,No,Dark No street lights,No,Not at intersection,Other injury accident,Not known,No,263569,142.23744,-36.75446,Non-Intersection,HORSHAM,WESTERN REGION,2253380.889,2523665.804,5,2,0,0,2,3,2,3,0,4,1,0,0,0,0,0,0,0,0,1,No,0,1,0,1,0,0,RURAL_VICTORIA,RURAL_VICTORIA,HORSHAM,WESTERN REGION,A,A,Arterial Highway,Arterial Highway,Undivided,Undiv,Country
3403739,T20130019269,ABS to receive accident,Finished,18/9/2013,15.20.00,No,Collision with a fixed object,Wednesday,LEFT OFF CARRIAGEWAY INTO OBJECT/PARKED VEHICLE,No,Day,Yes,Not at intersection,Other injury accident,110 km/hr,Yes,263619,145.88374,-38.14179,Non-Intersection,BAW BAW,EASTERN REGION,2577473.833,2372925.73,1,1,0,0,1,0,0,1,0,0,1,0,0,0,0,0,0,0,0,0,Yes,0,1,0,1,0,0,TOWNS,TOWNS,BAW BAW,"EASTERN REGION,EASTERN REGION",C,C,Arterial Other,Arterial Other,Divided,Div,Country
3403740,T20130019270,ABS to receive accident,Finished,19/9/2013,06.50.00,No,Collision with vehicle,Thursday,LANE SIDE SWIPE (VEHICLES IN PARALLEL LANES),No,Day,Yes,Not at intersection,Other injury accident,100 km/hr,No,264224,144.85151,-37.73799,Non-Intersection,BRIMBANK,METROPOLITAN NORTH WEST REGION,2486912.718,2418094.294,5,1,0,0,1,4,5,0,0,0,5,0,0,0,0,0,0,0,0,2,No,0,5,2,3,0,0,MELB_URBAN,MELB_URBAN,BRIMBANK,METROPOLITAN NORTH WEST REGION,M,M,Freeway,Freeway,Divided,Div,Metro
3403741,T20130019271,ABS to receive accident,Finished,19/9/2013,08.57.00,No,Collision with vehicle,Thursday,ENTERING PARKING,No,Day,Yes,Not at intersection,Serious injury accident,60 km/hr,No,263501,144.29495,-36.76932,Non-Intersection,BENDIGO,NORTHERN REGION,2437062.845,2525362.524,2,1,0,1,0,1,1,1,1,0,1,0,0,0,0,0,0,0,0,0,No,0,2,0,1,0,0,LARGE_PROVINCIAL_CITIES,LARGE_PROVINCIAL_CITIES,BENDIGO,NORTHERN REGION,C,C,Arterial Other,Arterial Other,Divided,Div,Country
3403742,T20130019272,ABS to receive accident,Finished,17/7/2013,09.20.00,No,Collision with vehicle,Wednesday,REAR END(VEHICLES IN SAME LANE),No,Day,No,Cross intersection,Other injury accident,Not known,No,29504,145.09926,-37.77041,Intersection,MANNINGHAM,METROPOLITAN SOUTH EAST REGION,2508744.467,2414502.073,2,1,0,0,1,1,0,2,0,0,2,0,0,0,0,0,0,0,0,1,No,0,2,0,2,0,0,MELB_URBAN,MELB_URBAN,MANNINGHAM,METROPOLITAN SOUTH EAST REGION,,,Arterial Other,Arterial Other,Divided,Div,Metro
3403743,T20130019274,ABS to receive accident,Finished,19/9/2013,08.30.00,No,Collision with vehicle,Thursday,RIGHT THROUGH,No,Day,Yes,Not at intersection,Other injury accident,60 km/hr,No,263625,144.29936,-36.73861,Non-Intersection,BENDIGO,NORTHERN REGION,2437431.614,2528773.154,2,1,0,0,1,1,2,0,1,0,1,0,0,0,0,0,0,0,0,0,No,0,2,0,1,0,0,LARGE_PROVINCIAL_CITIES,LARGE_PROVINCIAL_CITIES,BENDIGO,NORTHERN REGION,A,A,Arterial Highway,Arterial Highway,Undivided,Undiv,Country
3403744,T20130019278,ABS to receive accident,Finished,19/9/2013,10.00.00,No,Collision with vehicle,Thursday,REAR END(VEHICLES IN SAME LANE),No,Day,Yes,Cross intersection,Serious injury accident,75 km/hr,No,52761,143.84939,-37.53531,Intersection,BALLARAT,WESTERN REGION,2398318.376,2439983.279,2,2,0,1,1,0,1,1,0,0,2,0,0,0,0,0,0,0,1,0,No,0,2,0,2,0,0,LARGE_PROVINCIAL_CITIES,LARGE_PROVINCIAL_CITIES,BALLARAT,WESTERN REGION,A,"A,C",Arterial Highway,"Arterial Highway,Local Road,Arterial Other",Undivided,Undiv,Country
3403745,T20130019279,ABS to receive accident,Finished,9/8/2013,17.00.00,Yes,Collision with a fixed object,Friday,OFF RIGHT BEND INTO OBJECT/PARKED VEHICLE,No,Day,Yes,Not at intersection,Other injury accident,60 km/hr,Yes,277414,145.21612,-37.81332,Non-Intersection,MAROONDAH,METROPOLITAN SOUTH EAST REGION,2519029.393,2409722.48,1,1,0,0,1,0,0,1,0,0,1,0,0,0,0,0,0,0,0,0,No,0,1,0,1,0,0,MELB_URBAN,MELB_URBAN,MAROONDAH,METROPOLITAN SOUTH EAST REGION,M,M,Freeway,Freeway,Undivided,Undiv,Metro
3403746,T20130019696,ABS to receive accident,Finished,24/9/2013,17.40.00,No,Collision with a fixed object,Tuesday,OTHER ACCIDENTS-OFF STRAIGHT NOT INCLUDED IN DCAs 170-175,No,Dusk/Dawn,No,Not at intersection,Serious injury accident,50 km/hr,No,267006,143.82054,-37.52579,Non-Intersection,BALLARAT,WESTERN REGION,2395756.017,2441008.776,1,1,0,1,0,0,1,0,0,0,0,0,0,0,1,0,0,0,0,0,No,0,1,0,0,0,0,LARGE_PROVINCIAL_CITIES,LARGE_PROVINCIAL_CITIES,BALLARAT,WESTERN REGION,,,Local Road,Local Road,Undivided,Undiv,Country
3403747,T20130019697,ABS to receive accident,Finished,24/9/2013,13.45.00,No,Collision with vehicle,Tuesday,REAR END(VEHICLES IN SAME LANE),No,Day,No,Not at intersection,Other injury accident,60 km/hr,No,267007,144.92016,-37.79097,Non-Intersection,MELBOURNE,METROPOLITAN NORTH WEST REGION,2492967.916,2412221.844,3,1,0,0,1,2,1,2,0,0,3,0,0,0,0,0,0,0,0,1,No,0,3,0,3,0,0,MELB_URBAN,MELB_URBAN,MELBOURNE,METROPOLITAN NORTH WEST REGION,,,Arterial Highway,Arterial Highway,Undivided,Undiv,Metro
3403748,T20130019698,ABS to receive accident,Finished,24/9/2013,19.00.00,Yes,Collision with vehicle,Tuesday,LANE SIDE SWIPE (VEHICLES IN PARALLEL LANES),No,Dark Street lights on,Yes,T intersection,Serious injury accident,60 km/hr,No,38008,145.00758,-37.78391,Intersection,DAREBIN,METROPOLITAN NORTH WEST REGION,2500667.301,2413008.666,2,1,0,1,0,1,2,0,1,0,1,0,0,0,0,0,0,0,0,0,No,0,2,0,1,0,0,MELB_URBAN,MELB_URBAN,"YARRA,DAREBIN",METROPOLITAN NORTH WEST REGION,,,Arterial Other,"Arterial Other,Local Road",Divided,"Div,Undiv",Metro
3403749,T20130019701,ABS to receive accident,Finished,24/9/2013,18.59.00,Yes,Collision with vehicle,Tuesday,RIGHT NEAR (INTERSECTIONS ONLY),No,Dark Street lights on,Yes,Cross intersection,Other injury accident,60 km/hr,No,39084,145.0654,-37.81093,Intersection,BOROONDARA,METROPOLITAN SOUTH EAST REGION,2505758.286,2410007.717,2,1,0,0,1,1,1,1,1,0,1,0,0,0,0,0,0,0,1,0,No,0,2,0,1,0,0,MELB_URBAN,MELB_URBAN,BOROONDARA,METROPOLITAN SOUTH EAST REGION,,,Arterial Other,"Arterial Other,Local Road",Undivided,Undiv,Metro
3403750,T20130019703,ABS to receive accident,Finished,24/9/2013,20.15.00,Yes,Collision with vehicle,Tuesday,VEHICLE COLLIDES WITH VEHICLE PARKED ON LEFT OF ROAD,No,Dark Street lights on,Yes,Not at intersection,Other injury accident,60 km/hr,No,263676,144.3612,-38.19777,Intersection,GEELONG,SOUTH WESTERN REGION,2444040.188,2366883.62,1,1,0,0,1,0,1,0,0,0,1,0,0,0,0,0,0,0,0,0,No,1,2,0,2,0,0,LARGE_PROVINCIAL_CITIES,LARGE_PROVINCIAL_CITIES,GEELONG,SOUTH WESTERN REGION,,,Local Road,Local Road,Undivided,Undiv,Country
3403751,T20130019704,ABS to receive accident,Finished,24/9/2013,19.30.00,Yes,Collision with vehicle,Tuesday,HEAD ON (NOT OVERTAKING),No,Dark Street lights on,Yes,T intersection,Serious injury accident,60 km/hr,No,37882,144.99061,-37.77846,Intersection,DAREBIN,METROPOLITAN NORTH WEST REGION,2499172.754,2413613.583,4,2,0,2,0,2,2,2,0,2,2,0,0,0,0,0,0,0,0,0,No,0,2,0,2,0,0,MELB_URBAN,MELB_URBAN,DAREBIN,METROPOLITAN NORTH WEST REGION,,,Arterial Other,"Arterial Other,Local Road",Undivided,Undiv,Metro
3403752,T20130019705,ABS to receive accident,Finished,24/9/2013,20.40.00,Yes,Collision with a fixed object,Tuesday,OFF RIGHT BEND INTO OBJECT/PARKED VEHICLE,No,Dark Street lights unknown,Yes,Not at intersection,Serious injury accident,50 km/hr,Yes,263603,145.28768,-38.05563,Non-Intersection,CASEY,METROPOLITAN SOUTH EAST REGION,2525248.815,2382811.236,1,1,0,1,0,0,0,1,0,0,1,0,0,0,0,0,0,0,0,0,Yes,0,1,0,1,0,0,MELB_URBAN,MELB_URBAN,CASEY,METROPOLITAN SOUTH EAST REGION,,,Local Road,Local Road,Undivided,Undiv,Metro
3403753,T20130019706,ABS to receive accident,Finished,24/9/2013,16.40.00,No,Collision with vehicle,Tuesday,RIGHT THROUGH,No,Day,Yes,Cross intersection,Other injury accident,50 km/hr,No,36715,144.99671,-37.80543,Intersection,YARRA,METROPOLITAN NORTH WEST REGION,2499710.213,2410619.282,2,1,0,0,1,1,0,2,0,0,2,0,0,0,0,0,0,0,0,0,No,0,2,0,2,0,0,MELB_URBAN,MELB_URBAN,YARRA,METROPOLITAN NORTH WEST REGION,,,Local Road,Local Road,Undivided,Undiv,Metro
3403754,T20130019712,ABS to receive accident,Finished,24/9/2013,23.00.00,Yes,Collision with a fixed object,Tuesday,RIGHT OFF CARRIAGEWAY INTO OBJECT/PARKED VEHICLE,No,Dark No street lights,Yes,Not at intersection,Fatal accident,100 km/hr,Yes,264090,143.32396,-35.0425,Non-Intersection,SWAN HILL,NORTHERN REGION,2347019.153,2715865.354,1,1,1,0,0,0,1,0,0,0,1,0,0,0,0,0,0,0,0,0,Yes,0,1,0,1,0,0,RURAL_VICTORIA,RURAL_VICTORIA,SWAN HILL,NORTHERN REGION,B,B,Arterial Highway,Arterial Highway,Undivided,Undiv,Country
3403755,T20130019715,ABS to receive accident,Finished,24/9/2013,21.15.00,Yes,Collision with vehicle,Tuesday,VEHICLE COLLIDES WITH VEHICLE PARKED ON LEFT OF ROAD,No,Dark Street lights on,Yes,Cross intersection,Other injury accident,60 km/hr,No,29717,145.22103,-37.98362,Intersection,DANDENONG,METROPOLITAN SOUTH EAST REGION,2519417.781,2390819.869,3,1,0,0,1,2,1,2,0,1,1,0,0,1,0,0,0,0,0,0,No,0,2,0,1,1,0,MELB_URBAN,MELB_URBAN,DANDENONG,METROPOLITAN SOUTH EAST REGION,,,Arterial Highway,"Arterial Highway,Local Road",Undivided,Undiv,Metro
3403756,T20130019717,ABS to receive accident,Finished,25/9/2013,07.50.00,No,Collision with vehicle,Tuesday,REAR END(VEHICLES IN SAME LANE),No,Dusk/Dawn,Yes,Not at intersection,Other injury accident,100 km/hr,No,279064,144.74834,-37.7853,Non-Intersection,MELTON,METROPOLITAN NORTH WEST REGION,2477832.831,2412824.646,3,1,0,0,1,2,2,1,0,0,3,0,0,0,0,0,0,0,0,1,No,0,3,0,3,0,0,MELB_URBAN,MELB_URBAN,MELTON,METROPOLITAN NORTH WEST REGION,M,M,Freeway,Freeway,Divided,Div,Metro
3403757,T20130019718,ABS to receive accident,Finished,25/9/2013,08.51.00,No,Collision with vehicle,Wednesday,RIGHT THROUGH,No,Day,Yes,T intersection,Other injury accident,60 km/hr,No,45420,144.92373,-37.76526,Intersection,MOONEE VALLEY,METROPOLITAN NORTH WEST REGION,2493279.904,2415075.256,2,1,0,0,1,1,2,0,0,0,2,0,0,0,0,0,0,0,0,0,No,0,2,0,2,0,0,MELB_URBAN,MELB_URBAN,MOONEE VALLEY,METROPOLITAN NORTH WEST REGION,,,Arterial Other,"Arterial Other,Local Road",Divided,"Div,Undiv",Metro