OBJECTID,ACCIDENT_NO,ABS_CODE,ACCIDENT_STATUS,ACCIDENT_DATE,ACCIDENT_TIME,ALCOHOLTIME,ACCIDENT_TYPE,DAY_OF_WEEK,DCA_CODE,HIT_RUN_FLAG,LIGHT_CONDITION,POLICE_ATTEND,ROAD_GEOMETRY,SEVERITY,SPEED_ZONE,RUN_OFFROAD,NODE_ID,LONGITUDE,LATITUDE,NODE_TYPE,LGA_NAME,REGION_NAME,VICGRID_X,VICGRID_Y,TOTAL_PERSONS,INJ_OR_FATAL,FATALITY,SERIOUSINJURY,OTHERINJURY,NONINJURED,MALES,FEMALES,BICYCLIST,PASSENGER,DRIVER,PEDESTRIAN,PILLION,MOTORIST,UNKNOWN,PED_CYCLIST_5_12,PED_CYCLIST_13_18,OLD_PEDESTRIAN,OLD_DRIVER,YOUNG_DRIVER,ALCOHOL_RELATED,UNLICENCSED,NO_OF_VEHICLES,HEAVYVEHICLE,PASSENGERVEHICLE,MOTORCYCLE,PUBLICVEHICLE,DEG_URBAN_NAME,DEG_URBAN_ALL,LGA_NAME_ALL,REGION_NAME_ALL,SRNS,SRNS_ALL,RMA,RMA_ALL,DIVIDED,DIVIDED_ALL,STAT_DIV_NAME
3403758,T20130019719,ABS to receive accident,Finished,25/9/2013,07.10.00,No,Collision with a fixed object,Wednesday,OUT OF CONTROL (OVERTAKING),No,Day,Yes,Not at intersection,Serious injury accident,80 km/hr,Yes,265071,145.21262,-38.10443,Non-Intersection,FRANKSTON,METROPOLITAN SOUTH EAST REGION,2518648.771,2377412.127,2,2,0,2,0,0,2,0,0,1,1,0,0,0,0,0,0,0,0,0,No,0,1,0,1,0,0,MELB_URBAN,MELB_URBAN,FRANKSTON,METROPOLITAN SOUTH EAST REGION,,,Local Road,Local Road,Undivided,Undiv,Metro
3403759,T20130020144,ABS to receive accident,Finished,30/9/2013,17.56.00,No,Struck Pedestrian,Monday,FAR SIDE. PED HIT BY VEHICLE FROM THE LEFT,No,Dusk/Dawn,Yes,T intersection,Serious injury accident,50 km/hr,No,70474,145.26816,-37.97879,Intersection,CASEY,METROPOLITAN SOUTH EAST REGION,2523559.876,2391345.3,2,1,0,1,0,1,2,0,0,0,1,1,0,0,0,0,0,0,0,0,No,0,1,0,1,0,0,MELB_URBAN,MELB_URBAN,CASEY,METROPOLITAN SOUTH EAST REGION,,,Local Road,Local Road,Undivided,Undiv,Metro
3403760,T20130020145,ABS to receive accident,Finished,30/9/2013,01.15.00,Yes,Vehicle overturned (no collision),Monday,OUT OF CONTROL ON CARRIAGEWAY (ON STRAIGHT),No,Dark Street lights unknown,No,T intersection,Serious injury accident,60 km/hr,No,238583,144.97584,-37.80843,Intersection,MELBOURNE,METROPOLITAN NORTH WEST REGION,2497872.315,2410286.736,1,1,0,1,0,0,1,0,0,0,0,0,0,1,0,0,0,0,0,0,No,0,1,0,0,1,0,MELB_URBAN,MELB_URBAN,MELBOURNE,METROPOLITAN NORTH WEST REGION,,,Arterial Other,"Arterial Other,Local Road",Divided,"Div,Undiv",Metro
3403761,T20130020146,ABS to receive accident,Finished,30/9/2013,16.00.00,No,Collision with vehicle,Monday,RIGHT THROUGH,No,Day,Yes,Cross intersection,Other injury accident,60 km/hr,No,35494,144.9805,-37.85343,Intersection,PORT PHILLIP,METROPOLITAN NORTH WEST REGION,2498283.54,2405292.345,2,1,0,0,1,1,2,0,0,0,1,0,0,1,0,0,0,0,0,0,No,0,2,0,1,1,0,MELB_URBAN,MELB_URBAN,PORT PHILLIP,METROPOLITAN NORTH WEST REGION,,,Arterial Other,"Arterial Other,Local Road",Undivided,Undiv,Metro
3403762,T20130020148,ABS to receive accident,Finished,30/9/2013,18.00.00,Yes,Collision with vehicle,Monday,REAR END(VEHICLES IN SAME LANE),No,Dusk/Dawn,Yes,T intersection,Serious injury accident,60 km/hr,No,40775,145.15461,-37.8326,Intersection,WHITEHORSE,METROPOLITAN SOUTH EAST REGION,2513609.752,2407593.355,4,2,0,1,1,2,2,2,0,0,4,0,0,0,0,0,0,0,0,1,No,0,4,0,4,0,0,MELB_URBAN,MELB_URBAN,WHITEHORSE,METROPOLITAN SOUTH EAST REGION,,,Arterial Other,"Arterial Other,Local Road",Divided,"Div,Undiv",Metro
3403763,T20130020149,ABS to receive accident,Finished,30/9/2013,14.45.00,No,No collision and no object struck,Monday,OUT OF CONTROL ON CARRIAGEWAY (ON STRAIGHT),No,Day,Yes,T intersection,Serious injury accident,60 km/hr,No,263796,145.10294,-37.91174,Intersection,MONASH,METROPOLITAN SOUTH EAST REGION,2509051.991,2398815.906,1,1,0,1,0,0,1,0,0,0,0,0,0,1,0,0,0,0,0,0,No,0,1,0,0,1,0,MELB_URBAN,MELB_URBAN,MONASH,METROPOLITAN SOUTH EAST REGION,,,Arterial Highway,"Arterial Highway,Arterial Other",Divided,"Div,Undiv",Metro
3403764,T20130020150,ABS to receive accident,Finished,28/9/2013,16.30.00,Yes,Collision with a fixed object,Saturday,RIGHT OFF CARRIAGEWAY INTO OBJECT/PARKED VEHICLE,No,Day,No,Not at intersection,Other injury accident,Not known,Yes,264409,143.63302,-38.11721,Non-Intersection,COLAC OTWAY,SOUTH WESTERN REGION,2380125.725,2375153.272,2,1,0,0,1,1,1,1,0,1,1,0,0,0,0,0,0,0,0,0,No,0,1,0,1,0,0,RURAL_VICTORIA,RURAL_VICTORIA,COLAC OTWAY,SOUTH WESTERN REGION,C,C,Arterial Other,Arterial Other,Undivided,Undiv,Country
3403765,T20130020152,ABS to receive accident,Finished,30/9/2013,19.10.00,Yes,Collision with vehicle,Monday,REAR END(VEHICLES IN SAME LANE),No,Dusk/Dawn,Yes,T intersection,Other injury accident,60 km/hr,No,55755,145.00288,-37.93551,Intersection,BAYSIDE,METROPOLITAN SOUTH EAST REGION,2500252.853,2396181.935,3,2,0,0,2,1,0,1,0,1,2,0,0,0,0,0,0,0,0,1,No,0,2,0,2,0,0,MELB_URBAN,MELB_URBAN,BAYSIDE,METROPOLITAN SOUTH EAST REGION,,,Arterial Other,"Arterial Other,Local Road",Undivided,Undiv,Metro
3403766,T20130020153,ABS to receive accident,Finished,30/9/2013,17.51.00,No,Collision with vehicle,Monday,PULLING OUT (OVERTAKING),No,Day,Yes,Not at intersection,Serious injury accident,100 km/hr,No,263797,144.64578,-37.74494,Non-Intersection,MELTON,METROPOLITAN NORTH WEST REGION,2468782.711,2417275.532,4,1,0,1,0,3,2,2,0,2,2,0,0,0,0,0,0,0,0,2,No,0,2,0,2,0,0,RURAL_VICTORIA,RURAL_VICTORIA,MELTON,METROPOLITAN NORTH WEST REGION,,,Local Road,Local Road,Undivided,Undiv,Metro
3403767,T20130020154,ABS to receive accident,Finished,30/9/2013,14.00.00,No,Collision with vehicle,Monday,REAR END(VEHICLES IN SAME LANE),No,Day,No,T intersection,Other injury accident,60 km/hr,No,49211,146.42663,-38.236,Intersection,LATROBE,EASTERN REGION,2624907.022,2361891.67,2,1,0,0,1,1,1,1,0,0,2,0,0,0,0,0,0,0,0,0,No,0,2,0,2,0,0,SMALL_CITIES,SMALL_CITIES,LATROBE,"EASTERN REGION,EASTERN REGION",C,C,Arterial Other,"Arterial Other,Local Road",Divided,"Div,Undiv",Country
3403768,T20130020156,ABS to receive accident,Finished,30/9/2013,19.00.00,Yes,Collision with vehicle,Monday,HEAD ON (NOT OVERTAKING),No,Dusk/Dawn,Yes,Not at intersection,Other injury accident,70 km/hr,No,264448,144.74735,-37.85408,Non-Intersection,WYNDHAM,METROPOLITAN NORTH WEST REGION,2477766.189,2405190.919,3,2,0,0,2,1,2,1,0,1,2,0,0,0,0,0,0,0,0,1,No,0,2,0,2,0,0,MELB_URBAN,MELB_URBAN,WYNDHAM,METROPOLITAN NORTH WEST REGION,,,Arterial Other,Arterial Other,Undivided,Undiv,Metro
3403769,T20130020157,ABS to receive accident,Finished,30/9/2013,19.54.00,Yes,Struck Pedestrian,Monday,PED NEAR SIDE. PED HIT BY VEHICLE FROM THE RIGHT.,No,Dark Street lights on,Yes,Multiple intersection,Serious injury accident,50 km/hr,No,29881,144.97238,-37.82663,Intersection,MELBOURNE,METROPOLITAN NORTH WEST REGION,2497568.456,2408266.752,2,1,0,1,0,1,0,1,0,0,1,1,0,0,0,0,0,0,0,0,No,0,1,0,1,0,0,MELB_URBAN,MELB_URBAN,MELBOURNE,METROPOLITAN NORTH WEST REGION,,,Local Road,Local Road,Undivided,Undiv,Metro
3403770,T20130020160,ABS to receive accident,Finished,29/9/2013,03.30.00,Yes,Struck Pedestrian,Sunday,PED PLAYING/LYING/WORKING/STANDING ON CARRIAGEWAY.,No,Dark Street lights on,No,Not at intersection,Serious injury accident,60 km/hr,No,263798,145.07724,-37.82357,Non-Intersection,BOROONDARA,METROPOLITAN SOUTH EAST REGION,2506800.061,2408603.724,2,1,0,1,0,1,1,1,0,0,1,1,0,0,0,0,0,0,0,1,No,0,1,0,1,0,0,MELB_URBAN,MELB_URBAN,BOROONDARA,METROPOLITAN SOUTH EAST REGION,,,Arterial Other,Arterial Other,Undivided,Undiv,Metro
3403771,T20130020163,ABS to receive accident,Finished,30/9/2013,18.41.00,Yes,Collision with vehicle,Monday,CROSS TRAFFIC(INTERSECTIONS ONLY),No,Dark Street lights on,Yes,Cross intersection,Other injury accident,60 km/hr,No,36422,145.06591,-38.23892,Intersection,MORNINGTON PENINSULA,METROPOLITAN SOUTH EAST REGION,2505770.738,2362501.884,3,1,0,0,1,2,2,1,0,1,2,0,0,0,0,0,0,0,0,0,No,0,2,0,2,0,0,MELB_URBAN,MELB_URBAN,MORNINGTON PENINSULA,METROPOLITAN SOUTH EAST REGION,C,C,Arterial Other,"Arterial Other,Local Road",Undivided,Undiv,Metro
3403772,T20130018885,ABS to receive accident,Finished,13/9/2013,13.40.00,No,Collision with vehicle,Friday,REAR END(VEHICLES IN SAME LANE),No,Day,Yes,T intersection,Other injury accident,60 km/hr,No,52390,146.53781,-38.19829,Intersection,LATROBE,EASTERN REGION,2634708.625,2365925.571,3,2,0,0,2,1,2,1,0,1,2,0,0,0,0,0,0,0,0,0,No,0,2,0,2,0,0,SMALL_CITIES,SMALL_CITIES,LATROBE,"EASTERN REGION,EASTERN REGION",M,M,Arterial Highway,"Arterial Highway,Local Road",Divided,"Div,Undiv",Country
3403773,T20130018891,ABS to receive accident,Finished,13/9/2013,12.45.00,No,Collision with vehicle,Friday,RIGHT NEAR (INTERSECTIONS ONLY),No,Day,Yes,Cross intersection,Other injury accident,100 km/hr,No,47639,145.7454,-38.07973,Intersection,CARDINIA,METROPOLITAN SOUTH EAST REGION,2565400.356,2379917.907,3,1,0,0,1,2,2,1,0,1,2,0,0,0,0,0,0,0,1,0,No,0,2,1,1,0,0,RURAL_VICTORIA,RURAL_VICTORIA,CARDINIA,METROPOLITAN SOUTH EAST REGION,M,M,Freeway,"Freeway,Local Road",Divided,"Div,Undiv",Metro
3403774,T20130018893,ABS to receive accident,Finished,13/9/2013,16.30.00,Yes,Collision with vehicle,Friday,CUTTING IN (OVERTAKING),Yes,Day,Yes,T intersection,Other injury accident,60 km/hr,No,42809,145.0756,-37.99975,Intersection,KINGSTON,METROPOLITAN SOUTH EAST REGION,2506640.568,2389049.237,2,1,0,0,1,1,2,0,0,0,1,0,0,1,0,0,0,0,0,0,No,0,2,0,1,1,0,MELB_URBAN,MELB_URBAN,KINGSTON,METROPOLITAN SOUTH EAST REGION,,,Arterial Other,"Arterial Other,Local Road",Undivided,Undiv,Metro
3403775,T20130018897,ABS to receive accident,Finished,2/8/2013,18.00.00,Yes,Collision with vehicle,Friday,REAR END(VEHICLES IN SAME LANE),No,Dark Street lights on,No,Not at intersection,Other injury accident,60 km/hr,No,263990,145.11569,-37.81697,Non-Intersection,WHITEHORSE,METROPOLITAN SOUTH EAST REGION,2510186,2409332.698,2,1,0,0,1,1,0,2,0,0,2,0,0,0,0,0,0,0,0,0,No,0,2,0,2,0,0,MELB_URBAN,MELB_URBAN,WHITEHORSE,METROPOLITAN SOUTH EAST REGION,,,Arterial Highway,Arterial Highway,Divided,Div,Metro
3403776,T20130018899,ABS to receive accident,Finished,13/9/2013,17.10.00,Yes,Collision with vehicle,Friday,U TURN,No,Day,Yes,Not at intersection,Serious injury accident,60 km/hr,No,263396,145.10967,-37.8375,Non-Intersection,WHITEHORSE,METROPOLITAN SOUTH EAST REGION,2509653.346,2407054.777,2,1,0,1,0,1,0,2,0,0,2,0,0,0,0,0,0,0,0,0,No,0,2,0,2,0,0,MELB_URBAN,MELB_URBAN,WHITEHORSE,METROPOLITAN SOUTH EAST REGION,,,Arterial Other,Arterial Other,Undivided,Undiv,Metro
3403777,T20130018907,ABS to receive accident,Finished,5/9/2013,16.30.00,No,Collision with vehicle,Thursday,REAR END(VEHICLES IN SAME LANE),No,Day,No,T intersection,Other injury accident,60 km/hr,No,40368,145.04532,-37.84358,Intersection,BOROONDARA,METROPOLITAN SOUTH EAST REGION,2503988.448,2406385.039,3,1,0,0,1,2,1,2,0,1,2,0,0,0,0,0,0,0,0,1,No,0,2,0,2,0,0,MELB_URBAN,MELB_URBAN,BOROONDARA,METROPOLITAN SOUTH EAST REGION,,,Arterial Other,"Arterial Other,Local Road",Undivided,Undiv,Metro
3403778,T20130018909,ABS to receive accident,Finished,13/9/2013,18.50.00,Yes,Collision with vehicle,Friday,RIGHT THROUGH,No,Dark Street lights on,Yes,T intersection,Serious injury accident,60 km/hr,No,41123,144.99117,-37.88316,Intersection,PORT PHILLIP,METROPOLITAN NORTH WEST REGION,2499223.428,2401992.997,5,1,0,1,0,4,2,3,0,3,1,0,0,1,0,0,0,0,0,0,No,1,2,0,1,1,0,MELB_URBAN,MELB_URBAN,PORT PHILLIP,METROPOLITAN NORTH WEST REGION,,,Arterial Other,"Arterial Other,Local Road",Undivided,Undiv,Metro
3403779,T20130018912,ABS to receive accident,Finished,13/9/2013,18.39.00,Yes,Collision with vehicle,Friday,RIGHT THROUGH,No,Dark Street lights on,Yes,Cross intersection,Other injury accident,60 km/hr,No,41385,145.04392,-37.90444,Intersection,GLEN EIRA,METROPOLITAN SOUTH EAST REGION,2503862.272,2399629.867,4,1,0,0,1,3,3,1,0,2,2,0,0,0,0,0,0,0,0,2,No,0,2,0,2,0,0,MELB_URBAN,MELB_URBAN,GLEN EIRA,METROPOLITAN SOUTH EAST REGION,,,Arterial Highway,"Arterial Highway,Arterial Other",Divided,"Div,Undiv",Metro
3403780,T20130018913,ABS to receive accident,Finished,13/9/2013,17.50.00,Yes,Collision with vehicle,Friday,RIGHT NEAR (INTERSECTIONS ONLY),No,Day,Yes,T intersection,Other injury accident,60 km/hr,No,63833,145.38071,-37.76469,Intersection,YARRA RANGES,METROPOLITAN SOUTH EAST REGION,2533542.991,2415074.708,3,1,0,0,1,2,1,1,0,1,2,0,0,0,0,0,0,0,0,2,No,0,2,0,2,0,0,MELB_URBAN,MELB_URBAN,YARRA RANGES,METROPOLITAN SOUTH EAST REGION,,,Local Road,Local Road,Undivided,Undiv,Metro
3403781,T20130018914,ABS to receive accident,Finished,13/9/2013,20.20.00,Yes,Collision with vehicle,Friday,LANE SIDE SWIPE (VEHICLES IN PARALLEL LANES),No,Dark Street lights on,Yes,Cross intersection,Serious injury accident,60 km/hr,No,47054,145.07602,-37.89846,Intersection,GLEN EIRA,METROPOLITAN SOUTH EAST REGION,2506686.223,2400291.9,3,1,0,1,0,2,2,1,0,1,1,0,0,1,0,0,0,0,0,0,Yes,0,2,0,1,1,0,MELB_URBAN,MELB_URBAN,"MONASH,GLEN EIRA",METROPOLITAN SOUTH EAST REGION,,,Local Road,Local Road,Undivided,Undiv,Metro
3403782,T20130018915,ABS to receive accident,Finished,13/9/2013,20.40.00,Yes,Collision with vehicle,Friday,U TURN,No,Dark Street lights on,Yes,T intersection,Other injury accident,40 km/hr,No,35951,144.96275,-37.7634,Intersection,MORELAND,METROPOLITAN NORTH WEST REGION,2496718.091,2415284.001,2,1,0,0,1,1,2,0,0,0,1,0,0,1,0,0,0,0,0,0,No,0,2,0,1,1,0,MELB_URBAN,MELB_URBAN,MORELAND,METROPOLITAN NORTH WEST REGION,,,Arterial Other,"Arterial Other,Local Road",Undivided,Undiv,Metro
3403783,T20130018916,ABS to receive accident,Finished,12/9/2013,15.20.00,No,Collision with a fixed object,Thursday,LEFT OFF CARRIAGEWAY INTO OBJECT/PARKED VEHICLE,No,Day,Yes,Cross intersection,Other injury accident,100 km/hr,Yes,20765,146.86894,-37.95942,Intersection,WELLINGTON,EASTERN REGION,2664231.529,2391916.682,1,1,0,0,1,0,1,0,0,0,1,0,0,0,0,0,0,0,0,0,No,0,1,0,1,0,0,RURAL_VICTORIA,RURAL_VICTORIA,WELLINGTON,"EASTERN REGION,EASTERN REGION",,,Local Road,Local Road,Undivided,Undiv,Country
3403784,T20130018918,ABS to receive accident,Finished,12/9/2013,23.20.00,Yes,Collision with a fixed object,Thursday,OFF RIGHT BEND INTO OBJECT/PARKED VEHICLE,No,Dark No street lights,Yes,Not at intersection,Other injury accident,100 km/hr,Yes,263489,146.0178,-38.1772,Non-Intersection,BAW BAW,EASTERN REGION,2589183.959,2368877.815,2,1,0,0,1,1,2,0,0,1,1,0,0,0,0,0,0,0,0,1,No,0,1,0,1,0,0,RURAL_VICTORIA,RURAL_VICTORIA,BAW BAW,"EASTERN REGION,EASTERN REGION",,,Local Road,Local Road,Undivided,Undiv,Country
3403785,T20130019283,ABS to receive accident,Finished,19/9/2013,09.50.00,No,Collision with vehicle,Thursday,HEAD ON (NOT OVERTAKING),No,Day,Yes,T intersection,Serious injury accident,100 km/hr,No,264225,144.60247,-37.60886,Intersection,MELTON,METROPOLITAN NORTH WEST REGION,2464902.824,2432362.596,2,1,0,1,0,1,2,0,0,0,2,0,0,0,0,0,0,0,1,0,No,0,2,1,1,0,0,RURAL_VICTORIA,RURAL_VICTORIA,MELTON,METROPOLITAN NORTH WEST REGION,C,C,Arterial Other,"Arterial Other,Local Road",Undivided,Undiv,Metro
3403786,T20130019284,ABS to receive accident,Finished,16/9/2013,21.43.00,Yes,Collision with vehicle,Monday,VEHICLE OFF FOOTPATH STRIKES VEH ON CARRIAGEWAY,No,Dark Street lights on,Yes,Cross intersection,Serious injury accident,70 km/hr,No,29554,144.78086,-37.7343,Intersection,BRIMBANK,METROPOLITAN NORTH WEST REGION,2480684.841,2418492.412,2,1,0,1,0,1,2,0,1,0,1,0,0,0,0,0,0,0,0,1,No,0,2,0,1,0,0,MELB_URBAN,MELB_URBAN,BRIMBANK,METROPOLITAN NORTH WEST REGION,,,Arterial Other,"Arterial Other,Local Road",Divided,"Div,Undiv",Metro
3403787,T20130019286,ABS to receive accident,Finished,19/9/2013,11.15.00,No,Collision with vehicle,Thursday,REAR END(VEHICLES IN SAME LANE),No,Day,Yes,Cross intersection,Other injury accident,70 km/hr,No,36666,144.99299,-37.79985,Intersection,YARRA,METROPOLITAN NORTH WEST REGION,2499382.413,2411239.616,2,1,0,0,1,1,1,1,0,0,2,0,0,0,0,0,0,0,0,0,No,0,2,0,1,0,0,MELB_URBAN,MELB_URBAN,YARRA,METROPOLITAN NORTH WEST REGION,,,Arterial Highway,"Arterial Highway,Arterial Other",Divided,"Div,Undiv",Metro
3403788,T20130019288,ABS to receive accident,Finished,19/9/2013,11.22.00,No,Collision with vehicle,Thursday,REAR END(VEHICLES IN SAME LANE),No,Day,No,Not at intersection,Other injury accident,60 km/hr,No,263626,144.28682,-36.75365,Non-Intersection,BENDIGO,NORTHERN REGION,2436323.789,2527096.546,2,1,0,0,1,1,1,1,0,0,2,0,0,0,0,0,0,0,0,1,No,0,2,0,2,0,0,LARGE_PROVINCIAL_CITIES,LARGE_PROVINCIAL_CITIES,BENDIGO,NORTHERN REGION,A,A,Arterial Highway,Arterial Highway,Undivided,Undiv,Country
3403789,T20130019289,ABS to receive accident,Finished,19/9/2013,09.00.00,No,Collision with vehicle,Thursday,CROSS TRAFFIC(INTERSECTIONS ONLY),No,Day,No,Cross intersection,Other injury accident,80 km/hr,No,57726,145.17447,-37.99884,Intersection,DANDENONG,METROPOLITAN SOUTH EAST REGION,2515323.943,2389139.048,2,1,0,0,1,1,1,1,0,0,2,0,0,0,0,0,0,0,0,0,No,0,2,0,2,0,0,MELB_URBAN,MELB_URBAN,DANDENONG,METROPOLITAN SOUTH EAST REGION,,,Arterial Highway,"Arterial Highway,Local Road",Divided,"Div,Undiv",Metro
3403790,T20130019290,ABS to receive accident,Finished,16/9/2013,16.35.00,No,Collision with vehicle,Monday,REAR END(VEHICLES IN SAME LANE),No,Day,Yes,Not at intersection,Other injury accident,80 km/hr,No,264215,145.23557,-37.86829,Non-Intersection,KNOX,METROPOLITAN SOUTH EAST REGION,2520726.512,2403617.595,2,1,0,0,1,1,1,1,0,0,2,0,0,0,0,0,0,0,0,0,No,0,2,0,2,0,0,MELB_URBAN,MELB_URBAN,KNOX,METROPOLITAN SOUTH EAST REGION,,,Arterial Other,Arterial Other,Divided,Div,Metro
3403791,T20130019291,ABS to receive accident,Finished,19/9/2013,10.40.00,No,Collision with a fixed object,Thursday,OFF LEFT BEND INTO OBJECT/PARKED VEHICLE,No,Day,Yes,Not at intersection,Other injury accident,100 km/hr,Yes,263627,145.78268,-38.28085,Non-Intersection,SOUTH GIPPSLAND,EASTERN REGION,2568487.666,2357567.06,1,1,0,0,1,0,0,1,0,0,1,0,0,0,0,0,0,0,0,1,No,0,1,0,1,0,0,RURAL_VICTORIA,RURAL_VICTORIA,SOUTH GIPPSLAND,"EASTERN REGION,EASTERN REGION",C,C,Arterial Other,Arterial Other,Undivided,Undiv,Country
3403792,T20130019295,ABS to receive accident,Finished,19/9/2013,14.25.00,No,Collision with vehicle,Thursday,REAR END(VEHICLES IN SAME LANE),No,Day,Yes,T intersection,Other injury accident,60 km/hr,No,69004,144.66479,-37.90112,Intersection,WYNDHAM,METROPOLITAN NORTH WEST REGION,2470519.026,2399947.183,4,1,0,0,1,3,4,0,0,0,4,0,0,0,0,0,0,0,0,0,No,0,4,0,4,0,0,MELB_URBAN,MELB_URBAN,WYNDHAM,METROPOLITAN NORTH WEST REGION,C,C,Arterial Other,"Arterial Other,Local Road",Divided,"Div,Undiv",Metro
3403793,T20130019296,ABS to receive accident,Finished,19/9/2013,11.30.00,No,Collision with a fixed object,Thursday,OFF RIGHT BEND INTO OBJECT/PARKED VEHICLE,No,Day,Yes,Not at intersection,Other injury accident,100 km/hr,Yes,263628,145.90308,-38.32175,Non-Intersection,BAW BAW,EASTERN REGION,2578979.95,2352933.547,1,1,0,0,1,0,0,1,0,0,1,0,0,0,0,0,0,0,0,1,No,0,1,0,1,0,0,RURAL_VICTORIA,RURAL_VICTORIA,BAW BAW,"EASTERN REGION,EASTERN REGION",C,C,Arterial Other,Arterial Other,Undivided,Undiv,Country
3403794,T20130019297,ABS to receive accident,Finished,19/9/2013,09.40.00,No,Collision with vehicle,Thursday,RIGHT THROUGH,No,Day,Yes,T intersection,Other injury accident,60 km/hr,No,49687,144.35824,-38.08242,Intersection,GEELONG,SOUTH WESTERN REGION,2443694.318,2379686.122,2,2,0,0,2,0,1,1,0,0,2,0,0,0,0,0,0,0,0,1,No,0,2,0,2,0,0,LARGE_PROVINCIAL_CITIES,LARGE_PROVINCIAL_CITIES,GEELONG,SOUTH WESTERN REGION,C,C,Arterial Other,"Arterial Other,Local Road",Divided,"Div,Undiv",Country
3403795,T20130019298,ABS to receive accident,Finished,19/9/2013,14.00.00,No,Collision with vehicle,Thursday,LEFT TURN SIDESWIPE,Yes,Day,No,T intersection,Other injury accident,50 km/hr,No,264226,145.08122,-37.75019,Intersection,BANYULE,METROPOLITAN NORTH WEST REGION,2507157.368,2416747.65,2,1,0,0,1,1,1,0,1,0,0,0,0,0,1,0,0,0,0,0,No,0,2,0,0,0,0,MELB_URBAN,MELB_URBAN,BANYULE,METROPOLITAN NORTH WEST REGION,,,Local Road,Local Road,Undivided,Undiv,Metro
3403796,T20130019299,ABS to receive accident,Finished,16/9/2013,21.30.00,Yes,Struck Pedestrian,Monday,FAR SIDE. PED HIT BY VEHICLE FROM THE LEFT,No,Dark Street lights unknown,No,T intersection,Other injury accident,40 km/hr,No,35713,144.96083,-37.77474,Intersection,MORELAND,METROPOLITAN NORTH WEST REGION,2496549.359,2414025.577,2,1,0,0,1,1,1,1,0,0,1,1,0,0,0,0,0,0,0,1,No,0,1,0,1,0,0,MELB_URBAN,MELB_URBAN,MORELAND,METROPOLITAN NORTH WEST REGION,,,Arterial Other,"Arterial Other,Local Road",Undivided,Undiv,Metro
3403797,T20130019300,ABS to receive accident,Finished,19/9/2013,13.50.00,No,Collision with vehicle,Thursday,RIGHT THROUGH,No,Day,Yes,T intersection,Other injury accident,60 km/hr,No,45193,144.86508,-37.76946,Intersection,MOONEE VALLEY,METROPOLITAN NORTH WEST REGION,2488113.724,2414603.806,3,1,0,0,1,2,2,1,0,0,3,0,0,0,0,0,0,0,1,1,No,0,3,0,3,0,0,MELB_URBAN,MELB_URBAN,MOONEE VALLEY,METROPOLITAN NORTH WEST REGION,,,Arterial Other,"Arterial Other,Local Road",Undivided,Undiv,Metro
3403798,T20130019722,ABS to receive accident,Finished,20/9/2013,07.40.00,No,Struck Pedestrian,Friday,PED ON FOOTHPATH STRUCK BY VEHENTERING/LEAVING DRIVEWAY.,No,Day,No,Not at intersection,Other injury accident,50 km/hr,No,263649,145.17185,-37.88883,Non-Intersection,MONASH,METROPOLITAN SOUTH EAST REGION,2515116.16,2401349.745,2,1,0,0,1,1,1,1,0,0,1,1,0,0,0,0,0,1,0,0,No,0,1,0,1,0,0,MELB_URBAN,MELB_URBAN,MONASH,METROPOLITAN SOUTH EAST REGION,,,Local Road,Local Road,Undivided,Undiv,Metro
3403799,T20130019724,ABS to receive accident,Finished,25/9/2013,09.50.00,No,Struck Pedestrian,Wednesday,PED EMERGES FROM IN FRONT OF PARKED OR STATIONARY VEHICLE,No,Day,Yes,T intersection,Other injury accident,60 km/hr,No,44146,144.86296,-38.36694,Intersection,MORNINGTON PENINSULA,METROPOLITAN SOUTH EAST REGION,2488021.808,2348283.018,2,1,0,0,1,1,2,0,0,0,1,1,0,0,0,0,0,0,0,1,No,0,1,0,1,0,0,MELB_URBAN,MELB_URBAN,MORNINGTON PENINSULA,METROPOLITAN SOUTH EAST REGION,B,B,Arterial Highway,"Arterial Highway,Local Road",Undivided,Undiv,Metro
3403800,T20130019727,ABS to receive accident,Finished,25/9/2013,11.00.00,No,Collision with vehicle,Wednesday,REAR END(VEHICLES IN SAME LANE),No,Day,Yes,Not at intersection,Other injury accident,60 km/hr,No,266651,144.73686,-37.87345,Non-Intersection,WYNDHAM,METROPOLITAN NORTH WEST REGION,2476849.385,2403038.544,7,4,0,0,4,3,4,3,0,3,4,0,0,0,0,0,0,0,1,2,No,0,4,0,4,0,0,MELB_URBAN,MELB_URBAN,WYNDHAM,METROPOLITAN NORTH WEST REGION,C,C,Arterial Other,Arterial Other,Undivided,Undiv,Metro
3403801,T20130019728,ABS to receive accident,Finished,24/9/2013,20.00.00,Yes,Collision with a fixed object,Tuesday,OFF END OF ROAD/T-INTERSECTION.,No,Dark Street lights unknown,Yes,Multiple intersection,Serious injury accident,80 km/hr,No,71191,145.15475,-38.05305,Intersection,DANDENONG,METROPOLITAN SOUTH EAST REGION,2513582.693,2383124.893,1,1,0,1,0,0,1,0,0,0,1,0,0,0,0,0,0,0,0,0,Yes,1,1,0,1,0,0,MELB_URBAN,MELB_URBAN,DANDENONG,METROPOLITAN SOUTH EAST REGION,,,Local Road,Local Road,Undivided,Undiv,Metro