OBJECTID,ACCIDENT_NO,ABS_CODE,ACCIDENT_STATUS,ACCIDENT_DATE,ACCIDENT_TIME,ALCOHOLTIME,ACCIDENT_TYPE,DAY_OF_WEEK,DCA_CODE,HIT_RUN_FLAG,LIGHT_CONDITION,POLICE_ATTEND,ROAD_GEOMETRY,SEVERITY,SPEED_ZONE,RUN_OFFROAD,NODE_ID,LONGITUDE,LATITUDE,NODE_TYPE,LGA_NAME,REGION_NAME,VICGRID_X,VICGRID_Y,TOTAL_PERSONS,INJ_OR_FATAL,FATALITY,SERIOUSINJURY,OTHERINJURY,NONINJURED,MALES,FEMALES,BICYCLIST,PASSENGER,DRIVER,PEDESTRIAN,PILLION,MOTORIST,UNKNOWN,PED_CYCLIST_5_12,PED_CYCLIST_13_18,OLD_PEDESTRIAN,OLD_DRIVER,YOUNG_DRIVER,ALCOHOL_RELATED,UNLICENCSED,NO_OF_VEHICLES,HEAVYVEHICLE,PASSENGERVEHICLE,MOTORCYCLE,PUBLICVEHICLE,DEG_URBAN_NAME,DEG_URBAN_ALL,LGA_NAME_ALL,REGION_NAME_ALL,SRNS,SRNS_ALL,RMA,RMA_ALL,DIVIDED,DIVIDED_ALL,STAT_DIV_NAME
3403802,T20130019730,ABS to receive accident,Finished,20/9/2013,14.50.00,No,Vehicle overturned (no collision),Friday,OUT OF CONTROL ON CARRIAGEWAY (ON STRAIGHT),No,Day,No,Not at intersection,Other injury accident,80 km/hr,No,263673,144.80757,-37.81439,Non-Intersection,BRIMBANK,METROPOLITAN NORTH WEST REGION,2483056.977,2409608.251,1,1,0,0,1,0,1,0,0,0,0,0,0,1,0,0,0,0,0,0,No,0,1,0,0,1,0,MELB_URBAN,MELB_URBAN,BRIMBANK,METROPOLITAN NORTH WEST REGION,M,M,Freeway,Freeway,Undivided,Undiv,Metro
3403803,T20130019732,ABS to receive accident,Finished,21/9/2013,13.15.00,No,Collision with vehicle,Friday,VEHICLE STRIKES DOOR OF PARKED/STATIONARY VEHICLE,No,Day,No,Cross intersection,Other injury accident,50 km/hr,No,52117,145.93038,-38.16155,Intersection,BAW BAW,EASTERN REGION,2581541.076,2370693.612,2,1,0,0,1,1,2,0,1,0,1,0,0,0,0,0,0,0,0,0,No,0,2,0,1,0,0,SMALL_CITIES,SMALL_CITIES,BAW BAW,"EASTERN REGION,EASTERN REGION",C,C,Arterial Other,"Arterial Other,Local Road",Undivided,Undiv,Country
3403804,T20130019733,ABS to receive accident,Finished,25/9/2013,10.20.00,No,Collision with vehicle,Wednesday,RIGHT NEAR (INTERSECTIONS ONLY),No,Day,Yes,T intersection,Other injury accident,70 km/hr,No,1189,144.35324,-38.14497,Intersection,GEELONG,SOUTH WESTERN REGION,2443302.865,2372740.25,3,1,0,0,1,2,1,2,0,1,2,0,0,0,0,0,0,0,0,0,No,0,2,0,2,0,0,LARGE_PROVINCIAL_CITIES,LARGE_PROVINCIAL_CITIES,GEELONG,SOUTH WESTERN REGION,A,A,Arterial Highway,"Arterial Highway,Local Road",Divided,"Div,Undiv",Country
3403805,T20130019734,ABS to receive accident,Finished,25/9/2013,10.03.00,No,Collision with vehicle,Wednesday,PULLING OUT -REAR END,No,Day,Yes,T intersection,Other injury accident,80 km/hr,No,906,145.13747,-38.12612,Intersection,FRANKSTON,METROPOLITAN SOUTH EAST REGION,2512053.768,2375015.992,2,1,0,0,1,1,2,0,0,0,1,0,0,1,0,0,0,0,0,0,No,0,2,0,1,1,0,MELB_URBAN,MELB_URBAN,FRANKSTON,METROPOLITAN SOUTH EAST REGION,,,Arterial Highway,"Arterial Highway,Local Road",Divided,"Div,Undiv",Metro
3403806,T20130019735,ABS to receive accident,Finished,25/9/2013,11.15.00,No,Collision with vehicle,Wednesday,RIGHT TURN SIDESWIPE,Yes,Day,Yes,T intersection,Other injury accident,60 km/hr,No,49872,144.33687,-38.1381,Intersection,GEELONG,SOUTH WESTERN REGION,2441862.829,2373492.169,2,2,0,0,2,0,1,1,0,0,2,0,0,0,0,0,0,0,1,1,No,0,2,0,2,0,0,LARGE_PROVINCIAL_CITIES,LARGE_PROVINCIAL_CITIES,GEELONG,SOUTH WESTERN REGION,C,C,Arterial Other,"Arterial Other,Local Road",Undivided,Undiv,Country
3403807,T20130019736,ABS to receive accident,Finished,25/9/2013,10.55.00,No,No collision and no object struck,Wednesday,OUT OF CONTROL ON CARRIAGEWAY (ON BEND),No,Day,Yes,Y intersection,Serious injury accident,100 km/hr,No,263762,144.38853,-37.19916,Intersection,MACEDON RANGES,NORTHERN REGION,2445722.861,2477726.602,1,1,0,1,0,0,1,0,0,0,0,0,0,1,0,0,0,0,0,0,No,0,1,0,0,1,0,RURAL_VICTORIA,RURAL_VICTORIA,MACEDON RANGES,NORTHERN REGION,,,Local Road,Local Road,Undivided,Undiv,Country
3403808,T20130019738,ABS to receive accident,Finished,25/9/2013,11.05.00,No,Collision with a fixed object,Wednesday,OFF END OF ROAD/T-INTERSECTION.,No,Day,Yes,T intersection,Other injury accident,100 km/hr,No,71891,146.56038,-38.13085,Intersection,LATROBE,EASTERN REGION,2636808.059,2373378.455,1,1,0,0,1,0,1,0,0,0,0,0,0,1,0,0,0,0,0,0,No,0,1,0,0,1,0,RURAL_VICTORIA,RURAL_VICTORIA,LATROBE,"EASTERN REGION,EASTERN REGION",C,C,Arterial Other,Arterial Other,Undivided,Undiv,Country
3403809,T20130019740,ABS to receive accident,Finished,25/9/2013,11.15.00,No,Vehicle overturned (no collision),Wednesday,OUT OF CONTROL ON CARRIAGEWAY (ON STRAIGHT),No,Day,Yes,Cross intersection,Other injury accident,50 km/hr,No,36027,144.97259,-37.76656,Intersection,MORELAND,METROPOLITAN NORTH WEST REGION,2497585.25,2414933.558,1,1,0,0,1,0,0,1,1,0,0,0,0,0,0,0,0,0,0,0,No,0,1,0,0,0,0,MELB_URBAN,MELB_URBAN,MORELAND,METROPOLITAN NORTH WEST REGION,,,Local Road,Local Road,Undivided,Undiv,Metro
3403810,T20130019741,ABS to receive accident,Finished,25/9/2013,11.30.00,No,No collision and no object struck,Wednesday,OUT OF CONTROL ON CARRIAGEWAY (ON STRAIGHT),No,Day,No,Not at intersection,Serious injury accident,100 km/hr,No,264110,143.86871,-36.19875,Non-Intersection,LODDON,NORTHERN REGION,2398263.525,2588299.714,1,1,0,1,0,0,1,0,0,0,0,0,0,1,0,0,0,0,0,0,No,0,1,0,0,1,0,RURAL_VICTORIA,RURAL_VICTORIA,LODDON,NORTHERN REGION,,,Local Road,Local Road,Undivided,Undiv,Country
3403811,T20130020165,ABS to receive accident,Finished,30/9/2013,22.50.00,Yes,Collision with a fixed object,Monday,LEFT OFF CARRIAGEWAY INTO OBJECT/PARKED VEHICLE,No,Dark Street lights on,Yes,Not at intersection,Other injury accident,80 km/hr,Yes,264449,145.18199,-37.6645,Non-Intersection,NILLUMBIK,METROPOLITAN NORTH WEST REGION,2516055.473,2426245.556,1,1,0,0,1,0,0,1,0,0,1,0,0,0,0,0,0,0,0,0,No,0,1,0,1,0,0,RURAL_VICTORIA,RURAL_VICTORIA,NILLUMBIK,METROPOLITAN NORTH WEST REGION,C,C,Arterial Other,Arterial Other,Undivided,Undiv,Metro
3403812,T20130020170,ABS to receive accident,Finished,1/10/2013,03.40.00,Yes,Collision with vehicle,Tuesday,VEHICLE COLLIDES WITH VEHICLE PARKED ON LEFT OF ROAD,No,Dark Street lights on,Yes,Not at intersection,Other injury accident,40 km/hr,No,148595,145.01602,-37.84193,Non-Intersection,STONNINGTON,METROPOLITAN SOUTH EAST REGION,2501410.046,2406568.773,1,1,0,0,1,0,1,0,0,0,1,0,0,0,0,0,0,0,0,0,No,0,2,0,2,0,0,MELB_URBAN,MELB_URBAN,STONNINGTON,METROPOLITAN SOUTH EAST REGION,,,Arterial Other,Arterial Other,Undivided,Undiv,Metro
3403813,T20130020174,ABS to receive accident,Finished,30/9/2013,20.30.00,Yes,Collision with a fixed object,Monday,RIGHT OFF CARRIAGEWAY INTO OBJECT/PARKED VEHICLE,No,Dark No street lights,Yes,Not at intersection,Serious injury accident,100 km/hr,Yes,264235,142.68194,-38.15074,Non-Intersection,MOYNE,SOUTH WESTERN REGION,2296826.442,2369818.523,1,1,0,1,0,0,0,1,0,0,1,0,0,0,0,0,0,0,0,1,No,0,1,0,1,0,0,RURAL_VICTORIA,RURAL_VICTORIA,MOYNE,SOUTH WESTERN REGION,B,B,Arterial Highway,Arterial Highway,Undivided,Undiv,Country
3403814,T20130020175,ABS to receive accident,Finished,1/10/2013,07.00.00,No,Collision with a fixed object,Tuesday,OFF RIGHT BEND INTO OBJECT/PARKED VEHICLE,No,Day,Yes,Not at intersection,Other injury accident,60 km/hr,Yes,264844,145.24375,-38.04814,Non-Intersection,DANDENONG,METROPOLITAN SOUTH EAST REGION,2521395.603,2383653.509,2,1,0,0,1,1,1,0,0,0,1,0,0,0,1,0,0,0,0,0,No,0,2,0,1,0,0,MELB_URBAN,MELB_URBAN,DANDENONG,METROPOLITAN SOUTH EAST REGION,,,Local Road,Local Road,Undivided,Undiv,Metro
3403815,T20130020176,ABS to receive accident,Finished,8/9/2013,10.30.00,No,No collision and no object struck,Sunday,OUT OF CONTROL ON CARRIAGEWAY (ON STRAIGHT),No,Day,No,Not at intersection,Other injury accident,80 km/hr,No,264196,145.21684,-38.20075,Non-Intersection,CASEY,METROPOLITAN SOUTH EAST REGION,2518994.868,2366719.145,1,1,0,0,1,0,1,0,0,0,0,0,0,1,0,0,0,0,0,0,No,0,1,0,0,1,0,MELB_URBAN,MELB_URBAN,CASEY,METROPOLITAN SOUTH EAST REGION,C,C,Arterial Other,Arterial Other,Undivided,Undiv,Metro
3403816,T20130020179,ABS to receive accident,Finished,1/10/2013,07.00.00,No,Collision with vehicle,Tuesday,LEAVING PARKING,No,Day,Yes,T intersection,Other injury accident,60 km/hr,No,39085,145.06789,-37.81123,Intersection,BOROONDARA,METROPOLITAN SOUTH EAST REGION,2505977.656,2409974.245,2,1,0,0,1,1,0,2,0,0,2,0,0,0,0,0,0,0,0,0,No,0,2,0,2,0,0,MELB_URBAN,MELB_URBAN,BOROONDARA,METROPOLITAN SOUTH EAST REGION,,,Arterial Other,"Arterial Other,Local Road",Undivided,Undiv,Metro
3403817,T20130020181,ABS to receive accident,Finished,30/8/2013,13.50.00,No,Collision with vehicle,Friday,LANE CHANGE RIGHT (NOT OVERTAKING),No,Day,No,Not at intersection,Other injury accident,80 km/hr,No,264038,145.13867,-38.17635,Non-Intersection,FRANKSTON,METROPOLITAN SOUTH EAST REGION,2512151.428,2369440.236,2,1,0,0,1,1,1,1,0,0,2,0,0,0,0,0,0,0,0,0,No,0,2,0,2,0,0,MELB_URBAN,MELB_URBAN,FRANKSTON,METROPOLITAN SOUTH EAST REGION,C,C,Arterial Highway,Arterial Highway,Divided,Div,Metro
3403818,T20130020182,ABS to receive accident,Finished,7/9/2013,14.20.00,Yes,Collision with vehicle,Saturday,RIGHT REAR.,No,Day,No,T intersection,Other injury accident,Not known,No,42255,145.06169,-37.92149,Intersection,GLEN EIRA,METROPOLITAN SOUTH EAST REGION,2505424.36,2397736.377,2,1,0,0,1,1,0,2,0,0,2,0,0,0,0,0,0,0,1,0,No,0,2,0,2,0,0,MELB_URBAN,MELB_URBAN,GLEN EIRA,METROPOLITAN SOUTH EAST REGION,,,Arterial Other,"Arterial Other,Local Road",Undivided,Undiv,Metro
3403819,T20130020183,ABS to receive accident,Finished,1/10/2013,09.40.00,No,Collision with a fixed object,Tuesday,LEFT OFF CARRIAGEWAY INTO OBJECT/PARKED VEHICLE,No,Day,Yes,Not at intersection,Serious injury accident,60 km/hr,Yes,264455,145.07025,-37.82278,Non-Intersection,BOROONDARA,METROPOLITAN SOUTH EAST REGION,2506184.708,2408691.653,1,1,0,1,0,0,1,0,0,0,1,0,0,0,0,0,0,0,1,0,No,0,1,0,1,0,0,MELB_URBAN,MELB_URBAN,BOROONDARA,METROPOLITAN SOUTH EAST REGION,,,Arterial Other,Arterial Other,Undivided,Undiv,Metro
3403820,T20130020186,ABS to receive accident,Finished,30/9/2013,15.40.00,No,Collision with vehicle,Monday,REAR END(VEHICLES IN SAME LANE),No,Day,No,Cross intersection,Serious injury accident,Not known,No,221459,144.95823,-37.68955,Intersection,HUME,METROPOLITAN NORTH WEST REGION,2496316.226,2423479.445,2,1,0,1,0,1,2,0,0,0,2,0,0,0,0,0,0,0,0,0,No,0,2,1,1,0,0,MELB_URBAN,MELB_URBAN,HUME,METROPOLITAN NORTH WEST REGION,,,Arterial Other,Arterial Other,Divided,"Div,Undiv",Metro
3403821,T20130020187,ABS to receive accident,Finished,1/10/2013,09.18.00,No,Collision with vehicle,Tuesday,HEAD ON (NOT OVERTAKING),No,Day,Yes,Not at intersection,Serious injury accident,80 km/hr,No,263799,145.23181,-37.64496,Non-Intersection,NILLUMBIK,METROPOLITAN NORTH WEST REGION,2520456.342,2428403.902,2,1,0,1,0,1,1,1,0,0,2,0,0,0,0,0,0,0,0,1,No,0,2,0,2,0,0,RURAL_VICTORIA,RURAL_VICTORIA,NILLUMBIK,METROPOLITAN NORTH WEST REGION,,,Local Road,Local Road,Undivided,Undiv,Metro
3403822,T20130020188,ABS to receive accident,Finished,10/7/2013,15.40.00,No,Struck Pedestrian,Wednesday,PED NEAR SIDE. PED HIT BY VEHICLE FROM THE RIGHT.,No,Day,Yes,Not at intersection,Other injury accident,50 km/hr,No,263898,145.01211,-37.90393,Non-Intersection,BAYSIDE,METROPOLITAN SOUTH EAST REGION,2501064.932,2399687.401,3,1,0,0,1,2,2,1,0,1,1,1,0,0,0,0,0,0,1,0,No,0,1,0,1,0,0,MELB_URBAN,MELB_URBAN,BAYSIDE,METROPOLITAN SOUTH EAST REGION,,,Local Road,Local Road,Undivided,Undiv,Metro
3403823,T20130020190,ABS to receive accident,Finished,20/9/2013,11.05.00,No,Collision with vehicle,Friday,REAR END(VEHICLES IN SAME LANE),No,Day,No,Multiple intersection,Other injury accident,70 km/hr,No,279215,145.16911,-38.15604,Intersection,FRANKSTON,METROPOLITAN SOUTH EAST REGION,2514822.862,2371690.171,3,1,0,0,1,2,2,1,0,0,3,0,0,0,0,0,0,0,0,0,No,0,3,0,3,0,0,MELB_URBAN,MELB_URBAN,FRANKSTON,METROPOLITAN SOUTH EAST REGION,M,M,Freeway,"Freeway,Arterial Other",Divided,"Div,Undiv",Metro
3403824,T20130018919,ABS to receive accident,Finished,13/9/2013,21.15.00,Yes,Collision with vehicle,Friday,OTHER ON PATH,No,Dark Street lights on,Yes,Not at intersection,Other injury accident,50 km/hr,No,263493,144.79278,-37.72124,Non-Intersection,BRIMBANK,METROPOLITAN NORTH WEST REGION,2481732.007,2419944.127,2,2,0,0,2,0,2,0,0,1,1,0,0,0,0,0,0,0,0,1,Yes,0,2,0,2,0,0,MELB_URBAN,MELB_URBAN,BRIMBANK,METROPOLITAN NORTH WEST REGION,,,Local Road,Local Road,Undivided,Undiv,Metro
3403825,T20130018921,ABS to receive accident,Finished,13/9/2013,23.45.00,Yes,Collision with a fixed object,Friday,RIGHT OFF CARRIAGEWAY INTO OBJECT/PARKED VEHICLE,No,Dark Street lights on,Yes,Cross intersection,Serious injury accident,60 km/hr,Yes,36370,144.97049,-37.79748,Intersection,MELBOURNE,METROPOLITAN NORTH WEST REGION,2497400.884,2411501.602,3,1,0,1,0,2,2,1,0,2,1,0,0,0,0,0,0,0,0,0,No,0,1,0,1,0,0,MELB_URBAN,MELB_URBAN,MELBOURNE,METROPOLITAN NORTH WEST REGION,,,Local Road,Local Road,Divided,Div,Metro
3403826,T20130018925,ABS to receive accident,Finished,1/9/2013,13.00.00,No,Collision with vehicle,Sunday,REAR END(VEHICLES IN SAME LANE),No,Day,No,Not at intersection,Other injury accident,40 km/hr,No,263482,144.83039,-37.86854,Non-Intersection,HOBSONS BAY,METROPOLITAN NORTH WEST REGION,2485077.102,2403602.011,2,1,0,0,1,1,2,0,0,0,2,0,0,0,0,0,0,0,0,1,No,0,2,0,2,0,0,MELB_URBAN,MELB_URBAN,HOBSONS BAY,METROPOLITAN NORTH WEST REGION,,,Local Road,Local Road,Undivided,Undiv,Metro
3403827,T20130018926,ABS to receive accident,Finished,14/9/2013,05.45.00,Yes,Collision with vehicle,Saturday,CROSS TRAFFIC(INTERSECTIONS ONLY),No,Dark Street lights on,Yes,Cross intersection,Other injury accident,80 km/hr,No,39785,145.28759,-37.826,Intersection,MAROONDAH,METROPOLITAN SOUTH EAST REGION,2525317.698,2408298.503,2,1,0,0,1,1,2,0,0,0,2,0,0,0,0,0,0,0,0,0,No,0,2,0,1,0,1,MELB_URBAN,MELB_URBAN,MAROONDAH,METROPOLITAN SOUTH EAST REGION,,,Arterial Other,Arterial Other,Divided,Div,Metro
3403828,T20130018929,ABS to receive accident,Finished,13/9/2013,12.45.00,No,Collision with vehicle,Friday,REAR END(VEHICLES IN SAME LANE),No,Day,No,Cross intersection,Other injury accident,60 km/hr,No,29468,144.98502,-37.84569,Intersection,STONNINGTON,METROPOLITAN NORTH WEST REGION,2498681.885,2406151.63,2,1,0,0,1,1,1,1,0,0,2,0,0,0,0,0,0,0,0,1,No,0,2,0,2,0,0,MELB_URBAN,MELB_URBAN,"STONNINGTON,MELBOURNE","METROPOLITAN NORTH WEST REGION,METROPOLITAN SOUTH EAST REGION",,,Arterial Highway,"Arterial Highway,Arterial Other",Undivided,Undiv,Metro
3403829,T20130018930,ABS to receive accident,Finished,14/9/2013,09.05.00,No,Struck Pedestrian,Saturday,FAR SIDE. PED HIT BY VEHICLE FROM THE LEFT,Yes,Day,Yes,Not at intersection,Other injury accident,70 km/hr,No,264202,145.03105,-37.67303,Non-Intersection,WHITTLESEA,METROPOLITAN NORTH WEST REGION,2502739.263,2425313.611,3,1,0,0,1,2,2,0,0,0,1,1,0,0,1,1,0,0,0,0,No,0,2,0,1,0,0,MELB_URBAN,MELB_URBAN,WHITTLESEA,METROPOLITAN NORTH WEST REGION,,,Arterial Other,Arterial Other,Divided,Div,Metro
3403830,T20130018931,ABS to receive accident,Finished,27/8/2013,11.50.00,No,No collision and no object struck,Tuesday,OUT OF CONTROL ON CARRIAGEWAY (ON STRAIGHT),No,Day,No,T intersection,Other injury accident,40 km/hr,No,67403,144.99264,-37.85567,Intersection,STONNINGTON,METROPOLITAN SOUTH EAST REGION,2499352.641,2405043.88,2,1,0,0,1,1,1,0,1,0,0,0,0,0,1,0,0,0,0,0,No,0,2,0,0,0,0,MELB_URBAN,MELB_URBAN,STONNINGTON,METROPOLITAN SOUTH EAST REGION,,,Local Road,Local Road,Undivided,Undiv,Metro
3403831,T20130018937,ABS to receive accident,Finished,11/9/2013,13.20.00,No,Collision with vehicle,Wednesday,RIGHT THROUGH,No,Day,No,Not at intersection,Other injury accident,50 km/hr,No,269876,144.95397,-37.79881,Non-Intersection,MELBOURNE,METROPOLITAN NORTH WEST REGION,2495946.562,2411353.862,2,1,0,0,1,1,1,1,0,0,2,0,0,0,0,0,0,0,0,0,No,0,2,0,2,0,0,MELB_URBAN,MELB_URBAN,MELBOURNE,METROPOLITAN NORTH WEST REGION,,,Arterial Other,Arterial Other,Divided,Div,Metro
3403832,T20130018938,ABS to receive accident,Finished,14/9/2013,11.20.00,No,Collision with vehicle,Saturday,RIGHT NEAR (INTERSECTIONS ONLY),No,Day,Yes,Cross intersection,Other injury accident,60 km/hr,No,41368,145.04182,-37.91796,Intersection,GLEN EIRA,METROPOLITAN SOUTH EAST REGION,2503676.778,2398129.143,3,1,0,0,1,2,1,2,0,1,2,0,0,0,0,0,0,0,1,0,No,0,2,0,2,0,0,MELB_URBAN,MELB_URBAN,GLEN EIRA,METROPOLITAN SOUTH EAST REGION,,,Arterial Other,"Arterial Other,Local Road",Undivided,Undiv,Metro
3403833,T20130018939,ABS to receive accident,Finished,14/9/2013,10.50.00,No,Collision with vehicle,Saturday,VEHICLE STRIKES ANOTHER VEH WHILE EMERGING FROM DRIVEWAY,No,Day,Yes,T intersection,Serious injury accident,60 km/hr,No,264203,144.56665,-37.68442,Intersection,MELTON,METROPOLITAN NORTH WEST REGION,2461778.498,2423963.025,4,3,0,2,1,1,2,2,0,2,2,0,0,0,0,0,0,0,0,0,No,0,2,0,2,0,0,SMALL_CITIES,SMALL_CITIES,MELTON,METROPOLITAN NORTH WEST REGION,,,,,,,Metro
3403834,T20130018940,ABS to receive accident,Finished,14/9/2013,11.52.00,No,Collision with vehicle,Saturday,LEAVING PARKING,No,Day,Yes,Not at intersection,Serious injury accident,40 km/hr,No,140754,144.99389,-37.84835,Non-Intersection,STONNINGTON,METROPOLITAN SOUTH EAST REGION,2499462.703,2405856.154,3,1,0,1,0,2,3,0,1,1,1,0,0,0,0,0,0,0,0,0,No,0,2,0,1,0,0,MELB_URBAN,MELB_URBAN,STONNINGTON,METROPOLITAN SOUTH EAST REGION,,,Local Road,Local Road,Undivided,Undiv,Metro
3403835,T20130018944,ABS to receive accident,Finished,14/9/2013,11.30.00,No,Struck Pedestrian,Saturday,PED NEAR SIDE. PED HIT BY VEHICLE FROM THE RIGHT.,Yes,Day,Yes,T intersection,Other injury accident,50 km/hr,No,71329,145.27234,-38.08016,Intersection,CASEY,METROPOLITAN SOUTH EAST REGION,2523895.169,2380092.726,2,1,0,0,1,1,1,0,0,0,0,1,0,0,1,1,0,0,0,0,No,0,1,0,0,0,0,MELB_URBAN,MELB_URBAN,CASEY,METROPOLITAN SOUTH EAST REGION,,,Local Road,Local Road,Undivided,Undiv,Metro
3403836,T20130018945,ABS to receive accident,Finished,14/9/2013,12.40.00,No,Struck Pedestrian,Saturday,PED NEAR SIDE. PED HIT BY VEHICLE FROM THE RIGHT.,No,Day,Yes,T intersection,Other injury accident,70 km/hr,No,45118,144.84943,-37.7794,Intersection,MARIBYRNONG,METROPOLITAN NORTH WEST REGION,2486735.969,2413498.808,2,1,0,0,1,1,2,0,0,0,1,1,0,0,0,0,0,1,0,1,No,0,1,0,1,0,0,MELB_URBAN,MELB_URBAN,MARIBYRNONG,METROPOLITAN NORTH WEST REGION,,,Arterial Other,"Arterial Other,Local Road",Divided,"Div,Undiv",Metro
3403837,T20130019305,ABS to receive accident,Finished,19/9/2013,14.45.00,No,Collision with vehicle,Thursday,CROSS TRAFFIC(INTERSECTIONS ONLY),No,Day,Yes,Cross intersection,Other injury accident,50 km/hr,No,29697,144.95841,-37.73076,Intersection,MORELAND,METROPOLITAN NORTH WEST REGION,2496334.12,2418905.828,2,1,0,0,1,1,2,0,0,0,2,0,0,0,0,0,0,0,0,0,No,0,2,0,2,0,0,MELB_URBAN,MELB_URBAN,MORELAND,METROPOLITAN NORTH WEST REGION,,,Local Road,Local Road,Undivided,Undiv,Metro
3403838,T20130019307,ABS to receive accident,Finished,19/9/2013,13.25.00,No,Collision with a fixed object,Thursday,RIGHT OFF CARRIAGEWAY INTO OBJECT/PARKED VEHICLE,No,Day,Yes,Not at intersection,Serious injury accident,100 km/hr,Yes,263641,145.17929,-36.93372,Non-Intersection,STRATHBOGIE,NORTH EASTERN REGION,2515970.318,2507339.41,1,1,0,1,0,0,1,0,0,0,1,0,0,0,0,0,0,0,0,0,No,0,1,0,1,0,0,RURAL_VICTORIA,RURAL_VICTORIA,STRATHBOGIE,NORTH EASTERN REGION,,,Local Road,Local Road,Undivided,Undiv,Country
3403839,T20130019308,ABS to receive accident,Finished,19/9/2013,12.10.00,No,Collision with a fixed object,Thursday,RIGHT OFF CARRIAGEWAY INTO OBJECT/PARKED VEHICLE,No,Day,Yes,Not at intersection,Serious injury accident,100 km/hr,Yes,264559,145.43184,-36.48915,Non-Intersection,SHEPPARTON,NORTH EASTERN REGION,2538689.738,2556594.896,1,1,0,1,0,0,0,1,0,0,1,0,0,0,0,0,0,0,1,0,No,0,1,0,1,0,0,RURAL_VICTORIA,RURAL_VICTORIA,SHEPPARTON,NORTH EASTERN REGION,C,C,Arterial Other,Arterial Other,Undivided,Undiv,Country
3403840,T20130019316,ABS to receive accident,Finished,14/9/2013,18.00.00,Yes,Collision with vehicle,Saturday,REVERSING IN STREAM OF TRAFFIC,No,Dusk/Dawn,No,T intersection,Other injury accident,50 km/hr,No,264207,147.72676,-37.92025,Intersection,EAST GIPPSLAND,EASTERN REGION,2739718.658,2394443.231,5,1,0,0,1,4,4,1,0,3,2,0,0,0,0,0,0,0,1,0,No,0,2,0,2,0,0,SMALL_TOWNS,SMALL_TOWNS,EAST GIPPSLAND,"EASTERN REGION,EASTERN REGION",,,Local Road,Local Road,Undivided,Undiv,Country
3403841,T20130019318,ABS to receive accident,Finished,29/8/2013,11.00.00,No,Collision with vehicle,Thursday,REAR END(VEHICLES IN SAME LANE),No,Day,No,Not at intersection,Other injury accident,70 km/hr,No,264188,144.78098,-37.73371,Non-Intersection,BRIMBANK,METROPOLITAN NORTH WEST REGION,2480694.646,2418557.525,2,1,0,0,1,1,1,1,0,0,2,0,0,0,0,0,0,0,0,1,No,0,2,0,2,0,0,MELB_URBAN,MELB_URBAN,BRIMBANK,METROPOLITAN NORTH WEST REGION,,,Arterial Other,Arterial Other,Divided,Div,Metro
3403842,T20130019319,ABS to receive accident,Finished,5/9/2013,06.20.00,No,No collision and no object struck,Thursday,OUT OF CONTROL ON CARRIAGEWAY (ON STRAIGHT),No,Day,No,Not at intersection,Serious injury accident,50 km/hr,No,263498,144.95806,-37.68798,Non-Intersection,HUME,METROPOLITAN NORTH WEST REGION,2496301.376,2423654.136,1,1,0,1,0,0,1,0,1,0,0,0,0,0,0,0,0,0,0,0,No,0,1,0,0,0,0,MELB_URBAN,MELB_URBAN,HUME,METROPOLITAN NORTH WEST REGION,,,Arterial Other,Arterial Other,Divided,Div,Metro
3403843,T20130019321,ABS to receive accident,Finished,17/9/2013,21.32.00,Yes,Collision with vehicle,Tuesday,LANE CHANGE LEFT (NOT OVERTAKING),No,Dark Street lights on,Yes,Not at intersection,Other injury accident,60 km/hr,No,263581,144.9545,-37.80861,Non-Intersection,MELBOURNE,METROPOLITAN NORTH WEST REGION,2495993.399,2410266.116,2,1,0,0,1,1,2,0,0,0,1,0,0,1,0,0,0,0,0,0,No,0,2,0,1,1,0,MELB_URBAN,MELB_URBAN,MELBOURNE,METROPOLITAN NORTH WEST REGION,,,Arterial Other,Arterial Other,Divided,Div,Metro
3403844,T20130019323,ABS to receive accident,Finished,19/9/2013,17.50.00,No,No collision and no object struck,Thursday,OUT OF CONTROL ON CARRIAGEWAY (ON STRAIGHT),No,Dusk/Dawn,Yes,Cross intersection,Other injury accident,40 km/hr,No,35354,144.95956,-37.81862,Intersection,MELBOURNE,METROPOLITAN NORTH WEST REGION,2496439.519,2409155.127,1,1,0,0,1,0,1,0,0,0,0,0,0,1,0,0,0,0,0,0,No,0,1,0,0,1,0,MELBOURNE_CBD,MELBOURNE_CBD,MELBOURNE,METROPOLITAN NORTH WEST REGION,,,Local Road,Local Road,Undivided,Undiv,Metro