OBJECTID,ACCIDENT_NO,ABS_CODE,ACCIDENT_STATUS,ACCIDENT_DATE,ACCIDENT_TIME,ALCOHOLTIME,ACCIDENT_TYPE,DAY_OF_WEEK,DCA_CODE,HIT_RUN_FLAG,LIGHT_CONDITION,POLICE_ATTEND,ROAD_GEOMETRY,SEVERITY,SPEED_ZONE,RUN_OFFROAD,NODE_ID,LONGITUDE,LATITUDE,NODE_TYPE,LGA_NAME,REGION_NAME,VICGRID_X,VICGRID_Y,TOTAL_PERSONS,INJ_OR_FATAL,FATALITY,SERIOUSINJURY,OTHERINJURY,NONINJURED,MALES,FEMALES,BICYCLIST,PASSENGER,DRIVER,PEDESTRIAN,PILLION,MOTORIST,UNKNOWN,PED_CYCLIST_5_12,PED_CYCLIST_13_18,OLD_PEDESTRIAN,OLD_DRIVER,YOUNG_DRIVER,ALCOHOL_RELATED,UNLICENCSED,NO_OF_VEHICLES,HEAVYVEHICLE,PASSENGERVEHICLE,MOTORCYCLE,PUBLICVEHICLE,DEG_URBAN_NAME,DEG_URBAN_ALL,LGA_NAME_ALL,REGION_NAME_ALL,SRNS,SRNS_ALL,RMA,RMA_ALL,DIVIDED,DIVIDED_ALL,STAT_DIV_NAME
3403845,T20130019326,ABS to receive accident,Finished,19/9/2013,17.05.00,No,Struck Pedestrian,Wednesday,PED NEAR SIDE. PED HIT BY VEHICLE FROM THE RIGHT.,No,Day,Yes,Cross intersection,Serious injury accident,30km/hr,No,277152,144.96378,-37.82954,Intersection,PORT PHILLIP,METROPOLITAN NORTH WEST REGION,2496811.27,2407942.845,2,1,0,1,0,1,2,0,0,0,1,1,0,0,0,0,0,0,0,0,No,0,1,0,0,0,1,MELB_URBAN,MELB_URBAN,PORT PHILLIP,METROPOLITAN NORTH WEST REGION,,,Arterial Highway,"Arterial Highway,Local Road",Divided,"Div,Undiv",Metro
3403846,T20130019329,ABS to receive accident,Finished,19/9/2013,16.00.00,No,Collision with vehicle,Thursday,VEHICLE STRIKES ANOTHER VEH WHILE EMERGING FROM DRIVEWAY,No,Day,Yes,Not at intersection,Other injury accident,60 km/hr,No,264227,147.62875,-37.82674,Non-Intersection,EAST GIPPSLAND,EASTERN REGION,2731391.247,2405059.53,2,1,0,0,1,1,2,0,1,0,1,0,0,0,0,0,0,0,0,0,No,0,2,0,1,0,0,SMALL_CITIES,SMALL_CITIES,EAST GIPPSLAND,"EASTERN REGION,EASTERN REGION",A,A,Arterial Highway,Arterial Highway,Divided,Div,Country
3403847,T20130019331,ABS to receive accident,Finished,19/9/2013,19.00.00,Yes,Collision with vehicle,Thursday,VEHICLE COLLIDES WITH VEHICLE PARKED ON LEFT OF ROAD,No,Dark Street lights on,Yes,Not at intersection,Serious injury accident,70 km/hr,No,267353,144.36586,-38.09322,Non-Intersection,GEELONG,SOUTH WESTERN REGION,2444371.682,2378491.534,5,2,0,2,0,3,1,4,0,3,1,1,0,0,0,0,0,0,0,0,No,0,2,0,2,0,0,LARGE_PROVINCIAL_CITIES,LARGE_PROVINCIAL_CITIES,GEELONG,SOUTH WESTERN REGION,C,C,Arterial Other,Arterial Other,Divided,Div,Country
3403848,T20130019336,ABS to receive accident,Finished,19/9/2013,19.10.00,Yes,Collision with vehicle,Thursday,RIGHT NEAR (INTERSECTIONS ONLY),No,Dark Street lights on,Yes,T intersection,Other injury accident,70 km/hr,No,35484,144.82252,-37.84862,Intersection,HOBSONS BAY,METROPOLITAN NORTH WEST REGION,2484380.18,2405811.698,2,2,0,0,2,0,2,0,0,0,2,0,0,0,0,0,0,0,0,0,No,0,2,0,2,0,0,MELB_URBAN,MELB_URBAN,HOBSONS BAY,METROPOLITAN NORTH WEST REGION,,,,,,,Metro
3403849,T20130019341,ABS to receive accident,Finished,19/9/2013,12.22.00,No,Collision with vehicle,Wednesday,REAR END(VEHICLES IN SAME LANE),No,Day,Yes,Multiple intersection,Other injury accident,60 km/hr,No,35761,145.02322,-37.72549,Intersection,DAREBIN,METROPOLITAN NORTH WEST REGION,2502046.901,2419491.72,6,2,0,0,2,4,4,2,0,2,4,0,0,0,0,0,0,0,0,2,No,0,4,0,4,0,0,MELB_URBAN,MELB_URBAN,DAREBIN,METROPOLITAN NORTH WEST REGION,,,,,,,Metro
3403850,T20130019742,ABS to receive accident,Finished,11/9/2013,22.15.00,Yes,Collision with vehicle,Wednesday,REAR END(VEHICLES IN SAME LANE),No,Unk.,No,Not at intersection,Other injury accident,60 km/hr,No,265128,144.98468,-37.82405,Non-Intersection,MELBOURNE,METROPOLITAN NORTH WEST REGION,2498651.202,2408552.895,3,1,0,0,1,2,2,1,0,1,2,0,0,0,0,0,0,0,0,0,No,0,2,0,2,0,0,MELB_URBAN,MELB_URBAN,MELBOURNE,METROPOLITAN NORTH WEST REGION,,,Arterial Other,Arterial Other,Divided,Div,Metro
3403851,T20130019745,ABS to receive accident,Finished,25/9/2013,14.45.00,No,Collision with vehicle,Tuesday,VEHICLE STRIKES ANOTHER VEH WHILE EMERGING FROM DRIVEWAY,No,Day,Yes,Not at intersection,Serious injury accident,60 km/hr,No,263763,145.23031,-37.80477,Non-Intersection,MAROONDAH,METROPOLITAN SOUTH EAST REGION,2520281.196,2410668.548,2,1,0,1,0,1,2,0,1,0,1,0,0,0,0,0,1,0,0,1,No,0,2,0,1,0,0,MELB_URBAN,MELB_URBAN,MAROONDAH,METROPOLITAN SOUTH EAST REGION,,,Arterial Other,Arterial Other,Undivided,Undiv,Metro
3403852,T20130019746,ABS to receive accident,Finished,25/9/2013,14.00.00,No,Collision with vehicle,Wednesday,RIGHT TURN SIDESWIPE,No,Day,Yes,Not at intersection,Other injury accident,50 km/hr,No,263657,145.10064,-37.70502,Non-Intersection,BANYULE,METROPOLITAN NORTH WEST REGION,2508873.795,2421759.134,2,1,0,0,1,1,2,0,0,0,1,0,0,1,0,0,0,0,0,0,No,0,2,0,1,1,0,MELB_URBAN,MELB_URBAN,BANYULE,METROPOLITAN NORTH WEST REGION,,,Local Road,Local Road,Undivided,Undiv,Metro
3403853,T20130019750,ABS to receive accident,Finished,25/9/2013,14.34.00,No,Collision with vehicle,Wednesday,LEFT REAR,Yes,Day,Yes,T intersection,Other injury accident,60 km/hr,No,29802,145.02133,-37.7265,Intersection,DAREBIN,METROPOLITAN NORTH WEST REGION,2501880.36,2419379.678,2,1,0,0,1,1,1,0,0,0,1,0,0,0,1,0,0,0,0,0,No,0,2,0,1,0,0,MELB_URBAN,MELB_URBAN,DAREBIN,METROPOLITAN NORTH WEST REGION,,,Arterial Other,"Arterial Other,Local Road",Undivided,Undiv,Metro
3403854,T20130019753,ABS to receive accident,Finished,25/9/2013,13.38.00,No,Struck Pedestrian,Wednesday,PED NEAR SIDE. PED HIT BY VEHICLE FROM THE RIGHT.,No,Day,Yes,Cross intersection,Serious injury accident,60 km/hr,No,36168,144.66289,-37.90191,Intersection,WYNDHAM,METROPOLITAN NORTH WEST REGION,2470352.304,2399858.606,3,2,0,2,0,1,1,2,0,0,1,2,0,0,0,0,0,1,0,1,No,0,1,1,0,0,0,MELB_URBAN,MELB_URBAN,WYNDHAM,METROPOLITAN NORTH WEST REGION,C,C,Arterial Other,"Arterial Other,Local Road",Divided,"Div,Undiv",Metro
3403855,T20130019755,ABS to receive accident,Finished,25/9/2013,16.30.00,No,Collision with vehicle,Wednesday,CROSS TRAFFIC(INTERSECTIONS ONLY),No,Day,Yes,Cross intersection,Other injury accident,60 km/hr,No,53014,143.84278,-37.59902,Intersection,BALLARAT,WESTERN REGION,2397819.941,2432906.76,2,1,0,0,1,1,2,0,0,0,2,0,0,0,0,0,0,0,0,1,No,0,2,0,2,0,0,LARGE_PROVINCIAL_CITIES,LARGE_PROVINCIAL_CITIES,BALLARAT,WESTERN REGION,C,C,Arterial Other,"Arterial Other,Local Road",Undivided,Undiv,Country
3403856,T20130019758,ABS to receive accident,Finished,25/9/2013,16.30.00,No,Vehicle overturned (no collision),Wednesday,OFF CARRIAGEWAY ON RIGHT BEND,No,Day,Yes,T intersection,Other injury accident,100 km/hr,Yes,44018,145.1131,-38.28033,Intersection,MORNINGTON PENINSULA,METROPOLITAN SOUTH EAST REGION,2509896.486,2357900.436,1,1,0,0,1,0,1,0,0,0,0,0,0,1,0,0,0,0,0,0,No,0,1,0,0,1,0,RURAL_VICTORIA,RURAL_VICTORIA,MORNINGTON PENINSULA,METROPOLITAN SOUTH EAST REGION,,,Local Road,Local Road,Undivided,Undiv,Metro
3403857,T20130019761,ABS to receive accident,Finished,23/9/2013,08.00.00,No,Collision with vehicle,Monday,LEFT NEAR (INTERSECTIONS ONLY),No,Day,No,T intersection,Other injury accident,60 km/hr,No,64437,144.95743,-37.78156,Intersection,MELBOURNE,METROPOLITAN NORTH WEST REGION,2496250.131,2413268.229,2,1,0,0,1,1,1,1,1,0,1,0,0,0,0,0,0,0,0,0,No,0,2,0,1,0,0,MELB_URBAN,MELB_URBAN,MELBOURNE,METROPOLITAN NORTH WEST REGION,,,,,,,Metro
3403858,T20130019762,ABS to receive accident,Finished,25/9/2013,17.30.00,No,Collision with vehicle,Wednesday,RIGHT NEAR (INTERSECTIONS ONLY),No,Day,Yes,Cross intersection,Other injury accident,50 km/hr,No,53362,145.40248,-36.38575,Intersection,SHEPPARTON,NORTH EASTERN REGION,2536108.275,2568078.709,2,1,0,0,1,1,2,0,1,0,1,0,0,0,0,0,0,0,0,0,No,0,2,0,1,0,0,SMALL_CITIES,SMALL_CITIES,SHEPPARTON,NORTH EASTERN REGION,,,Local Road,Local Road,Undivided,Undiv,Country
3403859,T20130019763,ABS to receive accident,Finished,25/9/2013,17.21.00,No,Collision with vehicle,Wednesday,RIGHT REAR.,No,Day,Yes,Not at intersection,Other injury accident,60 km/hr,No,265507,145.15127,-37.88746,Non-Intersection,MONASH,METROPOLITAN SOUTH EAST REGION,2513306.299,2401505.122,2,1,0,0,1,1,1,1,0,0,2,0,0,0,0,0,0,0,0,0,No,0,2,0,2,0,0,MELB_URBAN,MELB_URBAN,MONASH,METROPOLITAN SOUTH EAST REGION,,,Arterial Other,Arterial Other,Undivided,Undiv,Metro
3403860,T20130019764,ABS to receive accident,Finished,25/9/2013,17.40.00,No,Collision with vehicle,Wednesday,CROSS TRAFFIC(INTERSECTIONS ONLY),No,Day,Yes,Multiple intersection,Other injury accident,60 km/hr,No,44481,144.36953,-38.17616,Intersection,GEELONG,SOUTH WESTERN REGION,2444753.903,2369287.207,2,1,0,0,1,1,2,0,1,0,1,0,0,0,0,0,0,0,0,0,No,0,2,0,1,0,0,LARGE_PROVINCIAL_CITIES,LARGE_PROVINCIAL_CITIES,GEELONG,SOUTH WESTERN REGION,,,Local Road,Local Road,Undivided,Undiv,Country
3403861,T20130019766,ABS to receive accident,Finished,25/9/2013,18.20.00,Yes,Collision with vehicle,Wednesday,CROSS TRAFFIC(INTERSECTIONS ONLY),No,Dark Street lights on,Yes,Cross intersection,Other injury accident,60 km/hr,No,44225,145.02514,-37.64963,Intersection,WHITTLESEA,METROPOLITAN NORTH WEST REGION,2502218.329,2427910.703,2,1,0,0,1,1,1,1,0,0,2,0,0,0,0,0,0,0,0,0,No,0,2,0,2,0,0,MELB_URBAN,MELB_URBAN,WHITTLESEA,METROPOLITAN NORTH WEST REGION,,,Arterial Other,"Arterial Other,Local Road",Divided,"Div,Undiv",Metro
3403862,T20130019767,ABS to receive accident,Finished,25/9/2013,16.45.00,No,Collision with vehicle,Wednesday,VEHICLE STRIKES ANOTHER VEH WHILE EMERGING FROM DRIVEWAY,No,Day,Yes,Not at intersection,Serious injury accident,60 km/hr,No,264339,145.24406,-38.04445,Non-Intersection,DANDENONG,METROPOLITAN SOUTH EAST REGION,2521423.672,2384062.577,2,1,0,1,0,1,2,0,0,0,1,0,0,1,0,0,0,0,0,1,No,0,2,0,1,1,0,MELB_URBAN,MELB_URBAN,DANDENONG,METROPOLITAN SOUTH EAST REGION,,,Local Road,Local Road,Undivided,Undiv,Metro
3403863,T20130020191,ABS to receive accident,Finished,28/9/2013,00.44.00,Yes,Collision with vehicle,Saturday,CROSS TRAFFIC(INTERSECTIONS ONLY),No,Dark Street lights on,Yes,Cross intersection,Serious injury accident,60 km/hr,No,590,145.02929,-37.85662,Intersection,STONNINGTON,METROPOLITAN SOUTH EAST REGION,2502577.244,2404937.899,5,1,0,1,0,4,4,1,0,3,2,0,0,0,0,0,0,0,0,1,No,0,2,0,2,0,0,MELB_URBAN,MELB_URBAN,STONNINGTON,METROPOLITAN SOUTH EAST REGION,,,Arterial Other,Arterial Other,Undivided,Undiv,Metro
3403864,T20130020192,ABS to receive accident,Finished,27/9/2013,11.00.00,No,Collision with a fixed object,Thursday,LEFT OFF CARRIAGEWAY INTO OBJECT/PARKED VEHICLE,No,Day,No,Not at intersection,Serious injury accident,100 km/hr,Yes,279010,144.3043,-38.18451,Non-Intersection,GEELONG,SOUTH WESTERN REGION,2439045.123,2368320.537,1,1,0,1,0,0,1,0,0,0,1,0,0,0,0,0,0,0,0,0,No,0,1,0,1,0,0,RURAL_VICTORIA,RURAL_VICTORIA,GEELONG,SOUTH WESTERN REGION,M,M,Freeway,Freeway,Divided,Div,Country
3403865,T20130020195,ABS to receive accident,Finished,1/10/2013,08.55.00,No,Collision with vehicle,Tuesday,LANE SIDE SWIPE (VEHICLES IN PARALLEL LANES),No,Day,Yes,Not at intersection,Serious injury accident,30km/hr,No,263880,144.96675,-37.81595,Non-Intersection,MELBOURNE,METROPOLITAN NORTH WEST REGION,2497072.192,2409451.64,2,1,0,1,0,1,2,0,1,0,1,0,0,0,0,0,0,0,0,0,No,0,2,0,1,0,0,MELBOURNE_CBD,MELBOURNE_CBD,MELBOURNE,METROPOLITAN NORTH WEST REGION,,,Local Road,Local Road,Undivided,Undiv,Metro
3403866,T20130020196,ABS to receive accident,Finished,1/10/2013,06.58.00,No,collision with some other object,Tuesday,STRUCK OBJECT ON CARRIAGEWAY,No,Day,Yes,Not at intersection,Serious injury accident,70 km/hr,No,131954,145.34686,-37.80824,Non-Intersection,YARRA RANGES,METROPOLITAN SOUTH EAST REGION,2530543.002,2410252.399,1,1,0,1,0,0,1,0,0,0,1,0,0,0,0,0,0,0,0,0,No,0,1,0,1,0,0,MELB_URBAN,MELB_URBAN,YARRA RANGES,METROPOLITAN SOUTH EAST REGION,C,C,Arterial Other,Arterial Other,Divided,Div,Metro
3403867,T20130020197,ABS to receive accident,Finished,1/10/2013,11.40.00,No,Struck Pedestrian,Tuesday,PED NEAR SIDE. PED HIT BY VEHICLE FROM THE RIGHT.,No,Day,Yes,T intersection,Other injury accident,60 km/hr,No,221789,144.29655,-36.76935,Intersection,BENDIGO,NORTHERN REGION,2437205.927,2525360.768,2,1,0,0,1,1,1,1,0,0,1,1,0,0,0,0,1,0,0,0,No,0,1,0,1,0,0,LARGE_PROVINCIAL_CITIES,LARGE_PROVINCIAL_CITIES,BENDIGO,NORTHERN REGION,C,C,Arterial Other,"Arterial Other,Local Road",Divided,"Div,Undiv",Country
3403868,T20130020198,ABS to receive accident,Finished,30/9/2013,13.30.00,No,No collision and no object struck,Monday,OUT OF CONTROL ON CARRIAGEWAY (ON BEND),No,Day,No,Not at intersection,Other injury accident,50 km/hr,No,264450,148.09244,-37.32259,Non-Intersection,EAST GIPPSLAND,EASTERN REGION,2774010.449,2459753.437,1,1,0,0,1,0,1,0,0,0,0,0,0,1,0,0,0,0,0,0,No,0,1,0,0,1,0,RURAL_VICTORIA,RURAL_VICTORIA,EAST GIPPSLAND,"EASTERN REGION,EASTERN REGION",,,Local Road,Local Road,Undivided,Undiv,Country
3403869,T20130020199,ABS to receive accident,Finished,1/10/2013,11.40.00,No,Collision with vehicle,Tuesday,LEFT FAR (INTERSECTIONS ONLY),No,Day,Yes,T intersection,Other injury accident,50 km/hr,No,264456,144.87032,-37.78896,Intersection,MARIBYRNONG,METROPOLITAN NORTH WEST REGION,2488577.548,2412440.156,3,1,0,0,1,2,2,1,0,1,2,0,0,0,0,0,0,0,0,0,No,0,3,0,3,0,0,MELB_URBAN,MELB_URBAN,MARIBYRNONG,METROPOLITAN NORTH WEST REGION,,,Local Road,Local Road,Undivided,Undiv,Metro
3403870,T20130020202,ABS to receive accident,Finished,1/10/2013,08.15.00,No,Collision with vehicle,Tuesday,REAR END(VEHICLES IN SAME LANE),No,Day,No,T intersection,Other injury accident,Not known,No,38598,144.86238,-37.79767,Intersection,MARIBYRNONG,METROPOLITAN NORTH WEST REGION,2487880.306,2411472.871,2,1,0,0,1,1,1,1,0,0,2,0,0,0,0,0,0,0,0,0,No,0,2,0,2,0,0,MELB_URBAN,MELB_URBAN,MARIBYRNONG,METROPOLITAN NORTH WEST REGION,,,Arterial Other,"Arterial Other,Local Road",Undivided,Undiv,Metro
3403871,T20130020203,ABS to receive accident,Finished,1/10/2013,11.30.00,No,Collision with vehicle,Tuesday,HEAD ON (NOT OVERTAKING),No,Day,Yes,Not at intersection,Other injury accident,100 km/hr,No,264457,145.95526,-38.56358,Non-Intersection,SOUTH GIPPSLAND,EASTERN REGION,2583273.604,2326041.906,3,1,0,0,1,2,1,2,0,1,2,0,0,0,0,0,0,0,0,0,No,0,2,0,2,0,0,RURAL_VICTORIA,RURAL_VICTORIA,SOUTH GIPPSLAND,"EASTERN REGION,EASTERN REGION",A,A,Arterial Highway,Arterial Highway,Undivided,Undiv,Country
3403872,T20130020204,ABS to receive accident,Finished,1/10/2013,09.10.00,No,Collision with vehicle,Tuesday,CROSS TRAFFIC(INTERSECTIONS ONLY),No,Day,No,Cross intersection,Other injury accident,60 km/hr,No,43662,144.71011,-37.57846,Intersection,HUME,METROPOLITAN NORTH WEST REGION,2474395.793,2435770.75,2,1,0,0,1,1,1,1,1,0,1,0,0,0,0,0,0,0,0,0,No,0,2,0,1,0,0,SMALL_CITIES,SMALL_CITIES,HUME,METROPOLITAN NORTH WEST REGION,C,C,Arterial Other,"Arterial Other,Local Road",Divided,"Div,Undiv",Metro
3403873,T20130020206,ABS to receive accident,Finished,1/10/2013,06.04.00,No,No collision and no object struck,Tuesday,OUT OF CONTROL ON CARRIAGEWAY (ON STRAIGHT),No,Dark Street lights on,Yes,Cross intersection,Serious injury accident,40 km/hr,No,36615,144.98877,-37.79064,Intersection,YARRA,METROPOLITAN NORTH WEST REGION,2499011.087,2412261.099,2,1,0,1,0,1,2,0,0,0,1,0,0,1,0,0,0,0,0,0,No,0,2,0,1,1,0,MELB_URBAN,MELB_URBAN,YARRA,METROPOLITAN NORTH WEST REGION,,,Local Road,Local Road,Divided,"Div,Undiv",Metro
3403874,T20130020209,ABS to receive accident,Finished,1/10/2013,12.50.00,No,Collision with vehicle,Tuesday,RIGHT FAR (INTERSECTIONS ONLY),No,Day,Yes,Cross intersection,Other injury accident,60 km/hr,No,56134,142.49053,-38.3826,Intersection,WARRNAMBOOL,SOUTH WESTERN REGION,2280731.87,2343662.34,5,1,0,0,1,4,1,3,0,3,2,0,0,0,0,0,0,0,0,0,No,0,2,0,2,0,0,SMALL_CITIES,SMALL_CITIES,WARRNAMBOOL,SOUTH WESTERN REGION,A,A,Arterial Highway,"Arterial Highway,Local Road",Divided,"Div,Undiv",Country
3403875,T20130020210,ABS to receive accident,Finished,1/10/2013,13.00.00,No,Collision with vehicle,Monday,RIGHT NEAR (INTERSECTIONS ONLY),No,Day,Yes,T intersection,Serious injury accident,80 km/hr,No,34986,145.4875,-38.07199,Intersection,CARDINIA,METROPOLITAN SOUTH EAST REGION,2542777.423,2380924.105,2,1,0,1,0,1,1,1,0,0,2,0,0,0,0,0,0,0,0,0,No,0,2,0,2,0,0,SMALL_CITIES,SMALL_CITIES,CARDINIA,METROPOLITAN SOUTH EAST REGION,C,C,Arterial Other,"Arterial Other,Local Road",Divided,"Div,Undiv",Metro
3403876,T20130018947,ABS to receive accident,Finished,14/9/2013,14.30.00,Yes,Collision with vehicle,Saturday,VEHICLE STRIKES ANOTHER VEH WHILE EMERGING FROM DRIVEWAY,No,Day,Yes,T intersection,Other injury accident,60 km/hr,No,263508,145.06724,-38.23607,Intersection,MORNINGTON PENINSULA,METROPOLITAN SOUTH EAST REGION,2505887.346,2362817.633,4,1,0,0,1,3,3,1,0,2,2,0,0,0,0,0,0,0,0,0,No,0,2,0,2,0,0,MELB_URBAN,MELB_URBAN,MORNINGTON PENINSULA,METROPOLITAN SOUTH EAST REGION,,,,,,,Metro
3403877,T20130018948,ABS to receive accident,Finished,14/9/2013,10.45.00,No,Collision with vehicle,Saturday,REAR END(VEHICLES IN SAME LANE),No,Day,Yes,Cross intersection,Other injury accident,60 km/hr,No,731,144.93789,-37.73474,Intersection,MORELAND,METROPOLITAN NORTH WEST REGION,2494525.362,2418463.625,5,1,0,0,1,4,4,1,0,2,3,0,0,0,0,0,0,0,0,1,No,0,3,0,3,0,0,MELB_URBAN,MELB_URBAN,MORELAND,METROPOLITAN NORTH WEST REGION,,,Arterial Other,"Arterial Other,Local Road",Undivided,Undiv,Metro
3403878,T20130018949,ABS to receive accident,Finished,14/9/2013,15.15.00,Yes,Collision with vehicle,Saturday,VEHICLE STRIKES ANOTHER VEH WHILE EMERGING FROM DRIVEWAY,No,Day,Yes,Cross intersection,Other injury accident,60 km/hr,No,785,145.11906,-37.92856,Intersection,KINGSTON,METROPOLITAN SOUTH EAST REGION,2510467.237,2396946.685,2,1,0,0,1,1,2,0,0,0,2,0,0,0,0,0,0,0,0,0,No,0,2,0,2,0,0,MELB_URBAN,MELB_URBAN,"MONASH,KINGSTON",METROPOLITAN SOUTH EAST REGION,,,Arterial Other,Arterial Other,Undivided,Undiv,Metro
3403879,T20130018950,ABS to receive accident,Finished,31/8/2013,10.03.00,No,Vehicle overturned (no collision),Saturday,OFF CARRIAGEWAY TO LEFT,No,Unk.,No,Not at intersection,Serious injury accident,60 km/hr,Yes,264260,144.92477,-37.76766,Non-Intersection,MOONEE VALLEY,METROPOLITAN NORTH WEST REGION,2493371.768,2414809.176,1,1,0,1,0,0,0,1,1,0,0,0,0,0,0,0,0,0,0,0,No,0,1,0,0,0,0,MELB_URBAN,MELB_URBAN,MOONEE VALLEY,METROPOLITAN NORTH WEST REGION,,,Arterial Other,Arterial Other,Undivided,Undiv,Metro
3403880,T20130018951,ABS to receive accident,Finished,14/9/2013,15.50.00,Yes,Collision with vehicle,Saturday,CROSS TRAFFIC(INTERSECTIONS ONLY),No,Day,Yes,Cross intersection,Other injury accident,100 km/hr,No,59245,145.03186,-36.44081,Intersection,CAMPASPE,NORTHERN REGION,2502856.419,2562045.25,3,2,0,0,2,1,1,2,0,0,3,0,0,0,0,0,0,0,1,0,No,0,3,0,3,0,0,RURAL_VICTORIA,RURAL_VICTORIA,"SHEPPARTON,CAMPASPE","NORTHERN REGION,NORTH EASTERN REGION",A,A,Arterial Highway,"Arterial Highway,Local Road",Undivided,Undiv,Country
3403881,T20130018952,ABS to receive accident,Finished,14/9/2013,16.30.00,Yes,Collision with vehicle,Saturday,VEHICLE OFF FOOTPATH STRIKES VEH ON CARRIAGEWAY,Yes,Day,No,Multiple intersection,Other injury accident,Not known,No,264204,147.06407,-38.10738,Intersection,WELLINGTON,EASTERN REGION,2681020.143,2375142.221,2,1,0,0,1,1,1,0,1,0,0,0,0,0,1,0,1,0,0,0,No,0,2,0,0,0,0,SMALL_CITIES,SMALL_CITIES,WELLINGTON,"EASTERN REGION,EASTERN REGION",,,Local Road,Local Road,Undivided,Undiv,Country
3403882,T20130018953,ABS to receive accident,Finished,14/9/2013,15.40.00,Yes,Collision with vehicle,Saturday,CROSS TRAFFIC(INTERSECTIONS ONLY),No,Day,Yes,Cross intersection,Other injury accident,100 km/hr,No,29789,144.99469,-38.40144,Intersection,MORNINGTON PENINSULA,METROPOLITAN SOUTH EAST REGION,2499536.098,2344461.184,8,1,0,0,1,7,2,4,0,6,2,0,0,0,0,0,0,0,0,0,No,1,2,0,2,0,0,RURAL_VICTORIA,RURAL_VICTORIA,MORNINGTON PENINSULA,METROPOLITAN SOUTH EAST REGION,C,C,Arterial Other,"Arterial Other,Local Road",Undivided,Undiv,Metro
3403883,T20130018956,ABS to receive accident,Finished,14/9/2013,16.30.00,Yes,Collision with vehicle,Saturday,CROSS TRAFFIC(INTERSECTIONS ONLY),No,Day,Yes,Cross intersection,Other injury accident,50 km/hr,No,56537,144.94231,-37.75954,Intersection,MORELAND,METROPOLITAN NORTH WEST REGION,2494917.026,2415711.784,7,2,0,0,2,5,6,1,0,4,3,0,0,0,0,0,0,0,0,1,No,0,4,0,4,0,0,MELB_URBAN,MELB_URBAN,MORELAND,METROPOLITAN NORTH WEST REGION,,,Local Road,Local Road,Undivided,Undiv,Metro
3403884,T20130018960,ABS to receive accident,Finished,9/9/2013,09.30.00,No,collision with some other object,Monday,STRUCK OBJECT ON CARRIAGEWAY,No,Day,No,Not at intersection,Other injury accident,60 km/hr,No,263544,145.30037,-37.43776,Non-Intersection,MURRINDINDI,NORTH EASTERN REGION,2526579.071,2451381.284,1,1,0,0,1,0,1,0,0,0,0,0,0,1,0,0,0,0,0,0,No,0,1,0,0,1,0,RURAL_VICTORIA,RURAL_VICTORIA,"MURRINDINDI,MURRINDINDI",NORTH EASTERN REGION,,,Local Road,Local Road,Undivided,Undiv,Country
3403885,T20130018961,ABS to receive accident,Finished,14/9/2013,19.30.00,Yes,Collision with vehicle,Saturday,REAR END(VEHICLES IN SAME LANE),No,Dark Street lights on,No,T intersection,Other injury accident,60 km/hr,No,42761,145.06438,-37.98126,Intersection,KINGSTON,METROPOLITAN SOUTH EAST REGION,2505656.468,2391102.56,2,2,0,0,2,0,1,1,0,0,2,0,0,0,0,0,0,0,0,0,No,0,2,0,1,0,0,MELB_URBAN,MELB_URBAN,KINGSTON,METROPOLITAN SOUTH EAST REGION,,,Arterial Other,"Arterial Other,Local Road",Undivided,Undiv,Metro
3403886,T20130018962,ABS to receive accident,Finished,8/9/2013,15.10.00,No,Collision with vehicle,Sunday,HEAD ON (NOT OVERTAKING),No,Day,Yes,Not at intersection,Other injury accident,100 km/hr,No,264195,145.50107,-37.17266,Non-Intersection,MURRINDINDI,NORTH EASTERN REGION,2544493.312,2480724.077,6,1,0,0,1,5,2,2,0,4,2,0,0,0,0,0,0,0,0,0,No,0,2,0,2,0,0,RURAL_VICTORIA,RURAL_VICTORIA,"MURRINDINDI,MURRINDINDI",NORTH EASTERN REGION,B,B,Arterial Highway,Arterial Highway,Undivided,Undiv,Country
3403887,T20130018963,ABS to receive accident,Finished,14/9/2013,15.43.00,Yes,Collision with vehicle,Saturday,REAR END(VEHICLES IN SAME LANE),No,Day,Yes,Cross intersection,Other injury accident,50 km/hr,No,38673,144.88135,-37.82925,Intersection,HOBSONS BAY,METROPOLITAN NORTH WEST REGION,2489554.911,2407969.582,5,1,0,0,1,4,1,4,0,2,3,0,0,0,0,0,0,0,0,0,No,0,3,0,3,0,0,MELB_URBAN,MELB_URBAN,HOBSONS BAY,METROPOLITAN NORTH WEST REGION,,,Arterial Other,"Arterial Other,Local Road",Undivided,Undiv,Metro
3403888,T20130018965,ABS to receive accident,Finished,14/9/2013,18.10.00,Yes,Collision with vehicle,Saturday,HEAD ON (NOT OVERTAKING),Yes,Dusk/Dawn,No,Not at intersection,Other injury accident,60 km/hr,No,264205,145.3844,-37.88279,Non-Intersection,YARRA RANGES,METROPOLITAN SOUTH EAST REGION,2533815.264,2401965.631,5,1,0,0,1,4,2,3,0,2,3,0,0,0,0,0,0,0,0,2,No,1,3,0,3,0,0,MELB_URBAN,MELB_URBAN,YARRA RANGES,METROPOLITAN SOUTH EAST REGION,C,C,Arterial Other,Arterial Other,Undivided,Undiv,Metro