OBJECTID,ACCIDENT_NO,ABS_CODE,ACCIDENT_STATUS,ACCIDENT_DATE,ACCIDENT_TIME,ALCOHOLTIME,ACCIDENT_TYPE,DAY_OF_WEEK,DCA_CODE,HIT_RUN_FLAG,LIGHT_CONDITION,POLICE_ATTEND,ROAD_GEOMETRY,SEVERITY,SPEED_ZONE,RUN_OFFROAD,NODE_ID,LONGITUDE,LATITUDE,NODE_TYPE,LGA_NAME,REGION_NAME,VICGRID_X,VICGRID_Y,TOTAL_PERSONS,INJ_OR_FATAL,FATALITY,SERIOUSINJURY,OTHERINJURY,NONINJURED,MALES,FEMALES,BICYCLIST,PASSENGER,DRIVER,PEDESTRIAN,PILLION,MOTORIST,UNKNOWN,PED_CYCLIST_5_12,PED_CYCLIST_13_18,OLD_PEDESTRIAN,OLD_DRIVER,YOUNG_DRIVER,ALCOHOL_RELATED,UNLICENCSED,NO_OF_VEHICLES,HEAVYVEHICLE,PASSENGERVEHICLE,MOTORCYCLE,PUBLICVEHICLE,DEG_URBAN_NAME,DEG_URBAN_ALL,LGA_NAME_ALL,REGION_NAME_ALL,SRNS,SRNS_ALL,RMA,RMA_ALL,DIVIDED,DIVIDED_ALL,STAT_DIV_NAME
3403978,T20130020262,ABS to receive accident,Finished,2/10/2013,05.54.00,Yes,Collision with vehicle,Wednesday,CROSS TRAFFIC(INTERSECTIONS ONLY),No,Dusk/Dawn,Yes,Cross intersection,Other injury accident,40 km/hr,No,35348,144.95437,-37.81345,Intersection,MELBOURNE,METROPOLITAN NORTH WEST REGION,2495982.654,2409729.088,2,1,0,0,1,1,2,0,0,0,2,0,0,0,0,0,0,0,0,1,No,0,2,0,2,0,0,MELBOURNE_CBD,MELBOURNE_CBD,MELBOURNE,METROPOLITAN NORTH WEST REGION,,,Arterial Other,"Arterial Other,Local Road",Divided,"Div,Undiv",Metro
3403979,T20130020263,ABS to receive accident,Finished,2/10/2013,06.30.00,No,Collision with a fixed object,Wednesday,LEFT OFF CARRIAGEWAY INTO OBJECT/PARKED VEHICLE,No,Dusk/Dawn,Yes,Not at intersection,Serious injury accident,60 km/hr,Yes,263804,145.27946,-37.81228,Non-Intersection,MAROONDAH,METROPOLITAN SOUTH EAST REGION,2524606.37,2409823.798,1,1,0,1,0,0,1,0,0,0,1,0,0,0,0,0,0,0,0,0,No,0,1,0,1,0,0,MELB_URBAN,MELB_URBAN,MAROONDAH,METROPOLITAN SOUTH EAST REGION,,,Local Road,Local Road,Undivided,Undiv,Metro
3403980,T20130018997,ABS to receive accident,Finished,5/9/2013,11.45.00,No,Collision with vehicle,Thursday,LEFT TURN SIDESWIPE,No,Day,No,Not at intersection,Other injury accident,Not known,No,264075,145.02381,-37.72514,Non-Intersection,DAREBIN,METROPOLITAN NORTH WEST REGION,2502098.966,2419530.36,2,1,0,0,1,1,0,2,0,0,2,0,0,0,0,0,0,0,0,0,No,0,2,0,2,0,0,MELB_URBAN,MELB_URBAN,DAREBIN,METROPOLITAN NORTH WEST REGION,,,Arterial Highway,Arterial Highway,Divided,Div,Metro
3403981,T20130018999,ABS to receive accident,Finished,14/9/2013,16.29.00,Yes,Collision with vehicle,Saturday,OTHER ON PATH,No,Day,Yes,Not at intersection,Other injury accident,50 km/hr,No,264047,144.76594,-37.73153,Non-Intersection,BRIMBANK,METROPOLITAN NORTH WEST REGION,2479368.824,2418796.216,1,1,0,0,1,0,1,0,0,0,1,0,0,0,0,0,0,0,0,0,No,0,3,0,3,0,0,MELB_URBAN,MELB_URBAN,BRIMBANK,METROPOLITAN NORTH WEST REGION,,,Local Road,Local Road,Undivided,Undiv,Metro
3403982,T20130019000,ABS to receive accident,Finished,15/9/2013,14.00.00,No,Collision with vehicle,Sunday,RIGHT THROUGH,No,Day,Yes,T intersection,Serious injury accident,60 km/hr,No,41240,145.01332,-37.89475,Intersection,GLEN EIRA,METROPOLITAN SOUTH EAST REGION,2501171.502,2400706.253,2,1,0,1,0,1,2,0,1,0,1,0,0,0,0,0,0,0,0,0,No,0,2,0,1,0,0,MELB_URBAN,MELB_URBAN,GLEN EIRA,METROPOLITAN SOUTH EAST REGION,,,Local Road,Local Road,Undivided,Undiv,Metro
3403983,T20130019001,ABS to receive accident,Finished,15/9/2013,13.20.00,No,Collision with vehicle,Sunday,LANE CHANGE RIGHT (NOT OVERTAKING),No,Day,Yes,Cross intersection,Serious injury accident,70 km/hr,No,34970,145.11366,-37.68942,Intersection,NILLUMBIK,METROPOLITAN NORTH WEST REGION,2510024.19,2423489.125,2,1,0,1,0,1,2,0,0,0,1,0,0,1,0,0,0,0,0,0,No,0,2,0,1,1,0,MELB_URBAN,MELB_URBAN,NILLUMBIK,METROPOLITAN NORTH WEST REGION,,,,,,,Metro
3403984,T20130019002,ABS to receive accident,Finished,15/9/2013,10.40.00,No,Collision with a fixed object,Sunday,LEFT OFF CARRIAGEWAY INTO OBJECT/PARKED VEHICLE,No,Day,Yes,Not at intersection,Serious injury accident,100 km/hr,Yes,263561,147.20436,-37.51562,Non-Intersection,WELLINGTON,EASTERN REGION,2694841.643,2440526.758,1,1,0,1,0,0,1,0,0,0,0,0,0,1,0,0,0,0,0,0,No,0,1,0,0,1,0,RURAL_VICTORIA,RURAL_VICTORIA,WELLINGTON,"EASTERN REGION,EASTERN REGION",C,C,Arterial Other,Arterial Other,Undivided,Undiv,Country
3403985,T20130019003,ABS to receive accident,Finished,15/9/2013,13.33.00,No,Struck Pedestrian,Sunday,PED NEAR SIDE. PED HIT BY VEHICLE FROM THE RIGHT.,No,Day,Yes,Not at intersection,Serious injury accident,50 km/hr,No,263672,144.96408,-37.75569,Non-Intersection,MORELAND,METROPOLITAN NORTH WEST REGION,2496834.438,2416139.71,2,2,0,1,1,0,0,2,0,0,0,1,0,1,0,0,0,0,0,0,No,0,1,0,0,1,0,MELB_URBAN,MELB_URBAN,MORELAND,METROPOLITAN NORTH WEST REGION,,,Arterial Other,Arterial Other,Undivided,Undiv,Metro
3403986,T20130019004,ABS to receive accident,Finished,14/9/2013,19.00.00,Yes,Struck Pedestrian,Saturday,PED NEAR SIDE. PED HIT BY VEHICLE FROM THE RIGHT.,Yes,Dark No street lights,Yes,Not at intersection,Fatal accident,60 km/hr,No,267652,145.36921,-37.78183,Non-Intersection,YARRA RANGES,METROPOLITAN SOUTH EAST REGION,2532522.279,2413175.672,2,1,1,0,0,1,2,0,0,0,1,1,0,0,0,0,0,1,0,0,No,0,1,0,1,0,0,MELB_URBAN,MELB_URBAN,YARRA RANGES,METROPOLITAN SOUTH EAST REGION,,,Local Road,Local Road,Divided,Div,Metro
3403987,T20130019006,ABS to receive accident,Finished,15/9/2013,14.40.00,No,Collision with vehicle,Sunday,RIGHT REAR.,No,Day,Yes,Y intersection,Serious injury accident,100 km/hr,No,49439,144.58452,-37.34359,Non-Intersection,MACEDON RANGES,NORTHERN REGION,2463189.372,2461793.827,2,2,0,2,0,0,1,1,0,0,2,0,0,0,0,0,0,0,0,1,Yes,0,2,0,2,0,0,RURAL_VICTORIA,RURAL_VICTORIA,MACEDON RANGES,NORTHERN REGION,C,C,Arterial Other,Arterial Other,Undivided,Undiv,Country
3403988,T20130019010,ABS to receive accident,Finished,15/9/2013,16.45.00,Yes,Collision with vehicle,Sunday,RIGHT TURN SIDESWIPE,No,Day,Yes,Cross intersection,Serious injury accident,60 km/hr,No,263371,143.55674,-35.33396,Intersection,SWAN HILL,NORTHERN REGION,2368754.972,2683870.173,2,1,0,1,0,1,2,0,0,0,1,0,0,1,0,0,0,0,0,0,No,0,2,0,1,1,0,TOWNS,TOWNS,SWAN HILL,NORTHERN REGION,,,Local Road,Local Road,Divided,"Div,Undiv",Country
3403989,T20130019012,ABS to receive accident,Finished,19/8/2013,14.30.00,No,Collision with a fixed object,Monday,RIGHT OFF CARRIAGEWAY INTO OBJECT/PARKED VEHICLE,No,Day,No,Not at intersection,Other injury accident,100 km/hr,Yes,263406,143.73059,-36.97119,Non-Intersection,CENTRAL GOLDFIELDS,WESTERN REGION,2386985.202,2502443.267,2,2,0,0,2,0,1,1,0,1,1,0,0,0,0,0,0,0,0,1,No,0,1,0,1,0,0,RURAL_VICTORIA,RURAL_VICTORIA,CENTRAL GOLDFIELDS,WESTERN REGION,,,Local Road,Local Road,Undivided,Undiv,Country
3403990,T20130019015,ABS to receive accident,Finished,15/9/2013,18.00.00,No,Collision with vehicle,,REAR END(VEHICLES IN SAME LANE),No,Dusk/Dawn,Yes,Not at intersection,Other injury accident,60 km/hr,No,263614,144.93245,-37.8191,Non-Intersection,MELBOURNE,METROPOLITAN NORTH WEST REGION,2494052.255,2409100.635,3,2,0,0,2,1,1,2,0,1,2,0,0,0,0,0,0,0,0,1,No,0,2,0,2,0,0,MELB_URBAN,MELB_URBAN,MELBOURNE,METROPOLITAN NORTH WEST REGION,M,M,Freeway,Freeway,Divided,Div,Metro
3403991,T20130019016,ABS to receive accident,Finished,14/9/2013,21.55.00,Yes,Vehicle overturned (no collision),Saturday,OUT OF CONTROL ON CARRIAGEWAY (ON STRAIGHT),No,Dark Street lights on,Yes,T intersection,Other injury accident,80 km/hr,No,264474,144.62579,-37.91265,Intersection,WYNDHAM,METROPOLITAN NORTH WEST REGION,2467094.452,2398654.751,1,1,0,0,1,0,0,1,0,0,1,0,0,0,0,0,0,0,0,1,Yes,1,1,0,1,0,0,MELB_URBAN,"RURAL_VICTORIA,MELB_URBAN",WYNDHAM,METROPOLITAN NORTH WEST REGION,,,Local Road,Local Road,Undivided,Undiv,Metro
3403992,T20130019018,ABS to receive accident,Finished,15/9/2013,15.36.00,No,Struck Pedestrian,Sunday,PED NEAR SIDE. PED HIT BY VEHICLE FROM THE RIGHT.,No,Day,Yes,Not at intersection,Serious injury accident,50 km/hr,No,263398,145.30376,-37.7596,Non-Intersection,YARRA RANGES,METROPOLITAN SOUTH EAST REGION,2526765.152,2415663.665,2,1,0,1,0,1,2,0,0,0,1,1,0,0,0,1,0,0,1,0,No,0,1,0,1,0,0,MELB_URBAN,MELB_URBAN,YARRA RANGES,METROPOLITAN SOUTH EAST REGION,,,Local Road,Local Road,Undivided,Undiv,Metro
3403993,T20130019392,ABS to receive accident,Finished,17/9/2013,15.15.00,No,Collision with vehicle,Tuesday,REAR END(VEHICLES IN SAME LANE),No,Day,No,Cross intersection,Other injury accident,80 km/hr,No,890,145.21535,-38.01461,Intersection,DANDENONG,METROPOLITAN SOUTH EAST REGION,2518910.617,2387381.374,2,1,0,0,1,1,0,2,0,0,2,0,0,0,0,0,0,0,0,0,No,0,2,0,2,0,0,MELB_URBAN,MELB_URBAN,DANDENONG,METROPOLITAN SOUTH EAST REGION,,,Arterial Highway,"Arterial Highway,Arterial Other",Divided,Div,Metro
3403994,T20130019395,ABS to receive accident,Finished,20/9/2013,17.25.00,Yes,Collision with vehicle,Friday,REAR END(VEHICLES IN SAME LANE),No,Dusk/Dawn,Yes,Not at intersection,Serious injury accident,80 km/hr,No,263528,145.18557,-37.81752,Non-Intersection,WHITEHORSE,METROPOLITAN SOUTH EAST REGION,2516338.483,2409262.389,4,1,0,1,0,3,1,3,0,2,2,0,0,0,0,0,0,0,0,1,No,0,2,0,2,0,0,MELB_URBAN,MELB_URBAN,WHITEHORSE,METROPOLITAN SOUTH EAST REGION,,,Arterial Highway,Arterial Highway,Divided,Div,Metro
3403995,T20130019397,ABS to receive accident,Finished,20/9/2013,16.55.00,Yes,Collision with vehicle,Friday,OTHER SAME DIRECTION-MANOUEVRES NOT INCLUDED IN DCAs 130-137,No,Day,Yes,T intersection,Other injury accident,60 km/hr,No,45284,144.95082,-37.68885,Intersection,HUME,METROPOLITAN NORTH WEST REGION,2495662.389,2423557.596,6,2,0,0,2,4,4,2,0,4,2,0,0,0,0,0,0,0,0,0,No,0,2,0,1,0,0,MELB_URBAN,MELB_URBAN,HUME,METROPOLITAN NORTH WEST REGION,,,Arterial Other,"Arterial Other,Local Road",Divided,"Div,Undiv",Metro
3403996,T20130019398,ABS to receive accident,Finished,20/9/2013,17.57.00,Yes,Struck Pedestrian,Friday,PED NEAR SIDE. PED HIT BY VEHICLE FROM THE RIGHT.,No,Dark Street lights on,Yes,Cross intersection,Serious injury accident,70 km/hr,No,225644,145.04317,-37.71696,Intersection,DAREBIN,METROPOLITAN NORTH WEST REGION,2503805.973,2420437.792,2,1,0,1,0,1,0,2,0,0,1,1,0,0,0,0,0,0,0,0,No,0,1,0,1,0,0,MELB_URBAN,MELB_URBAN,DAREBIN,METROPOLITAN NORTH WEST REGION,,,Arterial Other,Arterial Other,Divided,Div,Metro
3403997,T20130019399,ABS to receive accident,Finished,20/9/2013,18.00.00,Yes,Collision with vehicle,Friday,CROSS TRAFFIC(INTERSECTIONS ONLY),No,Day,Yes,Cross intersection,Other injury accident,50 km/hr,No,52897,143.84667,-37.56503,Intersection,BALLARAT,WESTERN REGION,2398117.551,2436682.239,4,1,0,0,1,3,0,4,0,2,2,0,0,0,0,0,0,0,0,0,No,0,2,0,2,0,0,LARGE_PROVINCIAL_CITIES,LARGE_PROVINCIAL_CITIES,BALLARAT,WESTERN REGION,C,C,Arterial Other,"Local Road,Arterial Other",Undivided,Undiv,Country
3403998,T20130019400,ABS to receive accident,Finished,20/9/2013,19.00.00,Yes,Collision with vehicle,Friday,REAR END(VEHICLES IN SAME LANE),No,Dark Street lights on,Yes,Not at intersection,Other injury accident,80 km/hr,No,263635,144.78157,-37.7303,Non-Intersection,BRIMBANK,METROPOLITAN NORTH WEST REGION,2480745.74,2418936.097,2,2,0,0,2,0,1,1,0,0,2,0,0,0,0,0,0,0,0,1,No,0,2,0,2,0,0,MELB_URBAN,MELB_URBAN,BRIMBANK,METROPOLITAN NORTH WEST REGION,,,Arterial Other,Arterial Other,Divided,Div,Metro
3403999,T20130019402,ABS to receive accident,Finished,16/9/2013,17.50.00,No,Collision with vehicle,Monday,VEHICLE STRIKES ANOTHER VEH WHILE EMERGING FROM DRIVEWAY,No,Dusk/Dawn,No,T intersection,Other injury accident,80 km/hr,No,254925,145.23957,-37.87024,Intersection,KNOX,METROPOLITAN SOUTH EAST REGION,2521078.026,2403400.118,4,1,0,0,1,3,1,3,0,1,3,0,0,0,0,0,0,0,0,2,No,0,3,0,3,0,0,MELB_URBAN,MELB_URBAN,KNOX,METROPOLITAN SOUTH EAST REGION,,,Arterial Highway,"Arterial Highway,Local Road",Divided,"Div,Undiv",Metro
3404000,T20130019405,ABS to receive accident,Finished,20/9/2013,18.41.00,Yes,Collision with vehicle,Friday,HEAD ON (NOT OVERTAKING),No,Dark Street lights on,Yes,Not at intersection,Other injury accident,70 km/hr,No,264228,145.1329,-37.63585,Non-Intersection,NILLUMBIK,METROPOLITAN NORTH WEST REGION,2511729.065,2429432.192,3,1,0,0,1,2,1,2,0,0,3,0,0,0,0,0,0,0,0,1,No,0,3,0,3,0,0,MELB_URBAN,MELB_URBAN,NILLUMBIK,METROPOLITAN NORTH WEST REGION,,,Arterial Other,Arterial Other,Undivided,Undiv,Metro
3404001,T20130019413,ABS to receive accident,Finished,20/9/2013,20.10.00,Yes,Collision with vehicle,Friday,RIGHT THROUGH,No,Dark Street lights on,Yes,Y intersection,Other injury accident,70 km/hr,No,223968,145.14261,-37.68903,Non-Intersection,BANYULE,METROPOLITAN NORTH WEST REGION,2512577.367,2423528.957,6,5,0,0,5,1,3,3,0,4,2,0,0,0,0,0,0,0,0,1,No,0,2,0,2,0,0,MELB_URBAN,MELB_URBAN,"NILLUMBIK,BANYULE",METROPOLITAN NORTH WEST REGION,,,Arterial Other,Arterial Other,Divided,Div,Metro
3404002,T20130019416,ABS to receive accident,Finished,20/9/2013,19.25.00,Yes,Collision with vehicle,Friday,CROSS TRAFFIC(INTERSECTIONS ONLY),No,Dark No street lights,Yes,Cross intersection,Other injury accident,100 km/hr,No,58925,145.43184,-36.34754,Intersection,SHEPPARTON,NORTH EASTERN REGION,2538761.296,2572306.908,4,3,0,0,3,1,1,3,0,2,2,0,0,0,0,0,0,0,0,1,No,0,2,0,2,0,0,RURAL_VICTORIA,RURAL_VICTORIA,SHEPPARTON,NORTH EASTERN REGION,C,C,Arterial Other,"Arterial Other,Local Road",Undivided,Undiv,Country
3404003,T20130019417,ABS to receive accident,Finished,20/9/2013,08.30.00,No,Collision with vehicle,Friday,REAR END(VEHICLES IN SAME LANE),No,Day,No,Cross intersection,Other injury accident,80 km/hr,No,43632,145.30595,-38.03128,Intersection,CASEY,METROPOLITAN SOUTH EAST REGION,2526860.698,2385508.704,2,1,0,0,1,1,0,2,0,0,2,0,0,0,0,0,0,0,0,1,No,0,2,0,2,0,0,MELB_URBAN,MELB_URBAN,CASEY,METROPOLITAN SOUTH EAST REGION,C,C,Arterial Other,"Arterial Other,Local Road",Divided,"Div,Undiv",Metro
3404004,T20130019423,ABS to receive accident,Finished,20/9/2013,22.05.00,Yes,Collision with vehicle,Friday,RIGHT NEAR (INTERSECTIONS ONLY),No,Dark Street lights on,Yes,T intersection,Other injury accident,80 km/hr,No,43609,145.31352,-37.99331,Intersection,CASEY,METROPOLITAN SOUTH EAST REGION,2527539.283,2389721.698,3,2,0,0,2,1,1,2,0,1,2,0,0,0,0,0,0,0,0,1,No,0,2,0,2,0,0,MELB_URBAN,MELB_URBAN,CASEY,METROPOLITAN SOUTH EAST REGION,C,C,Arterial Other,"Arterial Other,Local Road",Undivided,Undiv,Metro
3404005,T20130019426,ABS to receive accident,Finished,21/9/2013,01.10.00,Yes,Collision with vehicle,Saturday,RIGHT THROUGH,Yes,Dark Street lights on,Yes,Cross intersection,Other injury accident,80 km/hr,No,57979,145.26811,-37.87975,Intersection,KNOX,METROPOLITAN SOUTH EAST REGION,2523586.218,2402337.904,4,4,0,0,4,0,3,1,0,2,2,0,0,0,0,0,0,0,0,1,No,0,2,0,2,0,0,MELB_URBAN,MELB_URBAN,KNOX,METROPOLITAN SOUTH EAST REGION,,,Arterial Highway,"Arterial Highway,Local Road",Divided,"Div,Undiv",Metro
3404006,T20130019832,ABS to receive accident,Finished,26/9/2013,09.15.00,No,Collision with vehicle,Thursday,HEAD ON (NOT OVERTAKING),No,Day,Yes,Not at intersection,Other injury accident,100 km/hr,No,264365,145.72708,-38.23494,Non-Intersection,BAW BAW,EASTERN REGION,2563661.444,2362701.935,2,1,0,0,1,1,0,2,0,0,2,0,0,0,0,0,0,0,0,1,No,0,2,0,2,0,0,RURAL_VICTORIA,RURAL_VICTORIA,BAW BAW,"EASTERN REGION,EASTERN REGION",C,C,Arterial Other,Arterial Other,Undivided,Undiv,Country
3404007,T20130019837,ABS to receive accident,Finished,26/9/2013,15.35.00,No,Collision with vehicle,Thursday,CROSS TRAFFIC(INTERSECTIONS ONLY),No,Day,Yes,Cross intersection,Other injury accident,50 km/hr,No,50801,145.64923,-35.921,Intersection,MOIRA,NORTH EASTERN REGION,2558596.308,2619523.021,2,1,0,0,1,1,2,0,0,0,2,0,0,0,0,0,0,0,0,0,No,0,2,0,2,0,0,TOWNS,TOWNS,MOIRA,NORTH EASTERN REGION,,,Local Road,Local Road,Divided,"Div,Undiv",Country
3404008,T20130019841,ABS to receive accident,Finished,7/9/2013,20.50.00,Yes,Collision with vehicle,Saturday,U TURN,No,Dark Street lights on,No,Cross intersection,Other injury accident,Not known,No,37685,144.99543,-37.84044,Intersection,STONNINGTON,METROPOLITAN SOUTH EAST REGION,2499597.585,2406734.055,2,1,0,0,1,1,2,0,0,0,2,0,0,0,0,0,0,0,0,1,No,0,2,0,2,0,0,MELB_URBAN,MELB_URBAN,STONNINGTON,METROPOLITAN SOUTH EAST REGION,,,Local Road,Local Road,Undivided,Undiv,Metro
3404009,T20130019842,ABS to receive accident,Finished,22/9/2013,14.00.00,No,Vehicle overturned (no collision),Sunday,OUT OF CONTROL ON CARRIAGEWAY (ON STRAIGHT),No,Day,No,Cross intersection,Other injury accident,80 km/hr,No,57354,145.07098,-37.67046,Intersection,WHITTLESEA,METROPOLITAN NORTH WEST REGION,2506261.679,2425597.049,1,1,0,0,1,0,1,0,0,0,0,0,0,1,0,0,0,0,0,0,No,0,1,0,0,1,0,MELB_URBAN,MELB_URBAN,WHITTLESEA,METROPOLITAN NORTH WEST REGION,C,C,Arterial Other,Arterial Other,Divided,Div,Metro
3404010,T20130019844,ABS to receive accident,Finished,14/9/2013,10.00.00,No,Collision with a fixed object,Saturday,LEFT OFF CARRIAGEWAY INTO OBJECT/PARKED VEHICLE,No,Day,No,Not at intersection,Other injury accident,Camping grounds or off road,Yes,264208,145.43257,-37.45468,Non-Intersection,MURRINDINDI,NORTH EASTERN REGION,2538268.399,2449458.865,1,1,0,0,1,0,1,0,0,0,0,0,0,1,0,0,0,0,0,0,No,0,1,0,0,1,0,RURAL_VICTORIA,RURAL_VICTORIA,"MURRINDINDI,MURRINDINDI",NORTH EASTERN REGION,,,Local Road,Local Road,Undivided,Undiv,Country
3404011,T20130019848,ABS to receive accident,Finished,26/9/2013,18.00.00,Yes,Collision with vehicle,Thursday,RIGHT REAR.,No,Day,Yes,T intersection,Other injury accident,60 km/hr,No,264366,143.89045,-37.5532,Intersection,BALLARAT,WESTERN REGION,2401969.865,2438041.866,4,3,0,0,3,1,1,3,0,2,2,0,0,0,0,0,0,0,0,1,No,0,2,0,2,0,0,LARGE_PROVINCIAL_CITIES,LARGE_PROVINCIAL_CITIES,BALLARAT,WESTERN REGION,,,Local Road,Local Road,Undivided,Undiv,Country
3404012,T20130019853,ABS to receive accident,Finished,24/9/2013,19.00.00,Yes,Collision with vehicle,Tuesday,RIGHT NEAR (INTERSECTIONS ONLY),No,Dark Street lights on,Yes,T intersection,Other injury accident,70 km/hr,No,49805,144.33393,-38.12028,Intersection,GEELONG,SOUTH WESTERN REGION,2441591.116,2375468.818,3,2,0,0,2,1,2,1,0,1,2,0,0,0,0,0,0,0,0,0,No,0,2,0,2,0,0,LARGE_PROVINCIAL_CITIES,LARGE_PROVINCIAL_CITIES,GEELONG,SOUTH WESTERN REGION,A,A,Arterial Highway,"Arterial Highway,Local Road",Divided,"Div,Undiv",Country
3404013,T20130019854,ABS to receive accident,Finished,26/9/2013,13.20.00,No,collision with some other object,Thursday,OTHER ACCIDENTS ON CURVE NOT INCLUDED IN DCAs 180-184,No,Day,Yes,Not at intersection,Serious injury accident,100 km/hr,No,263768,146.5645,-38.43199,Non-Intersection,WELLINGTON,EASTERN REGION,2636619.963,2339946.915,5,4,0,1,3,1,2,3,0,4,1,0,0,0,0,0,0,0,0,0,No,0,1,0,1,0,0,RURAL_VICTORIA,RURAL_VICTORIA,WELLINGTON,"EASTERN REGION,EASTERN REGION",,,Local Road,Local Road,Undivided,Undiv,Country
3404014,T20130019855,ABS to receive accident,Finished,26/9/2013,19.23.00,Yes,Collision with vehicle,Thursday,VEHICLE COLLIDES WITH VEHICLE PARKED ON LEFT OF ROAD,No,Dark Street lights on,Yes,Not at intersection,Other injury accident,60 km/hr,No,120878,145.19725,-37.98164,Non-Intersection,DANDENONG,METROPOLITAN SOUTH EAST REGION,2517328.922,2391043.855,2,1,0,0,1,1,1,1,0,1,1,0,0,0,0,0,0,0,0,0,No,0,2,0,2,0,0,MELB_URBAN,MELB_URBAN,DANDENONG,METROPOLITAN SOUTH EAST REGION,,,Local Road,Local Road,Undivided,Undiv,Metro
3404015,T20130019858,ABS to receive accident,Finished,26/9/2013,19.40.00,Yes,No collision and no object struck,Thursday,OFF CARRIAGEWAY TO RIGHT,No,Dusk/Dawn,Yes,Not at intersection,Serious injury accident,100 km/hr,Yes,263769,144.50169,-38.1796,Non-Intersection,GEELONG,SOUTH WESTERN REGION,2456336.8,2368974.394,2,2,0,2,0,0,0,2,0,1,1,0,0,0,0,0,0,0,0,1,No,0,1,0,1,0,0,RURAL_VICTORIA,RURAL_VICTORIA,GEELONG,SOUTH WESTERN REGION,C,C,Arterial Other,Arterial Other,Divided,Div,Country
3404016,T20130019860,ABS to receive accident,Finished,26/9/2013,10.45.00,No,Vehicle overturned (no collision),Thursday,OFF CARRIAGEWAY ON LEFT BEND,No,Day,Yes,T intersection,Other injury accident,100 km/hr,Yes,264369,141.71579,-37.53176,Intersection,SOUTHERN GRAMPIANS,SOUTH WESTERN REGION,2209804.184,2435986.38,1,1,0,0,1,0,0,1,0,0,1,0,0,0,0,0,0,0,0,1,No,0,1,0,1,0,0,RURAL_VICTORIA,RURAL_VICTORIA,SOUTHERN GRAMPIANS,SOUTH WESTERN REGION,C,C,Arterial Other,"Arterial Other,Local Road",Undivided,Undiv,Country
3404017,T20130019865,ABS to receive accident,Finished,26/9/2013,21.50.00,Yes,Collision with vehicle,Thursday,REAR END(VEHICLES IN SAME LANE),No,Dark Street lights on,Yes,Cross intersection,Other injury accident,80 km/hr,No,37164,144.94174,-37.64225,Intersection,HUME,METROPOLITAN NORTH WEST REGION,2494858.811,2428728.999,2,1,0,0,1,1,2,0,0,0,2,0,0,0,0,0,0,0,0,1,No,0,2,0,2,0,0,MELB_URBAN,MELB_URBAN,HUME,METROPOLITAN NORTH WEST REGION,,,Arterial Other,"Arterial Other,Local Road",Divided,"Div,Undiv",Metro
3404018,T20130019869,ABS to receive accident,Finished,27/9/2013,03.20.00,Yes,Collision with a fixed object,Friday,RIGHT OFF CARRIAGEWAY INTO OBJECT/PARKED VEHICLE,No,Dark Street lights on,Yes,Not at intersection,Serious injury accident,80 km/hr,Yes,265653,144.82447,-37.82575,Non-Intersection,HOBSONS BAY,METROPOLITAN NORTH WEST REGION,2484547.113,2408350.61,2,2,0,2,0,0,2,0,0,1,1,0,0,0,0,0,0,0,0,1,Yes,1,1,0,1,0,0,MELB_URBAN,MELB_URBAN,HOBSONS BAY,METROPOLITAN NORTH WEST REGION,M,M,Freeway,Freeway,Divided,Div,Metro
3404019,T20130020264,ABS to receive accident,Finished,1/10/2013,11.20.00,No,No collision and no object struck,Tuesday,OUT OF CONTROL ON CARRIAGEWAY (ON STRAIGHT),No,Day,Yes,T intersection,Other injury accident,80 km/hr,No,43574,145.07852,-38.20347,Non-Intersection,MORNINGTON PENINSULA,METROPOLITAN SOUTH EAST REGION,2506878.164,2366435.576,1,1,0,0,1,0,1,0,1,0,0,0,0,0,0,0,1,0,0,0,No,0,1,0,0,0,0,MELB_URBAN,MELB_URBAN,MORNINGTON PENINSULA,METROPOLITAN SOUTH EAST REGION,,,Arterial Highway,Arterial Highway,Divided,Div,Metro
3404020,T20130020266,ABS to receive accident,Finished,2/10/2013,07.15.00,No,Collision with vehicle,Wednesday,CROSS TRAFFIC(INTERSECTIONS ONLY),No,Day,Yes,Cross intersection,Serious injury accident,50 km/hr,No,52211,146.53837,-38.19332,Intersection,LATROBE,EASTERN REGION,2634766.531,2366476.218,2,1,0,1,0,1,1,1,1,0,1,0,0,0,0,0,0,0,0,0,No,0,2,0,1,0,0,SMALL_CITIES,SMALL_CITIES,LATROBE,"EASTERN REGION,EASTERN REGION",C,C,Arterial Other,"Arterial Other,Local Road",Divided,"Div,Undiv",Country