OBJECTID,ACCIDENT_NO,ABS_CODE,ACCIDENT_STATUS,ACCIDENT_DATE,ACCIDENT_TIME,ALCOHOLTIME,ACCIDENT_TYPE,DAY_OF_WEEK,DCA_CODE,HIT_RUN_FLAG,LIGHT_CONDITION,POLICE_ATTEND,ROAD_GEOMETRY,SEVERITY,SPEED_ZONE,RUN_OFFROAD,NODE_ID,LONGITUDE,LATITUDE,NODE_TYPE,LGA_NAME,REGION_NAME,VICGRID_X,VICGRID_Y,TOTAL_PERSONS,INJ_OR_FATAL,FATALITY,SERIOUSINJURY,OTHERINJURY,NONINJURED,MALES,FEMALES,BICYCLIST,PASSENGER,DRIVER,PEDESTRIAN,PILLION,MOTORIST,UNKNOWN,PED_CYCLIST_5_12,PED_CYCLIST_13_18,OLD_PEDESTRIAN,OLD_DRIVER,YOUNG_DRIVER,ALCOHOL_RELATED,UNLICENCSED,NO_OF_VEHICLES,HEAVYVEHICLE,PASSENGERVEHICLE,MOTORCYCLE,PUBLICVEHICLE,DEG_URBAN_NAME,DEG_URBAN_ALL,LGA_NAME_ALL,REGION_NAME_ALL,SRNS,SRNS_ALL,RMA,RMA_ALL,DIVIDED,DIVIDED_ALL,STAT_DIV_NAME
3404021,T20130020268,ABS to receive accident,Finished,2/10/2013,07.28.00,No,Collision with a fixed object,Wednesday,LEFT OFF CARRIAGEWAY INTO OBJECT/PARKED VEHICLE,No,Day,Yes,Not at intersection,Other injury accident,80 km/hr,Yes,263805,144.71357,-37.59803,Non-Intersection,HUME,METROPOLITAN NORTH WEST REGION,2474707.878,2433599.521,3,1,0,0,1,2,2,1,0,1,2,0,0,0,0,0,0,0,0,1,No,0,2,0,2,0,0,SMALL_CITIES,SMALL_CITIES,HUME,METROPOLITAN NORTH WEST REGION,C,C,Arterial Other,Arterial Other,Divided,Div,Metro
3404022,T20130020269,ABS to receive accident,Finished,2/10/2013,08.32.00,No,Collision with vehicle,Wednesday,LEFT NEAR (INTERSECTIONS ONLY),No,Day,Yes,T intersection,Other injury accident,50 km/hr,No,47740,144.95994,-37.80634,Intersection,MELBOURNE,METROPOLITAN NORTH WEST REGION,2496472.055,2410518.132,2,1,0,0,1,1,0,2,1,0,1,0,0,0,0,0,0,0,0,0,No,0,2,0,1,0,0,MELB_URBAN,MELB_URBAN,MELBOURNE,METROPOLITAN NORTH WEST REGION,,,Arterial Other,"Arterial Other,Local Road",Divided,"Div,Undiv",Metro
3404023,T20130020270,ABS to receive accident,Finished,2/10/2013,08.00.00,No,Collision with a fixed object,Wednesday,OFF RIGHT BEND INTO OBJECT/PARKED VEHICLE,No,Day,Yes,Not at intersection,Other injury accident,60 km/hr,Yes,264477,145.34748,-37.87734,Non-Intersection,YARRA RANGES,METROPOLITAN SOUTH EAST REGION,2530569.798,2402582.858,1,1,0,0,1,0,1,0,0,0,1,0,0,0,0,0,0,0,0,0,No,0,1,0,1,0,0,MELB_URBAN,MELB_URBAN,YARRA RANGES,METROPOLITAN SOUTH EAST REGION,,,Local Road,Local Road,Undivided,Undiv,Metro
3404024,T20130020273,ABS to receive accident,Finished,1/10/2013,08.20.00,No,Vehicle overturned (no collision),Tuesday,OFF CARRIAGEWAY TO LEFT,No,Day,Yes,Not at intersection,Serious injury accident,100 km/hr,Yes,263817,145.44963,-37.211,Non-Intersection,MURRINDINDI,NORTH EASTERN REGION,2539905.685,2476492.121,2,2,0,1,1,0,2,0,0,1,1,0,0,0,0,0,0,0,0,0,No,0,1,0,1,0,0,RURAL_VICTORIA,RURAL_VICTORIA,"MURRINDINDI,MURRINDINDI",NORTH EASTERN REGION,B,B,Arterial Highway,Arterial Highway,Undivided,Undiv,Country
3404025,T20130020275,ABS to receive accident,Finished,2/10/2013,09.45.00,No,Collision with a fixed object,Wednesday,RIGHT OFF CARRIAGEWAY INTO OBJECT/PARKED VEHICLE,No,Day,Yes,Not at intersection,Other injury accident,110 km/hr,Yes,264478,146.05805,-38.203,Non-Intersection,BAW BAW,EASTERN REGION,2592678.777,2365975.478,4,2,0,0,2,2,3,1,0,2,2,0,0,0,0,0,0,0,0,1,No,0,2,0,2,0,0,RURAL_VICTORIA,RURAL_VICTORIA,BAW BAW,"EASTERN REGION,EASTERN REGION",M,M,Arterial Highway,Arterial Highway,Divided,Div,Country
3404026,T20130020276,ABS to receive accident,Finished,25/9/2013,09.30.00,No,Collision with vehicle,Wednesday,REAR END(VEHICLES IN SAME LANE),No,Day,No,Multiple intersection,Other injury accident,50 km/hr,No,35722,144.941,-37.78847,Intersection,MELBOURNE,METROPOLITAN NORTH WEST REGION,2494803.549,2412500.901,3,1,0,0,1,2,3,0,0,1,2,0,0,0,0,0,0,0,0,0,No,0,2,0,2,0,0,MELB_URBAN,MELB_URBAN,MELBOURNE,METROPOLITAN NORTH WEST REGION,M,M,Freeway,"Freeway,Local Road,Arterial Other",Divided,"Div,Undiv",Metro
3404027,T20130020278,ABS to receive accident,Finished,7/9/2013,10.15.00,No,Collision with vehicle,Saturday,LANE SIDE SWIPE (VEHICLES IN PARALLEL LANES),No,Unk.,No,T intersection,Other injury accident,Not known,No,42243,145.0591,-37.94725,Intersection,KINGSTON,METROPOLITAN SOUTH EAST REGION,2505194.346,2394877.768,2,1,0,0,1,1,2,0,0,0,2,0,0,0,0,0,0,0,0,0,No,0,2,1,1,0,0,MELB_URBAN,MELB_URBAN,KINGSTON,METROPOLITAN SOUTH EAST REGION,,,Arterial Other,Arterial Other,Undivided,Undiv,Metro
3404028,T20130020280,ABS to receive accident,Finished,2/10/2013,09.48.00,No,Collision with vehicle,Wednesday,HEAD ON (NOT OVERTAKING),No,Day,Yes,Not at intersection,Other injury accident,60 km/hr,No,264479,145.0866,-37.98386,Non-Intersection,KINGSTON,METROPOLITAN SOUTH EAST REGION,2507607.954,2390812.431,2,1,0,0,1,1,2,0,0,0,2,0,0,0,0,0,0,0,0,0,No,0,2,0,2,0,0,MELB_URBAN,MELB_URBAN,KINGSTON,METROPOLITAN SOUTH EAST REGION,,,Arterial Highway,Arterial Highway,Undivided,Undiv,Metro
3404029,T20130020281,ABS to receive accident,Finished,29/9/2013,12.00.00,No,collision with some other object,Sunday,STRUCK OBJECT ON CARRIAGEWAY,No,Day,No,Not at intersection,Serious injury accident,Camping grounds or off road,No,263790,147.58388,-37.34828,Non-Intersection,EAST GIPPSLAND,EASTERN REGION,2728883.369,2458246.561,1,1,0,1,0,0,1,0,0,0,0,0,0,1,0,0,0,0,0,0,No,0,1,0,0,1,0,RURAL_VICTORIA,RURAL_VICTORIA,EAST GIPPSLAND,"EASTERN REGION,EASTERN REGION",,,Local Road,Local Road,Undivided,Undiv,Country
3404030,T20130020286,ABS to receive accident,Finished,2/10/2013,10.15.00,No,Collision with vehicle,Tuesday,RIGHT NEAR (INTERSECTIONS ONLY),No,Day,Yes,Cross intersection,Serious injury accident,80 km/hr,No,278630,145.19063,-38.00105,Intersection,DANDENONG,METROPOLITAN SOUTH EAST REGION,2516743.062,2388890.431,2,2,0,2,0,0,0,2,0,0,2,0,0,0,0,0,0,0,0,1,No,0,2,0,2,0,0,MELB_URBAN,MELB_URBAN,DANDENONG,METROPOLITAN SOUTH EAST REGION,M,M,Freeway,"Freeway,Arterial Highway",Divided,"Div,Undiv",Metro
3404031,T20130020288,ABS to receive accident,Finished,1/10/2013,03.20.00,Yes,collision with some other object,Tuesday,STRUCK OBJECT ON CARRIAGEWAY,No,Dark No street lights,Yes,Not at intersection,Serious injury accident,100 km/hr,No,263801,143.74049,-37.87777,Non-Intersection,GOLDEN PLAINS,SOUTH WESTERN REGION,2389197.954,2401857.852,1,1,0,1,0,0,0,1,0,0,1,0,0,0,0,0,0,0,0,1,No,0,1,0,1,0,0,RURAL_VICTORIA,RURAL_VICTORIA,GOLDEN PLAINS,SOUTH WESTERN REGION,C,C,Arterial Other,Arterial Other,Undivided,Undiv,Country
3404032,T20130019021,ABS to receive accident,Finished,15/9/2013,21.00.00,Yes,No collision and no object struck,Sunday,OUT OF CONTROL ON CARRIAGEWAY (ON STRAIGHT),No,Dark Street lights on,Yes,Not at intersection,Other injury accident,60 km/hr,No,41232,145.01481,-37.88675,Intersection,GLEN EIRA,METROPOLITAN SOUTH EAST REGION,2501302.796,2401593.671,1,1,0,0,1,0,1,0,0,0,0,0,0,1,0,0,0,0,0,0,No,0,1,0,0,1,0,MELB_URBAN,MELB_URBAN,GLEN EIRA,METROPOLITAN SOUTH EAST REGION,,,Local Road,Local Road,Undivided,Undiv,Metro
3404033,T20130019024,ABS to receive accident,Finished,15/9/2013,21.00.00,Yes,Collision with vehicle,Sunday,RIGHT THROUGH,No,Dark Street lights on,Yes,Not at intersection,Serious injury accident,80 km/hr,No,263525,145.27353,-38.00537,Non-Intersection,CASEY,METROPOLITAN SOUTH EAST REGION,2524023.069,2388393.632,3,2,0,2,0,1,2,1,0,0,1,0,1,1,0,0,0,0,0,0,No,0,2,0,1,1,0,MELB_URBAN,MELB_URBAN,CASEY,METROPOLITAN SOUTH EAST REGION,,,Arterial Other,Arterial Other,Divided,Div,Metro
3404034,T20130019032,ABS to receive accident,Finished,9/9/2013,13.30.00,No,Struck Pedestrian,Monday,PED NEAR SIDE. PED HIT BY VEHICLE FROM THE RIGHT.,No,Day,Yes,T intersection,Other injury accident,60 km/hr,No,44634,145.06639,-37.74211,Intersection,BANYULE,METROPOLITAN NORTH WEST REGION,2505851.089,2417645.931,2,2,0,0,2,0,1,1,0,0,1,1,0,0,0,0,0,0,0,1,No,0,1,0,1,0,0,MELB_URBAN,MELB_URBAN,BANYULE,METROPOLITAN NORTH WEST REGION,,,Arterial Other,"Arterial Other,Local Road",Undivided,Undiv,Metro
3404035,T20130019033,ABS to receive accident,Finished,16/9/2013,04.48.00,Yes,Collision with a fixed object,Monday,LEFT OFF CARRIAGEWAY INTO OBJECT/PARKED VEHICLE,No,Dark Street lights on,No,Not at intersection,Serious injury accident,60 km/hr,Yes,264808,145.05083,-37.64702,Non-Intersection,WHITTLESEA,METROPOLITAN NORTH WEST REGION,2504485.372,2428199.029,3,2,0,1,1,1,2,1,0,2,1,0,0,0,0,0,0,0,0,0,No,0,1,0,1,0,0,MELB_URBAN,MELB_URBAN,WHITTLESEA,METROPOLITAN NORTH WEST REGION,,,Arterial Other,Arterial Other,Undivided,Undiv,Metro
3404036,T20130019035,ABS to receive accident,Finished,11/9/2013,08.29.00,No,Collision with vehicle,Wednesday,REAR END(VEHICLES IN SAME LANE),No,Day,No,T intersection,Other injury accident,50 km/hr,No,37365,145.01718,-37.82724,Intersection,YARRA,METROPOLITAN NORTH WEST REGION,2501512.431,2408199.359,2,1,0,0,1,1,1,1,0,0,2,0,0,0,0,0,0,0,0,0,No,0,2,0,2,0,0,MELB_URBAN,MELB_URBAN,YARRA,METROPOLITAN NORTH WEST REGION,,,Arterial Other,Arterial Other,Undivided,Undiv,Metro
3404037,T20130019036,ABS to receive accident,Finished,16/9/2013,07.15.00,No,Collision with vehicle,Monday,RIGHT THROUGH,No,Day,Yes,Cross intersection,Other injury accident,60 km/hr,No,41800,145.16414,-37.88889,Intersection,MONASH,METROPOLITAN SOUTH EAST REGION,2514438.061,2401344.674,2,1,0,0,1,1,2,0,0,0,2,0,0,0,0,0,0,0,0,1,No,0,2,0,2,0,0,MELB_URBAN,MELB_URBAN,MONASH,METROPOLITAN SOUTH EAST REGION,,,Arterial Highway,"Arterial Highway,Arterial Other",Divided,Div,Metro
3404038,T20130019037,ABS to receive accident,Finished,15/9/2013,12.20.00,No,Collision with vehicle,Sunday,HEAD ON (NOT OVERTAKING),Yes,Day,Yes,Not at intersection,Serious injury accident,60 km/hr,No,263526,147.07318,-38.09414,Non-Intersection,WELLINGTON,EASTERN REGION,2681850.535,2376594.416,4,1,0,1,0,3,2,2,0,2,2,0,0,0,0,0,0,0,0,1,No,1,2,0,2,0,0,SMALL_CITIES,SMALL_CITIES,WELLINGTON,"EASTERN REGION,EASTERN REGION",,,Local Road,Local Road,Undivided,Undiv,Country
3404039,T20130019038,ABS to receive accident,Finished,16/9/2013,07.00.00,No,Collision with vehicle,Monday,LEFT NEAR (INTERSECTIONS ONLY),No,Day,Yes,Cross intersection,Other injury accident,50 km/hr,No,36091,144.9437,-37.80779,Intersection,MELBOURNE,METROPOLITAN NORTH WEST REGION,2495042.642,2410356.033,5,1,0,0,1,4,5,0,0,3,2,0,0,0,0,0,0,0,0,0,No,0,2,0,2,0,0,MELB_URBAN,MELB_URBAN,MELBOURNE,METROPOLITAN NORTH WEST REGION,,,Local Road,Local Road,Divided,"Div,Undiv",Metro
3404040,T20130019039,ABS to receive accident,Finished,13/9/2013,12.45.00,No,Collision with vehicle,Friday,VEHICLE OFF FOOTPATH STRIKES VEH ON CARRIAGEWAY,Yes,Day,No,Cross intersection,Other injury accident,50 km/hr,No,29991,142.19713,-36.71666,Intersection,HORSHAM,WESTERN REGION,2249660.442,2527753.603,2,1,0,0,1,1,0,2,1,0,1,0,0,0,0,0,0,0,0,0,No,0,2,0,1,0,0,SMALL_CITIES,SMALL_CITIES,HORSHAM,WESTERN REGION,B,B,Arterial Highway,"Arterial Highway,Local Road",Undivided,Undiv,Country
3404041,T20130019040,ABS to receive accident,Finished,16/9/2013,07.55.00,No,Collision with vehicle,Monday,RIGHT THROUGH,No,Day,Yes,Cross intersection,Serious injury accident,60 km/hr,No,38804,144.90333,-37.80712,Intersection,MARIBYRNONG,METROPOLITAN NORTH WEST REGION,2491487.619,2410428.422,3,1,0,1,0,2,2,1,0,0,2,0,0,1,0,0,0,0,0,0,No,0,3,0,2,1,0,MELB_URBAN,MELB_URBAN,MARIBYRNONG,METROPOLITAN NORTH WEST REGION,,,Arterial Highway,"Arterial Highway,Local Road",Divided,"Div,Undiv",Metro
3404042,T20130019041,ABS to receive accident,Finished,15/9/2013,22.45.00,Yes,Collision with vehicle,Sunday,RIGHT NEAR (INTERSECTIONS ONLY),No,Dark Street lights on,Yes,T intersection,Serious injury accident,70 km/hr,No,64073,145.12856,-37.77148,Intersection,MANNINGHAM,METROPOLITAN SOUTH EAST REGION,2511326.291,2414379.744,2,1,0,1,0,1,1,1,0,0,1,0,0,1,0,0,0,0,0,0,No,0,2,0,1,1,0,MELB_URBAN,MELB_URBAN,MANNINGHAM,METROPOLITAN SOUTH EAST REGION,,,Arterial Other,"Arterial Other,Local Road",Divided,"Div,Undiv",Metro
3404043,T20130019046,ABS to receive accident,Finished,16/9/2013,08.00.00,No,Collision with vehicle,Monday,VEHICLE OFF FOOTPATH STRIKES VEH ON CARRIAGEWAY,No,Day,Yes,Not at intersection,Serious injury accident,50 km/hr,No,263749,144.98579,-37.78103,Non-Intersection,YARRA,METROPOLITAN NORTH WEST REGION,2498748.582,2413327.586,2,1,0,1,0,1,0,2,1,0,1,0,0,0,0,0,0,0,0,1,No,0,2,0,1,0,0,MELB_URBAN,MELB_URBAN,YARRA,METROPOLITAN NORTH WEST REGION,,,Arterial Other,Arterial Other,Undivided,Undiv,Metro
3404044,T20130019047,ABS to receive accident,Finished,16/9/2013,08.30.00,No,Collision with vehicle,Monday,REAR END(VEHICLES IN SAME LANE),No,Day,Yes,T intersection,Other injury accident,60 km/hr,No,1300,144.9025,-37.77022,Intersection,MOONEE VALLEY,METROPOLITAN NORTH WEST REGION,2491410.657,2414522.862,2,2,0,0,2,0,0,2,1,0,1,0,0,0,0,0,0,0,0,0,No,0,2,0,1,0,0,MELB_URBAN,MELB_URBAN,MOONEE VALLEY,METROPOLITAN NORTH WEST REGION,,,Arterial Other,"Arterial Other,Local Road",Undivided,Undiv,Metro
3404045,T20130019432,ABS to receive accident,Finished,15/9/2013,18.33.00,Yes,Collision with vehicle,Sunday,RIGHT TURN SIDESWIPE,No,Dusk/Dawn,Yes,Cross intersection,Other injury accident,60 km/hr,No,57417,144.9916,-37.76845,Intersection,DAREBIN,METROPOLITAN NORTH WEST REGION,2499260.078,2414723.989,2,1,0,0,1,1,2,0,0,0,1,0,0,0,1,0,0,0,0,0,No,0,2,0,1,0,0,MELB_URBAN,MELB_URBAN,DAREBIN,METROPOLITAN NORTH WEST REGION,,,Arterial Highway,"Arterial Highway,Local Road",Divided,"Div,Undiv",Metro
3404046,T20130019433,ABS to receive accident,Finished,18/9/2013,17.00.00,No,Struck Pedestrian,Wednesday,FAR SIDE. PED HIT BY VEHICLE FROM THE LEFT,No,Dark Street lights on,No,Cross intersection,Other injury accident,Not known,No,38744,144.89239,-37.80326,Intersection,MARIBYRNONG,METROPOLITAN NORTH WEST REGION,2490523.955,2410855.418,2,1,0,0,1,1,0,1,0,0,0,1,0,0,1,0,0,0,0,0,No,0,1,0,0,0,0,MELB_URBAN,MELB_URBAN,MARIBYRNONG,METROPOLITAN NORTH WEST REGION,,,Arterial Other,"Arterial Other,Local Road",Undivided,Undiv,Metro
3404047,T20130019435,ABS to receive accident,Finished,20/9/2013,11.35.00,No,Collision with a fixed object,Friday,LEFT OFF CARRIAGEWAY INTO OBJECT/PARKED VEHICLE,No,Day,Yes,Not at intersection,Other injury accident,100 km/hr,Yes,264247,147.16619,-37.97875,Non-Intersection,WELLINGTON,EASTERN REGION,2690299.167,2389217.93,3,1,0,0,1,2,2,1,0,2,1,0,0,0,0,0,0,0,0,0,No,0,1,0,1,0,0,RURAL_VICTORIA,RURAL_VICTORIA,WELLINGTON,"EASTERN REGION,EASTERN REGION",C,C,Arterial Other,Arterial Other,Undivided,Undiv,Country
3404048,T20130019436,ABS to receive accident,Finished,21/9/2013,04.10.00,Yes,Collision with a fixed object,Saturday,LEFT OFF CARRIAGEWAY INTO OBJECT/PARKED VEHICLE,Yes,Dark Street lights on,Yes,Not at intersection,Serious injury accident,50 km/hr,Yes,264109,144.91488,-37.65831,Non-Intersection,HUME,METROPOLITAN NORTH WEST REGION,2492489.975,2426944.298,2,1,0,1,0,1,1,0,0,0,1,0,0,1,0,0,0,0,0,0,No,0,2,0,1,1,0,MELB_URBAN,MELB_URBAN,HUME,METROPOLITAN NORTH WEST REGION,,,Local Road,Local Road,Undivided,Undiv,Metro
3404049,T20130019437,ABS to receive accident,Finished,27/8/2013,15.30.00,No,Struck Pedestrian,Tuesday,PED NEAR SIDE. PED HIT BY VEHICLE FROM THE RIGHT.,Yes,Day,No,Not at intersection,Other injury accident,60 km/hr,No,264032,144.98621,-37.81649,Non-Intersection,MELBOURNE,METROPOLITAN NORTH WEST REGION,2498785.774,2409391.749,2,1,0,0,1,1,1,0,0,0,1,1,0,0,0,0,0,1,0,0,No,0,1,0,1,0,0,MELB_URBAN,MELB_URBAN,MELBOURNE,METROPOLITAN NORTH WEST REGION,,,Arterial Other,Arterial Other,Undivided,Undiv,Metro
3404050,T20130019438,ABS to receive accident,Finished,18/9/2013,08.15.00,No,Collision with vehicle,Wednesday,LANE CHANGE LEFT (NOT OVERTAKING),No,Day,No,Cross intersection,Other injury accident,60 km/hr,No,40203,145.00917,-37.8676,Intersection,PORT PHILLIP,METROPOLITAN NORTH WEST REGION,2500806.485,2403720.07,2,1,0,0,1,1,2,0,1,0,1,0,0,0,0,0,0,0,0,0,No,0,2,0,1,0,0,MELB_URBAN,MELB_URBAN,"PORT PHILLIP,GLEN EIRA","METROPOLITAN NORTH WEST REGION,METROPOLITAN SOUTH EAST REGION",,,Local Road,Local Road,Undivided,Undiv,Metro
3404051,T20130019440,ABS to receive accident,Finished,20/9/2013,12.55.00,No,Vehicle overturned (no collision),Friday,OFF CARRIAGEWAY TO LEFT,No,Day,Yes,Cross intersection,Other injury accident,100 km/hr,Yes,72983,147.05898,-38.21963,Intersection,WELLINGTON,EASTERN REGION,2680304.259,2362695.182,1,1,0,0,1,0,1,0,0,0,1,0,0,0,0,0,0,0,0,0,No,0,1,0,1,0,0,RURAL_VICTORIA,RURAL_VICTORIA,WELLINGTON,"EASTERN REGION,EASTERN REGION",A,A,Arterial Highway,"Arterial Highway,Local Road",Undivided,Undiv,Country
3404052,T20130019441,ABS to receive accident,Finished,21/9/2013,09.30.00,No,Collision with vehicle,Saturday,RIGHT THROUGH,No,Day,Yes,T intersection,Serious injury accident,70 km/hr,No,35886,144.67167,-37.87639,Intersection,WYNDHAM,METROPOLITAN NORTH WEST REGION,2471114.966,2402694.73,4,2,0,1,1,2,3,1,0,2,2,0,0,0,0,0,0,0,0,1,No,0,2,0,2,0,0,MELB_URBAN,MELB_URBAN,WYNDHAM,METROPOLITAN NORTH WEST REGION,C,C,Arterial Other,"Arterial Other,Local Road",Divided,"Div,Undiv",Metro
3404053,T20130019442,ABS to receive accident,Finished,21/9/2013,10.35.00,No,Collision with vehicle,Saturday,RIGHT THROUGH,No,Day,Yes,T intersection,Other injury accident,50 km/hr,No,47029,144.95031,-37.81795,Intersection,MELBOURNE,METROPOLITAN NORTH WEST REGION,2495625.118,2409228.6,2,1,0,0,1,1,0,2,0,0,2,0,0,0,0,0,0,0,0,0,No,0,2,0,2,0,0,MELB_URBAN,MELB_URBAN,MELBOURNE,METROPOLITAN NORTH WEST REGION,,,Arterial Highway,"Arterial Highway,Local Road",Divided,"Div,Undiv",Metro
3404054,T20130019444,ABS to receive accident,Finished,20/9/2013,08.00.00,No,Collision with vehicle,Friday,REAR END(VEHICLES IN SAME LANE),No,Day,No,Not at intersection,Other injury accident,80 km/hr,No,129886,145.15596,-37.93233,Non-Intersection,MONASH,METROPOLITAN SOUTH EAST REGION,2513710.655,2396523.976,2,1,0,0,1,1,2,0,0,0,2,0,0,0,0,0,0,0,0,0,No,0,2,0,2,0,0,MELB_URBAN,MELB_URBAN,MONASH,METROPOLITAN SOUTH EAST REGION,,,Arterial Highway,Arterial Highway,Divided,Div,Metro
3404055,T20130019446,ABS to receive accident,Finished,21/9/2013,10.20.00,No,Collision with vehicle,Saturday,CROSS TRAFFIC(INTERSECTIONS ONLY),No,Day,Yes,Cross intersection,Serious injury accident,60 km/hr,No,29717,145.22103,-37.98362,Intersection,DANDENONG,METROPOLITAN SOUTH EAST REGION,2519417.781,2390819.869,7,3,0,2,1,4,3,4,0,5,2,0,0,0,0,0,0,0,0,0,No,0,2,0,2,0,0,MELB_URBAN,MELB_URBAN,DANDENONG,METROPOLITAN SOUTH EAST REGION,,,Arterial Highway,"Arterial Highway,Local Road",Undivided,Undiv,Metro
3404056,T20130019449,ABS to receive accident,Finished,21/9/2013,11.00.00,No,Collision with vehicle,Saturday,LEFT NEAR (INTERSECTIONS ONLY),No,Day,Yes,T intersection,Other injury accident,50 km/hr,No,29900,144.73996,-37.69155,Intersection,MELTON,METROPOLITAN NORTH WEST REGION,2477066.563,2423227.396,2,1,0,0,1,1,1,1,0,0,2,0,0,0,0,0,0,0,0,1,No,0,2,0,2,0,0,MELB_URBAN,MELB_URBAN,MELTON,METROPOLITAN NORTH WEST REGION,,,,,,,Metro
3404057,T20130019450,ABS to receive accident,Finished,21/9/2013,05.55.00,Yes,Collision with a fixed object,Saturday,OFF RIGHT BEND INTO OBJECT/PARKED VEHICLE,No,Dark Street lights on,Yes,Not at intersection,Fatal accident,60 km/hr,Yes,263514,142.22835,-38.38466,Non-Intersection,MOYNE,SOUTH WESTERN REGION,2257836.426,2342798.856,1,1,1,0,0,0,1,0,0,0,1,0,0,0,0,0,0,0,0,1,Yes,0,1,0,1,0,0,TOWNS,TOWNS,MOYNE,SOUTH WESTERN REGION,A,A,Arterial Highway,Arterial Highway,Undivided,Undiv,Country
3404058,T20130019871,ABS to receive accident,Finished,26/9/2013,16.45.00,No,Collision with vehicle,Thursday,RIGHT NEAR (INTERSECTIONS ONLY),No,Day,Yes,T intersection,Other injury accident,60 km/hr,No,36892,145.114,-38.01794,Intersection,KINGSTON,METROPOLITAN SOUTH EAST REGION,2510010.773,2387027.14,2,1,0,0,1,1,1,1,0,0,2,0,0,0,0,0,0,0,0,1,No,0,2,0,2,0,0,MELB_URBAN,MELB_URBAN,KINGSTON,METROPOLITAN SOUTH EAST REGION,,,Arterial Other,"Arterial Other,Local Road",Divided,"Div,Undiv",Metro
3404059,T20130019873,ABS to receive accident,Finished,25/9/2013,13.15.00,No,Vehicle overturned (no collision),Wednesday,OUT OF CONTROL ON CARRIAGEWAY (ON STRAIGHT),No,Day,Yes,Not at intersection,Other injury accident,100 km/hr,No,264340,146.68042,-38.06953,Non-Intersection,WELLINGTON,EASTERN REGION,2647451.527,2380005.055,1,1,0,0,1,0,1,0,0,0,1,0,0,0,0,0,0,0,0,0,No,0,1,0,1,0,0,RURAL_VICTORIA,RURAL_VICTORIA,WELLINGTON,"EASTERN REGION,EASTERN REGION",,,Local Road,Local Road,Undivided,Undiv,Country
3404060,T20130019877,ABS to receive accident,Finished,27/9/2013,08.10.00,No,Collision with vehicle,Friday,REAR END(VEHICLES IN SAME LANE),No,Day,Yes,Not at intersection,Serious injury accident,100 km/hr,No,263770,145.17067,-37.80375,Non-Intersection,WHITEHORSE,METROPOLITAN SOUTH EAST REGION,2515029.34,2410792.556,4,1,0,1,0,3,4,0,0,2,1,0,0,1,0,0,0,0,0,0,No,0,2,0,1,1,0,MELB_URBAN,MELB_URBAN,WHITEHORSE,METROPOLITAN SOUTH EAST REGION,M,M,Freeway,Freeway,Divided,Div,Metro
3404061,T20130019879,ABS to receive accident,Finished,27/9/2013,07.50.00,No,Collision with vehicle,Friday,RIGHT THROUGH,No,Day,Yes,T intersection,Other injury accident,60 km/hr,No,47029,144.95031,-37.81795,Intersection,MELBOURNE,METROPOLITAN NORTH WEST REGION,2495625.118,2409228.6,3,1,0,0,1,2,3,0,0,0,2,0,0,1,0,0,0,0,0,1,No,0,3,0,2,1,0,MELB_URBAN,MELB_URBAN,MELBOURNE,METROPOLITAN NORTH WEST REGION,,,Arterial Highway,"Arterial Highway,Local Road",Divided,"Div,Undiv",Metro
3404062,T20130019881,ABS to receive accident,Finished,24/9/2013,18.00.00,Yes,Struck Pedestrian,Tuesday,ANY MANOEUVRE INVOLVING PED NOT INCLUDED IN DCAs 100-108.,No,Dusk/Dawn,No,Cross intersection,Other injury accident,70 km/hr,No,44345,144.66445,-37.8756,Intersection,WYNDHAM,METROPOLITAN NORTH WEST REGION,2470479.502,2402779.851,2,1,0,0,1,1,2,0,0,0,1,1,0,0,0,0,0,0,0,0,No,0,1,0,1,0,0,MELB_URBAN,MELB_URBAN,WYNDHAM,METROPOLITAN NORTH WEST REGION,C,C,Arterial Other,"Arterial Other,Local Road",Divided,"Div,Undiv",Metro
3404063,T20130019888,ABS to receive accident,Finished,4/9/2013,09.45.00,No,Collision with vehicle,Wednesday,REAR END(VEHICLES IN SAME LANE),No,Day,No,Cross intersection,Other injury accident,60 km/hr,No,38820,144.92296,-37.78918,Intersection,MELBOURNE,METROPOLITAN NORTH WEST REGION,2493214.242,2412420.275,2,1,0,0,1,1,1,1,0,0,2,0,0,0,0,0,0,0,0,0,No,0,2,0,2,0,0,MELB_URBAN,MELB_URBAN,MELBOURNE,METROPOLITAN NORTH WEST REGION,,,Arterial Highway,"Arterial Highway,Local Road,Arterial Other",Undivided,Undiv,Metro
3404064,T20130019896,ABS to receive accident,Finished,21/9/2013,17.00.00,Yes,Collision with vehicle,Saturday,REAR END(VEHICLES IN SAME LANE),No,Day,No,Not at intersection,Other injury accident,60 km/hr,No,264251,145.15948,-37.67429,Non-Intersection,NILLUMBIK,METROPOLITAN NORTH WEST REGION,2514068.102,2425162.664,3,1,0,0,1,2,1,2,0,0,3,0,0,0,0,0,0,0,0,1,No,0,3,0,3,0,0,MELB_URBAN,MELB_URBAN,NILLUMBIK,METROPOLITAN NORTH WEST REGION,,,Arterial Other,Arterial Other,Undivided,Undiv,Me